,T Crawl [F],HR Crawl [lb/lb],RH_crawl [%]
0,46.64,0.003936937160672026,48.98458718914691
1,46.64,0.003936237433473423,48.975935721795764
2,46.64,0.0039350346357498915,48.961064216318235
3,46.64,0.003933894076704115,48.946962182974
4,46.64,0.003932716878655013,48.932407085910626
5,46.64,0.003931335614455895,48.91532880695264
6,46.64,0.00392994399062559,48.89812236282018
7,46.64,0.003928261911201117,48.87732453861495
8,46.64,0.003926433267881568,48.85471441980969
9,46.64,0.003925551162403318,48.843807647651474
10,46.64,0.003925248007020732,48.840059283051545
11,46.64,0.003925024802996081,48.83729947466202
12,46.64,0.003924629546623492,48.83241231847067
13,46.64,0.003925413746578566,48.84210857019433
14,46.64,0.003925662382707855,48.84518283014947
15,46.64,0.003925636944421439,48.84486829871919
16,46.64,0.00392597238592051,48.84901585962393
17,46.64,0.003925962739814445,48.848896590566035
18,46.64,0.003925795650891522,48.84683062281548
19,46.64,0.003925538768982161,48.84365440927201
20,46.64,0.003925118498017993,48.83845796793489
21,46.64,0.003925017656742859,48.837211114710236
22,46.64,0.003924655203616956,48.83272955512313
23,46.64,0.003924394149837941,48.82950174675843
24,46.64,0.0039241913993459925,48.82699482951974
25,46.64,0.003924061425722336,48.825387764166635
26,46.64,0.003923691955208332,48.82081942392054
27,46.64,0.0039231728154420055,48.81440048014783
28,46.64,0.00392281287222837,48.80994992820636
29,46.64,0.003922149748423614,48.80175065774049
30,46.64,0.003921490505358732,48.793599353906124
31,46.64,0.003920817134724532,48.78527335002085
32,46.64,0.003920249472022688,48.778254375635925
33,46.64,0.003919827423474811,48.773035867142
34,46.64,0.003919464182517712,48.7685444919011
35,46.64,0.003919250684625194,48.765904646329375
36,46.64,0.003918739652176817,48.7595858565199
37,46.64,0.003918558084859854,48.75734081907575
38,46.64,0.003918198483863524,48.752894432945894
39,46.64,0.003917874334506687,48.748886394054026
40,46.64,0.003917804890015136,48.74802772692377
41,46.64,0.003917706036167346,48.74680541870719
42,46.64,0.003917667632301309,48.746330562418336
43,46.64,0.003917903102546607,48.749242105008946
44,46.64,0.003918285355875958,48.75396858647556
45,46.64,0.003918590204948598,48.75773797656182
46,46.64,0.003918692092807783,48.75899779616175
47,46.64,0.0039187347458225314,48.759525190612834
48,46.64,0.003918744879891596,48.75965049597219
49,46.64,0.0039188218484474445,48.76060219376959
50,46.64,0.003918829433388395,48.76069597973896
51,46.64,0.003918680814114924,48.758858337777
52,46.64,0.0039184070169010566,48.755472898075226
53,46.64,0.00391807815136643,48.75140654731208
54,46.64,0.003917495485605889,48.74420200149824
55,46.64,0.003916838723568916,48.73608125393595
56,46.64,0.00391635116283974,48.730052639888086
57,46.64,0.003916190766940258,48.72806936700313
58,46.64,0.003915953426250054,48.72513468066742
59,46.64,0.003915689929322989,48.72187657330493
60,46.64,0.003915350779276851,48.717683020315086
61,46.64,0.003915595747795518,48.720712029540245
62,46.64,0.003915534320004318,48.71995248177194
63,46.64,0.003915574635046443,48.72045097277592
64,46.64,0.003915447552311835,48.718879608704135
65,46.64,0.003916041032051623,48.7262179151102
66,46.64,0.003916707086210561,48.73445357900438
67,46.64,0.003917216920541881,48.74075759535088
68,46.64,0.003917725021012508,48.747040162581214
69,46.64,0.003918246436233915,48.7534873536078
70,46.64,0.003918698752516694,48.7590801418939
71,46.64,0.003919101375696264,48.76405847942489
72,46.64,0.003919122675799741,48.764321849837
73,46.64,0.003919041532375976,48.76331853175342
74,46.64,0.00391895901999473,48.76229828658716
75,46.64,0.003918695067805587,48.75903458130913
76,46.64,0.003918226256767822,48.75323783889634
77,46.64,0.003917341065816075,48.74229262937472
78,46.64,0.003916252244116263,48.72882952381437
79,46.64,0.003915314142552031,48.71723001097333
80,46.64,0.003914385721813974,48.70575016614518
81,46.64,0.00391312284714516,48.69013477174363
82,46.64,0.003912204518333956,48.67877963341628
83,46.64,0.0039113184544914805,48.66782341993027
84,46.64,0.003910298711128748,48.65521421563913
85,46.64,0.003911149918339814,48.665739460422245
86,46.64,0.003912136118135579,48.67793386343798
87,46.64,0.003912579226847948,48.68341290926767
88,46.64,0.003912903519751548,48.687422790935116
89,46.64,0.0039135424861771705,48.695323598459176
90,46.64,0.0039138873032245865,48.69958724789526
91,46.64,0.0039139430036231534,48.70027598072544
92,46.64,0.003913913848376977,48.69991547748169
93,46.64,0.003913942450060314,48.70026913594735
94,46.64,0.0039140821492482545,48.701996509353826
95,46.64,0.003914281963009691,48.704467195086536
96,46.64,0.00391467552077247,48.70933350970182
97,46.64,0.0039155021818922,48.7195550975504
98,46.64,0.003917402437372907,48.74305147743011
99,46.64,0.003919318043887836,48.76673752617949
100,46.64,0.003921053467004838,48.78819552208798
101,46.64,0.003922817154729369,48.810002879625486
102,46.64,0.003924638892842101,48.83252788006935
103,46.64,0.003926189450550164,48.85169974930215
104,46.64,0.003927820774262818,48.871870147173034
105,46.64,0.003929479559708505,48.89237998607124
106,46.64,0.003930678749385599,48.907207144604
107,46.64,0.003931296195715534,48.91484142316856
108,46.64,0.003931705970094445,48.91990797951715
109,46.64,0.003932071718078911,48.92443017654045
110,46.64,0.003932339621609425,48.92774259758749
111,46.64,0.0039324130191817595,48.92865010160713
112,46.64,0.003932327965575758,48.92759847975759
113,46.64,0.003931887993848885,48.92215856614261
114,46.64,0.003931818765825288,48.92130261392684
115,46.64,0.003932066863086626,48.924370148269794
116,46.64,0.003932114678970884,48.92496135510924
117,46.64,0.003932576629761215,48.93067301868147
118,46.64,0.0039325334537564805,48.93013918119576
119,46.64,0.003931785883550314,48.92089604937026
120,46.64,0.003930570566977463,48.905869545598264
121,46.64,0.003929806687643389,48.896424704435596
122,46.64,0.003928614198191298,48.881680348663046
123,46.64,0.003927348373452689,48.866029188338764
124,46.64,0.003925594420701924,48.844342514570286
125,46.64,0.00392405699351256,48.825332961875986
126,46.64,0.003921899317758119,48.79865417448683
127,46.64,0.003919876284326223,48.773640017829024
128,46.64,0.003917901188494266,48.74921843814256
129,46.64,0.003915930259347572,48.724848224854064
130,46.64,0.003914533956272127,48.70758307511559
131,46.64,0.003913133158547794,48.69026227207694
132,46.64,0.003911528347883572,48.67041876259896
133,46.64,0.00391020868286921,48.65410100738409
134,46.64,0.003908824373495684,48.636983845947626
135,46.64,0.003907295823828356,48.61808304696809
136,46.64,0.0039061343483889205,48.603721126889866
137,46.64,0.00390551624070775,48.59607805665581
138,46.64,0.0039040020623183794,48.577354763678144
139,46.64,0.0039017754873892753,48.549822298411485
140,46.64,0.003899888337853275,48.52648680680205
141,46.64,0.0038987942025760117,48.51295724503663
142,46.64,0.003897808849446741,48.50077279161803
143,46.64,0.0038959234903589313,48.47745914428443
144,46.64,0.0038929724243432664,48.44096708053171
145,46.64,0.0038898477331865615,48.402327641329364
146,46.64,0.0038868306410903154,48.36501838903728
147,46.64,0.003883587550845739,48.324914050614616
148,46.64,0.0038792770774257975,48.27160971485892
149,46.64,0.0038746973986797657,48.214975517735674
150,46.64,0.0038700225184440593,48.15716316479033
151,46.64,0.003865306265832433,48.098838301176
152,46.64,0.003860720084232689,48.04212115421916
153,46.64,0.0038564561601536745,47.98938860898119
154,46.64,0.0038523807498112113,47.93898676783721
155,46.64,0.0038485217408218203,47.89126062303532
156,46.64,0.003844792532349268,47.845139221864706
157,46.64,0.0038413096536619885,47.80206383532021
158,46.64,0.0038378338365290003,47.759075306315026
159,46.64,0.0038345497280524955,47.71845737039674
160,46.64,0.0038314015212483872,47.67951986953562
161,46.64,0.0038283533648082514,47.64181943349888
162,46.64,0.003825184465605788,47.602625228422944
163,46.64,0.0038220086695098226,47.56334532156876
164,46.64,0.0038188916904580597,47.52479250698588
165,46.64,0.0038156955505857285,47.485260181305954
166,46.64,0.0038124860045323943,47.44556163125084
167,46.64,0.0038092948934486935,47.40609069773547
168,46.64,0.003806027519883662,47.365676054541986
169,46.64,0.0038027517637550363,47.325157302457946
170,46.64,0.0037992476490993576,47.28181344968145
171,46.64,0.0037956786982574118,47.23766711212584
172,46.64,0.0037920821872839197,47.19317935854387
173,46.64,0.0037883649572395726,47.147197809108114
174,46.64,0.0037847036629742145,47.101907642387744
175,46.64,0.003780979625749944,47.05584080229615
176,46.64,0.003777148498564975,47.00844867280278
177,46.64,0.0037735342846011506,46.96373928937035
178,46.64,0.0037700678422477652,46.920857419156484
179,46.64,0.0037667643436625985,46.87999081419279
180,46.64,0.0037637594323016903,46.84281756878374
181,46.64,0.0037614601929504103,46.81437383020728
182,46.64,0.00375973483879935,46.79302945035584
183,46.64,0.0037581863030254218,46.77387239283583
184,46.64,0.0037563067098671343,46.75061967104944
185,46.64,0.003754200620707527,46.72456476814579
186,46.64,0.0037515650356873486,46.69195910571293
187,46.64,0.0037489828508262407,46.66001380727524
188,46.64,0.003746277625945141,46.62654604601779
189,46.64,0.003743540227438597,46.59267995331561
190,46.64,0.0037405555324259267,46.55575406103007
191,46.64,0.003737046637339718,46.51234244739226
192,46.64,0.003733826099466833,46.472497924797764
193,46.64,0.0037306526930758425,46.4332361120848
194,46.64,0.0037271646619250532,46.390081259867905
195,46.64,0.003724551613935851,46.35775161757269
196,46.64,0.003722066338650266,46.327002578119156
197,46.64,0.0037195491263207307,46.29585814894961
198,46.64,0.003717570846989716,46.2713815394579
199,46.64,0.0037156699120893598,46.24786174173225
200,46.64,0.003713600400175425,46.22225601978606
201,46.64,0.0037118694677009006,46.200839354060776
202,46.64,0.0037104084396428426,46.1827620982279
203,46.64,0.0037088882635567086,46.16395291601406
204,46.64,0.0037071854439070595,46.14288377122707
205,46.64,0.003705715088004116,46.124690829576465
206,46.64,0.003704270039957264,46.10681094263832
207,46.64,0.0037028190182810347,46.08885705960631
208,46.64,0.0037011318740054304,46.06798146318105
209,46.64,0.003699368407908644,46.04616139117234
210,46.64,0.0036976230220990194,46.02456491267408
211,46.64,0.0036957760851063616,46.00171176246745
212,46.64,0.003693804083659427,45.977310973192
213,46.64,0.003691836312560096,45.95296237528716
214,46.64,0.003689855692634115,45.92845463526237
215,46.64,0.003687696331427588,45.90173501451736
216,46.64,0.003685480527579083,45.87431678900952
217,46.64,0.0036832047512544456,45.84615626546438
218,46.64,0.0036808802431834474,45.817392522347696
219,46.64,0.00367842364146914,45.78699400425498
220,46.64,0.0036760757750803476,45.75794077735894
221,46.64,0.0036737936001155357,45.72970022751833
222,46.64,0.0036714808087249455,45.70108060752449
223,46.64,0.0036690957048417603,45.6715659354932
224,46.64,0.0036669911794024053,45.645523118524785
225,46.64,0.0036650954018376805,45.62206333851911
226,46.64,0.0036629781333719497,45.59586249514894
227,46.64,0.003660606040264019,45.56650802877763
228,46.64,0.003657970020970905,45.53388723540597
229,46.64,0.0036554375511755285,45.50254761029967
230,46.64,0.0036530596170577952,45.47312015222738
231,46.64,0.0036510988632425315,45.44885522393332
232,46.64,0.0036488391634513268,45.42089055907682
233,46.64,0.0036464717971788274,45.39159326289816
234,46.64,0.0036452431833015543,45.376388487881094
235,46.64,0.003643870035471934,45.35939495473619
236,46.64,0.0036424566950895884,45.34190393658531
237,46.64,0.0036415161154700914,45.33026360046676
238,46.64,0.003640333322700701,45.31562565611752
239,46.64,0.003639125495651745,45.300677836730394
240,46.64,0.0036374042531500147,45.27937599345266
241,46.64,0.00363578501822997,45.25933647395087
242,46.64,0.0036337016358624265,45.23355255083189
243,46.64,0.0036316920157033906,45.20868134547588
244,46.64,0.003629976307695394,45.18744749184535
245,46.64,0.0036281398184886994,45.164718703346885
246,46.64,0.003626122019330522,45.13974582972552
247,46.64,0.00362432380827514,45.11749050704839
248,46.64,0.003622468479618072,45.09452814177675
249,46.64,0.00362033227322183,45.068089341100226
250,46.64,0.0036181893559946495,45.04156730227094
251,46.64,0.0036157006184678892,45.01076495433372
252,46.64,0.0036133046362093932,44.98111037860139
253,46.64,0.0036114245932654374,44.95784131775635
254,46.64,0.0036090153478309044,44.92802217815407
255,46.64,0.003606704850240724,44.89942502112386
256,46.64,0.0036041598496758132,44.86792516324867
257,46.64,0.003601405601597626,44.83383512838709
258,46.64,0.0035990192706081736,44.80429865497255
259,46.64,0.0035963408365372583,44.77114644867219
260,46.64,0.00359342164130837,44.73501390782468
261,46.64,0.003590419951388674,44.69785993156558
262,46.64,0.003587201117675095,44.6580178213385
263,46.64,0.0035839241002481896,44.617455102974965
264,46.64,0.0035805302738185587,44.57544608202846
265,46.64,0.0035767319244612576,44.52842930739942
266,46.64,0.003571368095005425,44.46203371529517
267,46.64,0.0035662538882768762,44.398726991112945
268,46.64,0.003560746791797594,44.33055568394301
269,46.64,0.003555490888268179,44.2654927273353
270,46.64,0.00355025616932545,44.20069092841884
271,46.64,0.0035446570402611773,44.13137681161686
272,46.64,0.0035389686415704205,44.06095631548966
273,46.64,0.0035336666364556802,43.995318090832974
274,46.64,0.0035287941326613433,43.93499606279131
275,46.64,0.0035242418877545483,43.87863801890429
276,46.64,0.003519717189957659,43.822620202877246
277,46.64,0.003514878851727128,43.762718478968914
278,46.64,0.00350977363164896,43.69951158212296
279,46.64,0.0035047151437130365,43.636882250580406
280,46.64,0.0034993679876465563,43.57067780649512
281,46.64,0.0034940572803896126,43.50492352354101
282,46.64,0.003488797847996444,43.43980299745528
283,46.64,0.003483658964386329,43.37617400805638
284,46.64,0.0034786717895966537,43.314422457781774
285,46.64,0.003473145525121397,43.24599471069902
286,46.64,0.003467694250836826,43.17849432828179
287,46.64,0.003461781101672958,43.105273451495094
288,46.64,0.0034561053514594996,43.03499091735983
289,46.64,0.0034503051822973923,42.96316639159182
290,46.64,0.0034445131203656386,42.891440929618625
291,46.64,0.00343840646293703,42.81581826468444
292,46.64,0.003432714511960942,42.745329846532734
293,46.64,0.0034265177197823553,42.66858807837155
294,46.64,0.003420254454316352,42.5910215521369
295,46.64,0.003414002042777845,42.51358789513955
296,46.64,0.0034082674974851316,42.44256644651642
297,46.64,0.003402894261518774,42.376018575481226
298,46.64,0.0033976997170625674,42.31168272302073
299,46.64,0.003393369435704198,42.258050188290206
300,46.64,0.0033895447778691007,42.21067941668659
301,46.64,0.0033860334135177596,42.167188469983785
302,46.64,0.0033830093909457057,42.129733234395026
303,46.64,0.0033807678088967536,42.10196899364693
304,46.64,0.0033781952228567253,42.07010469134326
305,46.64,0.003375478419203513,42.03645381093767
306,46.64,0.003372581936308013,42.00057706498677
307,46.64,0.003369658269854147,41.96436327789415
308,46.64,0.0033666989271906593,41.92770724510113
309,46.64,0.0033636044354818178,41.88937681141059
310,46.64,0.0033603947089585018,41.84961860178798
311,46.64,0.003357090422950498,41.808688677271746
312,46.64,0.0033534937162332614,41.76413606930269
313,46.64,0.0033498156478478217,41.71857509972613
314,46.64,0.003346317504468913,41.67524239992728
315,46.64,0.0033427999522298553,41.63166878704403
316,46.64,0.003339201727593557,41.587095339098546
317,46.64,0.003335449204776951,41.5406099570932
318,46.64,0.0033315008884118587,41.49169852765594
319,46.64,0.003327500469679993,41.44214102825022
320,46.64,0.003323694045383851,41.39498615830316
321,46.64,0.0033203221843886763,41.353214280101014
322,46.64,0.0033175595851300237,41.31898982894487
323,46.64,0.0033153682118891147,41.29184179419785
324,46.64,0.0033135927150972984,41.26984574464132
325,46.64,0.0033120135327674343,41.25028166583605
326,46.64,0.0033105628371221957,41.23230928802947
327,46.64,0.003309161385335913,41.21494690332948
328,46.64,0.003307800571420867,41.198087900893896
329,46.64,0.0033063090689506207,41.17960972528893
330,46.64,0.0033044902510061596,41.157076329616984
331,46.64,0.0033024204995601397,41.13143395101918
332,46.64,0.0033000769984343347,41.10239985255772
333,46.64,0.003297937965665966,41.075898762982035
334,46.64,0.0032958820813512,41.050427652519645
335,46.64,0.003293933199149116,41.026282076114775
336,46.64,0.003292003973846484,41.00237988960545
337,46.64,0.0032899472069668275,40.97689736099207
338,46.64,0.0032879743652839744,40.952454474859366
339,46.64,0.0032860154913931837,40.92818449264538
340,46.64,0.003284257671783118,40.90640539574728
341,46.64,0.003282629230366746,40.88622916419183
342,46.64,0.003281130772692529,40.86766332577088
343,46.64,0.0032797476135438624,40.85052595308328
344,46.64,0.003278462315319313,40.8346010114597
345,46.64,0.003277006195259547,40.816559495349885
346,46.64,0.0032756282361068347,40.79948632560932
347,46.64,0.0032740943249237597,40.780480792742566
348,46.64,0.003272698558909727,40.763186831104136
349,46.64,0.0032714913398971526,40.74822896137299
350,46.64,0.003270028648079777,40.73010561601145
351,46.64,0.0032685919616743607,40.71230440570904
352,46.64,0.0032667967199328015,40.69006041365656
353,46.64,0.0032645219495516993,40.661874625355914
354,46.64,0.0032624129977728788,40.63574324714895
355,46.64,0.003260436098716638,40.61124793386695
356,46.64,0.0032583257558729374,40.585098977565956
357,46.64,0.003256081500220232,40.5572905331165
358,46.64,0.0032537617348139445,40.52854624175994
359,46.64,0.0032513436926849427,40.49858397316331
360,46.64,0.0032488332520386647,40.46747653752581
361,46.64,0.0032461644523835405,40.43440656577456
362,46.64,0.0032436808077964123,40.40363065755669
363,46.64,0.0032406874778241443,40.36653869358823
364,46.64,0.0032374502471541637,40.3264240249251
365,46.64,0.003234314657025108,40.28756845542905
366,46.64,0.003231178483910108,40.24870527182321
367,46.64,0.0032277212604960226,40.20586320909327
368,46.64,0.0032249672498095004,40.171735049961825
369,46.64,0.003222203001758645,40.13747972534241
370,46.64,0.0032204588749865674,40.11586586923732
371,46.64,0.003218770696237001,40.09494522660657
372,46.64,0.0032173249294006417,40.07702856763666
373,46.64,0.003216287091793998,40.06416711870296
374,46.64,0.003215749188841512,40.057501115517105
375,46.64,0.003215212182992015,40.05084621830567
376,46.64,0.003214444202298507,40.04132892301169
377,46.64,0.00321347608048214,40.02933132089442
378,46.64,0.003212442402964474,40.01652126840325
379,46.64,0.003211698738988734,40.00730523972311
380,46.64,0.003211514885521207,40.00502678951058
381,46.64,0.003210598755373024,39.993673396878435
382,46.64,0.0032093395190701804,39.978067913378666
383,46.64,0.003207659439896735,39.95724690382466
384,46.64,0.0032060541583171344,39.93735274687945
385,46.64,0.003204018676742885,39.9121270006657
386,46.64,0.0032017859993362114,39.88445721535348
387,46.64,0.003199750045688771,39.85922527417557
388,46.64,0.0031976187225802124,39.832811225967404
389,46.64,0.003195398342250783,39.80529327662723
390,46.64,0.0031933238220962328,39.77958284676788
391,46.64,0.0031910156340117287,39.75097626814701
392,46.64,0.0031891468145955615,39.72781485979942
393,46.64,0.0031876691361761482,39.709501000151846
394,46.64,0.0031864725531312653,39.6946708805539
395,46.64,0.0031853234840364696,39.68042958228661
396,46.64,0.0031839848595269595,39.66383891175324
397,46.64,0.0031828583241878235,39.64987678105416
398,46.64,0.003181151756800578,39.62872571364747
399,46.64,0.0031793508434846914,39.60640520468489
400,46.64,0.003177600111612946,39.58470652096279
401,46.64,0.003176016120092838,39.565074323184
402,46.64,0.0031741583851140126,39.542049186456275
403,46.64,0.0031727244860949183,39.52427706331006
404,46.64,0.003171161831226304,39.504909013317345
405,46.64,0.0031696844008718764,39.48659717447086
406,46.64,0.003168427188749766,39.471014736747684
407,46.64,0.0031675015383463307,39.45954178013296
408,46.64,0.0031669247382796225,39.45239262531005
409,46.64,0.003166679181503049,39.44934906511593
410,46.64,0.0031665563323144074,39.44782640658456
411,46.64,0.003166189468517956,39.443279296967425
412,46.64,0.003165754380251852,39.4378865692131
413,46.64,0.00316527457906398,39.43193963574959
414,46.64,0.0031651021639791973,39.429802621225605
415,46.64,0.0031648285051557403,39.42641072951032
416,46.64,0.0031646797376219714,39.42456681415647
417,46.64,0.003164562592117768,39.42311484086468
418,46.64,0.003164468361591817,39.42194688948533
419,46.64,0.003164656635521767,39.42428047258781
420,46.64,0.003164586784190235,39.42341469230633
421,46.64,0.0031645826629538667,39.423363611166906
422,46.64,0.003165227599923957,39.43135734862237
423,46.64,0.0031657036975197184,39.437258378544854
424,46.64,0.0031662021780689232,39.44343682615055
425,46.64,0.00316702527189962,39.45363869132728
426,46.64,0.003168031332702083,39.4661083105259
427,46.64,0.003168884590590948,39.47668398277119
428,46.64,0.0031693467345476206,39.48241199630048
429,46.64,0.0031697083956265474,39.48689457536084
430,46.64,0.0031701996258403638,39.49298308030168
431,46.64,0.003170481001015355,39.49647055313544
432,46.64,0.003170594525215565,39.497877615126995
433,46.64,0.003170742115543431,39.49970690486023
434,46.64,0.00317066084792854,39.49869964374806
435,46.64,0.0031704287679527343,39.49582315657621
436,46.64,0.0031706830628701298,39.49897498404095
437,46.64,0.003170389425502871,39.49533553113121
438,46.64,0.003169964862194723,39.49007332640262
439,46.64,0.0031696343878093018,39.48597729186377
440,46.64,0.0031695451057747966,39.48487069311141
441,46.64,0.0031694051878253813,39.4831364910865
442,46.64,0.003169660614149168,39.486302351992315
443,46.64,0.0031691928810990396,39.480505070573855
444,46.64,0.0031694733147127592,39.483980884533544
445,46.64,0.0031697568264430374,39.487494846814165
446,46.64,0.003170143338793791,39.49228543648198
447,46.64,0.0031705846483465468,39.497755197486875
448,46.64,0.0031712506336599015,39.506009662003805
449,46.64,0.003171631962032677,39.5107359768124
450,46.64,0.0031721323741741923,39.516938247998254
451,46.64,0.0031727876738372298,39.5250602305939
452,46.64,0.0031734561989599686,39.53334611599752
453,46.64,0.0031741585394978672,39.54205109992616
454,46.64,0.0031748249925665647,39.550311267517216
455,46.64,0.0031756735340203643,39.56082825357198
456,46.64,0.0031761039523618686,39.56616293040324
457,46.64,0.003176479431112594,39.57081667076852
458,46.64,0.0031766609588768954,39.57306655130046
459,46.64,0.003176676575311341,39.57326010351487
460,46.64,0.00317642663148495,39.570162264544116
461,46.64,0.0031757708513258124,39.56203442115646
462,46.64,0.0031752214358055724,39.55522486485869
463,46.64,0.0031745888319436723,39.54738424223612
464,46.64,0.0031747483025770283,39.54936075562338
465,46.64,0.003174800199808464,39.55000398087339
466,46.64,0.0031750978808584096,39.5536935006301
467,46.64,0.003174741133923613,39.54927190581013
468,46.64,0.003174315095485366,39.54399149124504
469,46.64,0.003174093039414899,39.541239276376295
470,46.64,0.0031740063945518097,39.54016537914954
471,46.64,0.003173975825926273,39.53978650419754
472,46.64,0.0031741582844249335,39.542047938492104
473,46.64,0.00317493524280997,39.55167773186218
474,46.64,0.00317615755459231,39.56682728488784
475,46.64,0.0031781224738466874,39.59118072489644
476,46.64,0.0031799622116918383,39.61398251303929
477,46.64,0.0031808060765471454,39.624441364608955
478,46.64,0.0031814154561003723,39.63199399041189
479,46.64,0.0031818867702128923,39.637835428567904
480,46.64,0.0031815337608310894,39.633460252804504
481,46.64,0.003181152301553704,39.62873246529502
482,46.64,0.0031807181814973023,39.62335199566255
483,46.64,0.0031808929040501484,39.62551750210698
484,46.64,0.0031805802406902504,39.62164236029404
485,46.64,0.0031811519724828383,39.62872838680443
486,46.64,0.003180897295913994,39.62557193472932
487,46.64,0.0031811972131211897,39.62928909735168
488,46.64,0.003181685544661991,39.63534145252959
489,46.64,0.0031823068216953005,39.64304151341223
490,46.64,0.00318273465426692,39.64834402926869
491,46.64,0.00318321615182519,39.65431165514166
492,46.64,0.003183464003862628,39.65738350146818
493,46.64,0.0031835016084546934,39.65784956774078
494,46.64,0.0031834685855230767,39.65744028595653
495,46.64,0.0031835657232963965,39.65864419836402
496,46.64,0.0031835199037211384,39.65807631680008
497,46.64,0.003183175155935752,39.653803557117264
498,46.64,0.0031829396722622273,39.650885000065564
499,46.64,0.003182597512322649,39.64664430595597
500,46.64,0.0031822784440458615,39.642689803290295
501,46.64,0.00318219737827264,39.6416850809634
502,46.64,0.0031819605421947684,39.63874975318193
503,46.64,0.0031817745488331066,39.63644456447998
504,46.64,0.0031817853444673716,39.63657836485269
505,46.64,0.00318147519801436,39.63273442851118
506,46.64,0.0031808126060774784,39.62452229142471
507,46.64,0.0031795527378084914,39.60890748813801
508,46.64,0.0031781923506408113,39.59204678327043
509,46.64,0.0031767839153349626,39.57459049011832
510,46.64,0.003174766090721574,39.54958122565676
511,46.64,0.0031728247192468768,39.525519382118205
512,46.64,0.003171119700801842,39.504386833865986
513,46.64,0.0031694623016404926,39.48384438387188
514,46.64,0.003168130195227675,39.46733365979418
515,46.64,0.0031668874168860823,39.4519300444295
516,46.64,0.0031671571183535404,39.45527286430001
517,46.64,0.003167588288093767,39.460616999698196
518,46.64,0.003167561395639178,39.4602836812573
519,46.64,0.0031671385786083404,39.45504307317454
520,46.64,0.003166759763834665,39.45034784529624
521,46.64,0.0031660799626494866,39.441922020583334
522,46.64,0.003166182035378959,39.443187166540866
523,46.64,0.0031663935734036293,39.445809084695654
524,46.64,0.0031664993877130896,39.44712060454461
525,46.64,0.003166699039153905,39.449595191402324
526,46.64,0.0031670389832291752,39.45380863665192
527,46.64,0.0031672979950139375,39.45701896154892
528,46.64,0.003167143465522352,39.45510364409841
529,46.64,0.0031670392982978443,39.4538125417762
530,46.64,0.0031666676704440884,39.44920639092163
531,46.64,0.0031662563858389043,39.44410870707162
532,46.64,0.0031659808541071865,39.440693614008424
533,46.64,0.0031651550593895282,39.430458238347995
534,46.64,0.0031641786485761066,39.418356005101245
535,46.64,0.0031629475327656243,39.40309674833851
536,46.64,0.0031617760511662664,39.38857658129054
537,46.64,0.0031607539857427115,39.375908338981986
538,46.64,0.0031601006372293646,39.367810227773255
539,46.64,0.003159847187736153,39.36466877245919
540,46.64,0.0031593253923094377,39.35820121543926
541,46.64,0.0031589963959215025,39.35412336100549
542,46.64,0.00315903928739997,39.35465499385044
543,46.64,0.003159139377235266,39.35589559066869
544,46.64,0.0031593445254067876,39.358438366804045
545,46.64,0.003159589680867598,39.36147702418774
546,46.64,0.0031600633646119473,39.367348241362954
547,46.64,0.0031604906203637376,39.37264398503714
548,46.64,0.003160505588948736,39.372829517315886
549,46.64,0.0031606382139958925,39.374473374862276
550,46.64,0.0031608681484654633,39.3773233590987
551,46.64,0.003161133066664389,39.380606955919134
552,46.64,0.003161462150681671,39.38468586861888
553,46.64,0.003161944489715723,39.39066433051444
554,46.64,0.003162001138988514,39.391366482326475
555,46.64,0.003162050867462467,39.39198285267748
556,46.64,0.003162235816027725,39.39427523690377
557,46.64,0.003162591914800301,39.39868897486154
558,46.64,0.0031629659535902825,39.403325068563255
559,46.64,0.003163369523359587,39.408327183286005
560,46.64,0.0031636796662920736,39.41217129866699
561,46.64,0.0031642093286485657,39.418736273272756
562,46.64,0.0031649477334794412,39.427888517283385
563,46.64,0.003165998290896784,39.4409097353365
564,46.64,0.0031669874788049705,39.45317026408669
565,46.64,0.0031680006154365882,39.465727586016044
566,46.64,0.0031689062420678085,39.47695234079684
567,46.64,0.0031699654897778184,39.490081104919774
568,46.64,0.0031711292652224503,39.50450537869979
569,46.64,0.0031719422922398665,39.514582311718655
570,46.64,0.0031728480917148044,39.5258090672193
571,46.64,0.00317365074105836,39.535757321280734
572,46.64,0.0031743745790680142,39.54472874434754
573,46.64,0.003175078240485412,39.553450073942415
574,46.64,0.003175719258741679,39.561394973755576
575,46.64,0.00317643810949822,39.5703045247107
576,46.64,0.0031767989602362917,39.57477695860029
577,46.64,0.0031774294148184377,39.58259088738075
578,46.64,0.0031776464471836886,39.58528080858053
579,46.64,0.0031777859634828966,39.587009986790726
580,46.64,0.003177854612374773,39.5878608273673
581,46.64,0.0031777564188013975,39.58664380727782
582,46.64,0.0031777307911701707,39.586326176019945
583,46.64,0.003177612041385737,39.584854379747384
584,46.64,0.0031777630325074135,39.58672577816439
585,46.64,0.0031781487205631786,39.591506028747
586,46.64,0.003178848803099498,39.60018289620367
587,46.64,0.0031796071681787627,39.60958209927351
588,46.64,0.0031806348653533804,39.62231937727345
589,46.64,0.003182042698894137,39.63976799712486
590,46.64,0.0031831329387008744,39.65328032181769
591,46.64,0.003184470860498014,39.669862328275
592,46.64,0.0031852187076080933,39.67913100470975
593,46.64,0.0031863036707261636,39.69257779412167
594,46.64,0.0031871042228448863,39.70249962750532
595,46.64,0.0031875492850035815,39.70801560039685
596,46.64,0.0031877802062628387,39.71087756923398
597,46.64,0.0031878952792097214,39.7123037480395
598,46.64,0.003187769710603551,39.71074748922614
599,46.64,0.003187376636006102,39.70587583911576
600,46.64,0.0031865849599967684,39.6960640225989
601,46.64,0.0031856099072952626,39.68397945122529
602,46.64,0.003184678246431547,39.67243263275432
603,46.64,0.0031834737660733606,39.657504493004616
604,46.64,0.0031823011603536342,39.64297134723797
605,46.64,0.0031811974708028825,39.62929229104739
606,46.64,0.0031801548081238857,39.61636955354885
607,46.64,0.0031788237378606262,39.59987223637524
608,46.64,0.003177754881217672,39.58662475032207
609,46.64,0.0031776462088145747,39.585277854210524
610,46.64,0.0031771491092103385,39.57911674841241
611,46.64,0.00317680794922723,39.574888369329656
612,46.64,0.0031764872349479716,39.57091339262392
613,46.64,0.0031765107724619664,39.57120511993501
614,46.64,0.003176586352459964,39.57214186907927
615,46.64,0.003175912693142178,39.5637924325891
616,46.64,0.0031752401573389316,39.55545690315926
617,46.64,0.003174549458976288,39.546896245040344
618,46.64,0.0031742025291739092,39.54259631829977
619,46.64,0.0031734409398152625,39.53315699013228
620,46.64,0.0031727604526856643,39.524722843731695
621,46.64,0.0031722450040134083,39.518334217566974
622,46.64,0.003171801016004168,39.512831287947044
623,46.64,0.003170986964557464,39.50274165322657
624,46.64,0.003170185366603686,39.49280634571923
625,46.64,0.003169218028137311,39.480816753831824
626,46.64,0.00316793447928856,39.46490786277447
627,46.64,0.003166199890330533,39.4434084706599
628,46.64,0.003164266938466964,39.419450325602284
629,46.64,0.0031625662822075654,39.39837126669624
630,46.64,0.0031604970481690173,39.37272365625372
631,46.64,0.0031587850286283964,39.35150349698864
632,46.64,0.003157471942169804,39.335227959260884
633,46.64,0.003156381171359361,39.321707943399694
634,46.64,0.003155477325876046,39.3105048160828
635,46.64,0.003154739593484036,39.30136062963656
636,46.64,0.0031544289528161167,39.29751023485928
637,46.64,0.0031542289986457284,39.295031798512284
638,46.64,0.0031540270466353867,39.29252859728562
639,46.64,0.003154193539872009,39.294592286065345
640,46.64,0.003154446662984714,39.29772975271277
641,46.64,0.0031547986326528684,39.302092420404364
642,46.64,0.0031551967023142422,39.30702649207036
643,46.64,0.0031561786140948686,39.31919725731551
644,46.64,0.003157556881006962,39.33628076728867
645,46.64,0.0031583849855794373,39.346545022104195
646,46.64,0.0031587825153290066,39.351472345031354
647,46.64,0.0031582960063855628,39.34544213719127
648,46.64,0.003157942903952552,39.34106547783372
649,46.64,0.0031579413128251803,39.34104575600288
650,46.64,0.003158681680849603,39.35022251704506
651,46.64,0.0031587007123398954,39.35045840949417
652,46.64,0.003159721049049361,39.36310530794586
653,46.64,0.0031612238954082544,39.381732755528375
654,46.64,0.0031628876426286773,39.40235442917012
655,46.64,0.003164395921124532,39.421049017321394
656,46.64,0.003166204426518599,39.443464694675036
657,46.64,0.00316807957076637,39.46670619613735
658,46.64,0.0031699860175918417,39.490335534889454
659,46.64,0.003172077339084379,39.516256125643004
660,46.64,0.003174197953441977,39.542539605607395
661,46.64,0.003175870419804453,39.563268489783766
662,46.64,0.003177350936146862,39.581618214286806
663,46.64,0.003178828983315918,39.59993724881342
664,46.64,0.0031802535608852476,39.617593494872324
665,46.64,0.0031815405716694614,39.633544665947646
666,46.64,0.003182825436004735,39.64946916848628
667,46.64,0.003183583506204063,39.65886459727284
668,46.64,0.0031842423115397544,39.66702973104526
669,46.64,0.0031853818363941095,39.68115278925775
670,46.64,0.0031865594155023745,39.695747430689195
671,46.64,0.0031874690660957336,39.70702139081469
672,46.64,0.0031881997193381785,39.71607688307381
673,46.64,0.0031886718533740187,39.72192835629306
674,46.64,0.00318913660493861,39.72768832497082
675,46.64,0.0031891639478330383,39.72802720299402
676,46.64,0.0031892396807522653,39.728965809467994
677,46.64,0.0031888887995377923,39.724617112391265
678,46.64,0.003188239693711592,39.71657231259049
679,46.64,0.0031876085271419488,39.70874982989552
680,46.64,0.0031871652255482364,39.70325567799881
681,46.64,0.0031870667445579653,39.70203513199562
682,46.64,0.0031875100446915653,39.70752926752718
683,46.64,0.0031880830578717182,39.714631018048514
684,46.64,0.003188855314477013,39.72420211019265
685,46.64,0.003189770169189809,39.73554048536944
686,46.64,0.0031911548073110603,39.752701121407306
687,46.64,0.003192761756525567,39.77261689449806
688,46.64,0.0031940267362893884,39.788294386963116
689,46.64,0.0031955373406044917,39.80701593753358
690,46.64,0.003196527068234843,39.819281996611636
691,46.64,0.003197324021948931,39.82915890931062
692,46.64,0.003197957131671733,39.837005230929854
693,46.64,0.003198671058959612,39.84585313018231
694,46.64,0.003199564340183186,39.856923784133556
695,46.64,0.003199861524116678,39.860606850714994
696,46.64,0.0032001568759016967,39.8642672076035
697,46.64,0.0032005345924126455,39.868948322850876
698,46.64,0.003201152043966067,39.87660050960019
699,46.64,0.0032021543272332726,39.88902195193368
700,46.64,0.0032033230087556755,39.903505541752295
701,46.64,0.003204425945296369,39.917174297609535
702,46.64,0.0032052338715067613,39.927186942904584
703,46.64,0.003205822343315399,39.93447986922501
704,46.64,0.003207147341350087,39.95090050879161
705,46.64,0.003208790612526531,39.97126539603863
706,46.64,0.0032109540866262693,39.99807694026086
707,46.64,0.003213379823355684,40.02813843726049
708,46.64,0.0032161304100126434,40.062225429013495
709,46.64,0.003219179809558253,40.10001514654417
710,46.64,0.0032224650647285965,40.140727294978426
711,46.64,0.0032257345520108533,40.181243616858595
712,46.64,0.003229218131876515,40.224412562429606
713,46.64,0.003232476047016805,40.26478460791554
714,46.64,0.0032357737780327185,40.30564962274133
715,46.64,0.0032387368093795923,40.34236671906095
716,46.64,0.003240687208833886,40.3665353603691
717,46.64,0.0032429182329336537,40.39418121540744
718,46.64,0.0032449118372912937,40.41888490401847
719,46.64,0.003246487159697939,40.43840535294393
720,46.64,0.0032481089405632588,40.45850138441314
721,46.64,0.0032496020678351076,40.477003133808296
722,46.64,0.0032506883428772893,40.49046341014525
723,46.64,0.00325193514836852,40.50591279742854
724,46.64,0.0032530440271219757,40.51965305834579
725,46.64,0.003254284898509997,40.5350287993839
726,46.64,0.0032552158243878936,40.54656393964104
727,46.64,0.003255983300162876,40.55607373721887
728,46.64,0.0032565443207419314,40.56302533228014
729,46.64,0.0032575218094123073,40.575137345538835
730,46.64,0.00325851390455067,40.587430308085565
731,46.64,0.003259779002762124,40.60310597081476
732,46.64,0.003260987734143595,40.61808314043054
733,46.64,0.003261989117204099,40.63049105103809
734,46.64,0.003263290342175962,40.64661417544977
735,46.64,0.003264528367109824,40.66195414309208
736,46.64,0.0032659547339397594,40.67962771910292
737,46.64,0.0032670358862852337,40.6930238182836
738,46.64,0.0032683278240349563,40.709031609056076
739,46.64,0.0032701942617593665,40.732157640985555
740,46.64,0.0032720259233682603,40.754852646421554
741,46.64,0.0032738012982143623,40.77685010989003
742,46.64,0.0032750653372707926,40.79251188286972
743,46.64,0.0032756744274510825,40.80005864615974
744,46.64,0.0032767100893447867,40.8128906944379
745,43.0,0.003275924578803148,46.87123722183419
746,43.0,0.003274095365170835,46.84520227475406
747,43.0,0.0032713697051082644,46.806408045794335
748,43.0,0.0032681344390228,46.76036017224375
749,43.0,0.003264729134739068,46.711891612805914
750,43.0,0.00326112320818647,46.66056697017654
751,43.0,0.0032575831405169133,46.61017914832261
752,43.0,0.003254311571528696,46.563612515483015
753,43.0,0.0032513442319347216,46.52137578051413
754,43.0,0.0032485062235167415,46.48097955397802
755,43.0,0.003246071605224685,46.446324892323865
756,43.0,0.003243955905274918,46.41620953510444
757,43.0,0.0032417886492503933,46.38536010558118
758,43.0,0.003239677744370268,46.35531259102234
759,43.0,0.003237517623370601,46.32456430330264
760,43.0,0.003235302459284073,46.29303228293411
761,43.0,0.0032328032584810233,46.25745683939893
762,43.0,0.0032300468683023275,46.218220045223696
763,43.0,0.003226984679809013,46.17462985294008
764,43.0,0.0032233898896241913,46.12345754128117
765,43.0,0.003219532126793265,46.06854112472769
766,43.0,0.003215016620641383,46.004260672821204
767,43.0,0.003210128244949104,45.934671192755964
768,43.0,0.0032051454286452803,45.863736163838574
769,43.0,0.003200015275372881,45.79070247456109
770,43.0,0.003194810971740552,45.7166119439997
771,43.0,0.003189678712371596,45.64354585602155
772,43.0,0.003184480774208726,45.56954350036331
773,43.0,0.0031791334282005707,45.49341276080819
774,43.0,0.0031734375618124645,45.4123186665979
775,43.0,0.0031675646899788634,45.32870293490846
776,43.0,0.0031615369411947254,45.24288048984072
777,43.0,0.0031557448742577407,45.1604120984691
778,43.0,0.0031503658707043806,45.08382360206814
779,43.0,0.0031449958381376004,45.00736152349838
780,43.0,0.003139674648960714,44.93159361356286
781,43.0,0.0031343648212508565,44.855986192614026
782,43.0,0.00312944388708082,44.78591513735982
783,43.0,0.0031243709724949813,44.71367882017621
784,43.0,0.0031192455583002356,44.640693738340694
785,43.0,0.0031141044438667575,44.567483885161906
786,43.0,0.00310864825521395,44.48978603430317
787,43.0,0.0031030499133437054,44.410062466742986
788,43.0,0.0030974646064069558,44.33052310089601
789,43.0,0.0030914487293413743,44.24485047205762
790,43.0,0.0030853812790092353,44.15844171338688
791,43.0,0.003079088748007484,44.06882572720434
792,43.0,0.0030727044638022504,43.97790118044067
793,43.0,0.0030662885676529536,43.8865245471456
794,43.0,0.0030598179404590447,43.79436652192568
795,43.0,0.0030528999915170243,43.69583539792335
796,43.0,0.0030461569648866415,43.59979356226326
797,43.0,0.003039516317564287,43.50520790341131
798,43.0,0.003032764267608483,43.40903342699553
799,43.0,0.003026114860245466,43.31431893452663
800,43.0,0.003019377190960096,43.218345179036525
801,43.0,0.00301298161098802,43.127242350833974
802,43.0,0.003006905104327751,43.0406828843549
803,43.0,0.0030013671267073933,42.96179326506059
804,43.0,0.002996418734007272,42.89130122023405
805,43.0,0.0029916710860707235,42.823667824108895
806,43.0,0.0029874060846000463,42.76290917101203
807,43.0,0.00298337509047947,42.70548339369334
808,43.0,0.0029791187355426916,42.64484630892453
809,43.0,0.002974957531849961,42.585563973792
810,43.0,0.0029706842228396065,42.52468371538309
811,43.0,0.0029663020535953023,42.462251700627895
812,43.0,0.0029619737416337793,42.4005861218222
813,43.0,0.002956961853501462,42.329180547370306
814,43.0,0.002951745004276113,42.254853626365005
815,43.0,0.0029468169120942635,42.184639623794226
816,43.0,0.002941570029432705,42.109882371333434
817,43.0,0.002936331897409342,42.035248545136874
818,43.0,0.0029309544609708526,41.95862858351751
819,43.0,0.0029256445001570636,41.882968748780655
820,43.0,0.002920439223603333,41.808799276536995
821,43.0,0.002915229984097169,41.734572099454695
822,43.0,0.002910001495049465,41.66006938849154
823,43.0,0.002904783112349148,41.58570944347709
824,43.0,0.0028995316792327446,41.51087728889685
825,43.0,0.0028946127656202143,41.440782347761754
826,43.0,0.002890568546124192,41.383151046158986
827,43.0,0.0028870444964409834,41.332931707088
828,43.0,0.002883878165904129,41.28780954827857
829,43.0,0.0028812682074314563,41.2506156899522
830,43.0,0.0028785435403870354,41.2117868172605
831,43.0,0.0028760022471249792,41.17557087506701
832,43.0,0.002873331435469547,41.137508850177966
833,43.0,0.002870975367102482,41.1039319956932
834,43.0,0.0028687802431627235,41.072648568180156
835,43.0,0.0028663628184867006,41.03819680600848
836,43.0,0.002864020634346469,41.00481707490359
837,43.0,0.002861920464374431,40.974886205606204
838,43.0,0.0028596704011046056,40.942818887513404
839,43.0,0.002857424090441968,40.91080482021817
840,43.0,0.0028554090131169808,40.8820860583168
841,43.0,0.00285329874956513,40.852010509407165
842,43.0,0.0028513224834846467,40.8238445128594
843,43.0,0.0028492209941883844,40.79389362357446
844,43.0,0.0028471210285750223,40.76396424889386
845,43.0,0.0028448492153449307,40.73158542102055
846,43.0,0.0028423807510498905,40.69640357338347
847,43.0,0.0028396979926063512,40.65816717791383
848,43.0,0.00283713116319296,40.62158277001026
849,43.0,0.002835065751659305,40.59214473339118
850,43.0,0.0028332774524139335,40.56665618424337
851,43.0,0.0028317081073574906,40.54428825914787
852,43.0,0.002830263976378832,40.52370491501379
853,43.0,0.0028287702067578842,40.50241396620011
854,43.0,0.002827347672317355,40.482138249712094
855,43.0,0.002826083170883196,40.464114937154676
856,43.0,0.0028247682994928134,40.44537360935504
857,43.0,0.0028232520111215265,40.42376131602603
858,43.0,0.002821678079705012,40.40132730126419
859,43.0,0.002819987825637591,40.37723515695802
860,43.0,0.002818370865075221,40.35418758430456
861,43.0,0.0028169708246634974,40.33423181687328
862,43.0,0.002815384511156458,40.31162085902475
863,43.0,0.0028137670581768006,40.28856592787465
864,43.0,0.0028122964891938193,40.26760455548301
865,43.0,0.0028105698562908925,40.24299314255558
866,43.0,0.0028089715964751275,40.220211437443524
867,43.0,0.002807418987204002,40.198080326712784
868,43.0,0.002805942160127062,40.177029323950805
869,43.0,0.0028040075329231573,40.149452591621746
870,43.0,0.002802608425136575,40.129509200597795
871,43.0,0.0028004098403679027,40.098169593555
872,43.0,0.002798841289606063,40.075810637184965
873,43.0,0.002797692273235745,40.05943187580228
874,43.0,0.002796639787464868,40.04442906601565
875,43.0,0.0027960874360400696,40.0365554729675
876,43.0,0.0027956155121270348,40.02982833736844
877,43.0,0.0027950760966789978,40.022139117481146
878,43.0,0.0027944954890695758,40.01386269974582
879,43.0,0.0027940368029319147,40.00732423153007
880,43.0,0.002793499594626736,39.999666435186235
881,43.0,0.0027931158567485385,39.994196320848474
882,43.0,0.0027925612718150464,39.986290800635516
883,43.0,0.0027920341534834305,39.97877679946317
884,43.0,0.0027912710300109283,39.96789855417073
885,43.0,0.002790708354743214,39.95987766005281
886,43.0,0.0027896062396770786,39.944167049839216
887,43.0,0.0027886922201801542,39.931137693080665
888,43.0,0.002787862730244554,39.919313273035804
889,43.0,0.002786892455531426,39.905481919180325
890,43.0,0.002786093473874708,39.89409233109221
891,43.0,0.0027854259583101463,39.8845767870174
892,43.0,0.002784362314954191,39.869414334159295
893,43.0,0.0027839096684404104,39.86296175017422
894,43.0,0.0027826324325928653,39.84475439820114
895,43.0,0.002781112629609056,39.82308908728691
896,43.0,0.002779799546794076,39.80437055814331
897,43.0,0.0027790437928906335,39.79359694344554
898,43.0,0.002778799410157277,39.79011315115412
899,43.0,0.00277820405232193,39.78162603016606
900,43.0,0.0027781053412293264,39.780218853058734
901,43.0,0.0027782523841791886,39.7823150253467
902,43.0,0.002778848272899144,39.790809713036346
903,43.0,0.0027791623499828786,39.79528703029591
904,43.0,0.0027793535807754174,39.798013113413084
905,43.0,0.002779536193846456,39.80061634537913
906,43.0,0.0027792109667330663,39.79598008464346
907,43.0,0.002778719785331838,39.78897806074437
908,43.0,0.002777996547139244,39.77866793715064
909,43.0,0.0027771954813840156,39.76724831470867
910,43.0,0.0027767766003353182,39.761276928796725
911,43.0,0.0027764992572231625,39.75732324169744
912,43.0,0.0027758747165722666,39.74842003923471
913,43.0,0.002775552883738236,39.74383211174424
914,43.0,0.0027749568777079014,39.73533566209911
915,43.0,0.0027739383805718792,39.720816292237764
916,43.0,0.002772801422783105,39.70460812922471
917,43.0,0.002771876603387095,39.691424110304226
918,43.0,0.002770539081568418,39.672356628697095
919,43.0,0.0027692133313966783,39.6534568810966
920,43.0,0.0027681821529715396,39.63875646022536
921,43.0,0.0027672795817353835,39.625889416283286
922,43.0,0.0027670041442064966,39.621962775007226
923,43.0,0.0027669264686479966,39.62085543052958
924,43.0,0.002767200964278706,39.62476864507103
925,43.0,0.002767791097699245,39.6331815858544
926,43.0,0.00276839341853977,39.64176825408081
927,43.0,0.002769088490848424,39.65167716393624
928,43.0,0.0027698658075086713,39.66275851830174
929,43.0,0.0027702592870182882,39.6683679152604
930,43.0,0.002770350339562757,39.6696659484677
931,43.0,0.0027699602884129816,39.66410542744947
932,43.0,0.0027694266351552615,39.65649772126708
933,43.0,0.0027692111008227388,39.653425082213985
934,43.0,0.0027686084323796365,39.644833481061646
935,43.0,0.002767676297973593,39.631545002455844
936,43.0,0.002766778745488741,39.618749485148555
937,43.0,0.002765675545077806,39.603022198556445
938,43.0,0.0027647860125098794,39.59034093220088
939,43.0,0.002763780899994111,39.57601190294855
940,43.0,0.0027626207927462245,39.55947318907759
941,43.0,0.0027612958563735645,39.54058456410596
942,43.0,0.002760462093235223,39.528698186782144
943,43.0,0.0027594945922778578,39.51490516323538
944,43.0,0.002759122194550439,39.509596122866
945,43.0,0.002759232269284337,39.51116538983055
946,43.0,0.0027600461065809085,39.52276774443071
947,43.0,0.0027617226737304988,39.54666938805926
948,43.0,0.0027638634736178672,39.577189086198175
949,43.0,0.002766678181706168,39.61731584455593
950,43.0,0.0027693989669808124,39.65610328625166
951,43.0,0.002771734215935521,39.68939426310315
952,43.0,0.0027736728182087135,39.7170305122282
953,43.0,0.0027754715242799682,39.742672281246435
954,43.0,0.002776554632513125,39.758112648889245
955,43.0,0.0027776528705690715,39.77376864670602
956,43.0,0.0027789203480876345,39.79183717930857
957,43.0,0.002780220159470605,39.810366571343344
958,43.0,0.002781553634438092,39.829375772690575
959,43.0,0.002782625067839734,39.84464941138258
960,43.0,0.00278378010471938,39.86111478671591
961,43.0,0.002785042309863433,39.87910780615725
962,43.0,0.002786315039149007,39.89725077599529
963,43.0,0.002787041350513475,39.90760443341659
964,43.0,0.0027873940410662276,39.91263207174179
965,43.0,0.0027874970144703836,39.91409996661894
966,43.0,0.002787232874176637,39.910334622671705
967,43.0,0.002787415520474734,39.91293826262749
968,43.0,0.0027878492399748276,39.91912096831437
969,43.0,0.0027888304762484577,39.933108537117256
970,43.0,0.0027902845099987998,39.95383577518461
971,43.0,0.002792148737275532,39.98041017714153
972,43.0,0.002794616386749419,40.01558606751032
973,43.0,0.0027973076971495713,40.05394988653402
974,43.0,0.0028000391958736396,40.09288624003693
975,43.0,0.002802379489899549,40.126245865997745
976,43.0,0.002804551100153108,40.15720077243357
977,43.0,0.002806488938108587,40.18482322353047
978,43.0,0.002808557103123907,40.2143032017317
979,43.0,0.0028106158060110646,40.243648111296984
980,43.0,0.0028130275742524052,40.27802539563329
981,43.0,0.0028156525366177998,40.31544124205088
982,43.0,0.0028180549991458155,40.34968533134424
983,43.0,0.0028202333694511295,40.38073503948026
984,43.0,0.002822712131647032,40.416066162395225
985,43.0,0.002825153681084252,40.45086659789456
986,43.0,0.0028273691166134274,40.48244390097095
987,43.0,0.002828872738799568,40.50387537583231
988,43.0,0.002829259847620427,40.50939291071076
989,43.0,0.002829422380360725,40.51170951840922
990,43.0,0.0028299476811081874,40.51919671399585
991,43.0,0.0028303240928614806,40.524561763187464
992,43.0,0.0028310748358302395,40.535262188070384
993,43.0,0.002831729654123436,40.54459536665027
994,43.0,0.0028328766731265122,40.56094387497337
995,43.0,0.0028348015686190053,40.58837935352101
996,43.0,0.002837026205325778,40.62008682414564
997,43.0,0.0028394954268296433,40.65528006709902
998,43.0,0.0028421015296123415,40.69242394552559
999,43.0,0.0028449503992912318,40.73302754175458
1000,43.0,0.002847729889887905,40.772641953774226
1001,43.0,0.0028503563499982193,40.810074990190195
1002,43.0,0.002852873349205283,40.84594766420426
1003,43.0,0.002855661601645021,40.885685945114496
1004,43.0,0.0028588178492370783,40.930668479099594
1005,43.0,0.0028621422422018816,40.97804691317323
1006,43.0,0.002865701923194174,41.02877805561564
1007,43.0,0.0028692556674269724,41.079424013144525
1008,43.0,0.002872432730045896,41.124701229111984
1009,43.0,0.002875487371992039,41.16823335934779
1010,43.0,0.002878536919471962,41.21169246305572
1011,43.0,0.0028813330897749703,41.25154031559184
1012,43.0,0.0028836137842902145,41.284041926884974
1013,43.0,0.0028852963148069764,41.30801909946066
1014,43.0,0.0028864279046719415,41.3241449307654
1015,43.0,0.0028872301973466527,41.335578045083096
1016,43.0,0.0028883968967624916,41.35220410460212
1017,43.0,0.002889968220058291,41.37459616189273
1018,43.0,0.0028930534254671125,41.41856138637045
1019,43.0,0.0028964704160269654,41.46725415517905
1020,43.0,0.002899819693310182,41.51498148001745
1021,43.0,0.002903298393687491,41.56455254703138
1022,43.0,0.002906522051546937,41.6104887957394
1023,43.0,0.002909783111422209,41.65695753075607
1024,43.0,0.0029127045851164084,41.69858689327101
1025,43.0,0.0029156444938141773,41.74047855129299
1026,43.0,0.0029183866137478965,41.77955150143199
1027,43.0,0.0029209118331983727,41.81553349504944
1028,43.0,0.0029236135232843124,41.854029706635494
1029,43.0,0.00292588102093963,41.88633888073495
1030,43.0,0.002927640973995621,41.91141597974165
1031,43.0,0.002929397991839711,41.93645111479568
1032,43.0,0.0029308163699690746,41.95666098784858
1033,43.0,0.0029323954448045348,41.97916045271138
1034,43.0,0.002933577632447354,41.99600479168609
1035,43.0,0.002934653816186219,42.01133868414539
1036,43.0,0.002935245895822279,42.01977484694977
1037,43.0,0.0029354657011065877,42.02290670733056
1038,43.0,0.0029352075506826323,42.01922849214468
1039,43.0,0.0029354085257937697,42.02209205425735
1040,43.0,0.0029358228032607104,42.02799481546853
1041,43.0,0.0029366362401049336,42.039584907620174
1042,43.0,0.002938009191355358,42.05914706041524
1043,43.0,0.0029399210145072017,42.08638705164445
1044,43.0,0.0029422618991713965,42.11974015948741
1045,43.0,0.002944392437621869,42.150096020805826
1046,43.0,0.002946689385200128,42.1828226435542
1047,43.0,0.002949402985498978,42.221485372314774
1048,43.0,0.002951845193104354,42.25628107572659
1049,43.0,0.0029542175160996833,42.29008082771363
1050,43.0,0.002956240252345076,42.31889962798574
1051,43.0,0.002958023254650466,42.34430268016608
1052,43.0,0.0029596470206795012,42.36743691177424
1053,43.0,0.0029611821451507115,42.38930813269338
1054,43.0,0.0029625778402407885,42.409192782478016
1055,43.0,0.0029640498670632704,42.4301648441573
1056,43.0,0.002965391429731411,42.44927808850647
1057,43.0,0.002966730754970152,42.468359374337716
1058,43.0,0.002967787792848281,42.483418871432804
1059,43.0,0.0029688430678213437,42.49845320180342
1060,43.0,0.0029701351312564107,42.51686094961522
1061,43.0,0.002971142824125725,42.53121727875751
1062,43.0,0.0029721488363865186,42.5455496185384
1063,43.0,0.0029733428958546534,42.562560947756666
1064,43.0,0.00297492517439063,42.58510299212369
1065,43.0,0.0029764650485924163,42.60704081050638
1066,43.0,0.002977830303460523,42.62649082406825
1067,43.0,0.002979422238125676,42.649170109108866
1068,43.0,0.002980734857736474,42.667870082538684
1069,43.0,0.0029822650278321723,42.68966924638765
1070,43.0,0.002983880707602091,42.71268648534263
1071,43.0,0.002985305416096656,42.73298301744543
1072,43.0,0.002986559754753047,42.750852368097995
1073,43.0,0.0029876269253964133,42.766055260470836
1074,43.0,0.0029884032577800804,42.77711484398862
1075,43.0,0.002989166007626985,42.78798090475993
1076,43.0,0.002989408334376749,42.79143306271877
1077,43.0,0.002989969513441693,42.79942754243026
1078,43.0,0.002990585451181655,42.80820209016077
1079,43.0,0.0029911971453286407,42.8169161672457
1080,43.0,0.0029915896604527513,42.82250785317095
1081,43.0,0.0029921116634277615,42.82994418425118
1082,43.0,0.002992735869513039,42.838836460389494
1083,43.0,0.0029931029356150677,42.844065579489445
1084,43.0,0.002993647308791568,42.85182055334132
1085,43.0,0.002994107968770966,42.85838296402552
1086,43.0,0.002994253900363364,42.860461855516846
1087,43.0,0.002994222843519622,42.86001943043758
1088,43.0,0.0029941665655108243,42.85921771323187
1089,43.0,0.0029946941203311843,42.86673307254403
1090,43.0,0.0029953602640527487,42.87622270218124
1091,43.0,0.002996400891165787,42.8910470390376
1092,43.0,0.002997565462139603,42.90763696954608
1093,43.0,0.002999020625638457,42.9283664576315
1094,43.0,0.0030004075798448202,42.94812418242721
1095,43.0,0.00300166512261548,42.96603831306649
1096,43.0,0.0030024890052808358,42.97777476679734
1097,43.0,0.0030030683440305816,42.9860276011509
1098,43.0,0.0030033959334993436,42.99069419336393
1099,43.0,0.003003505722247868,42.992258159880656
1100,43.0,0.003003571521470124,42.99319548499734
1101,43.0,0.0030037269279716504,42.995409285717514
1102,43.0,0.0030036240484964116,42.9939437444757
1103,43.0,0.0030032922542091306,42.98921725701173
1104,43.0,0.003002444328136113,42.97713832836971
1105,43.0,0.003001581843704442,42.96485197847537
1106,43.0,0.0030006655349593,42.95179884790892
1107,43.0,0.0029996767783613053,42.937713630034544
1108,43.0,0.002998689670790325,42.923651858725464
1109,43.0,0.0029974294575371603,42.905699515118215
1110,43.0,0.0029961423782195623,42.887364376773235
1111,43.0,0.0029950033567041484,42.87113833860107
1112,43.0,0.0029946209257085167,42.865690368605215
1113,43.0,0.002994450774813249,42.86326645997223
1114,43.0,0.002994943126366209,42.87028032000816
1115,43.0,0.002996101114181227,42.88677654706503
1116,43.0,0.002998274638612351,42.91773953382983
1117,43.0,0.0030007829180306147,42.953471011929025
1118,43.0,0.003002937349813935,42.98416155508345
1119,43.0,0.003005414180838667,43.01944451308644
1120,43.0,0.0030075543692404173,43.04993170372447
1121,43.0,0.003009531287707724,43.07809291284281
1122,43.0,0.0030113527597140388,43.10403962898661
1123,43.0,0.0030128318807715222,43.12510947326646
1124,43.0,0.00301414374051014,43.14379662319946
1125,43.0,0.0030155993534913537,43.1645314142522
1126,43.0,0.003016588888970115,43.17862700929068
1127,43.0,0.0030177129477297567,43.19463878838382
1128,43.0,0.0030185478608115994,43.206531762669975
1129,43.0,0.003019135531909848,43.214902863210874
1130,43.0,0.0030201284925341046,43.229047088136724
1131,43.0,0.0030205018976370126,43.234366044486
1132,43.0,0.0030205789559514954,43.23546369824719
1133,43.0,0.003020774974221121,43.238255870621416
1134,43.0,0.003021010424136202,43.24160972276892
1135,43.0,0.003021186295080352,43.24411490420129
1136,43.0,0.0030217216289357405,43.2517404213949
1137,43.0,0.0030225643593170728,43.263744595570955
1138,43.0,0.003023633803540454,43.27897812189739
1139,43.0,0.0030248509853325746,43.29631600883714
1140,43.0,0.0030263783064321814,43.31807151358622
1141,43.0,0.0030280604017132286,43.34203153349275
1142,43.0,0.0030299536592838638,43.36899922675145
1143,43.0,0.003031830968984534,43.39573959610575
1144,43.0,0.0030337921840518675,43.42367494058531
1145,43.0,0.0030358551459157353,43.45305936670227
1146,43.0,0.003037496966471983,43.476444999609974
1147,43.0,0.0030389366415165624,43.49695122726773
1148,43.0,0.0030402422720633188,43.51554809030579
1149,43.0,0.0030415443048328592,43.53409363071018
1150,43.0,0.0030426439944672046,43.549757030780526
1151,43.0,0.003043468657125007,43.56150305525602
1152,43.0,0.0030443447652580015,43.57398180577522
1153,43.0,0.0030455335515018984,43.5909140968794
1154,43.0,0.0030469651090099603,43.61130417706119
1155,43.0,0.0030483137206612242,43.63051275039987
1156,43.0,0.0030498580521352643,43.65250890254755
1157,43.0,0.003051354069628907,43.67381680754189
1158,43.0,0.0030529801080940618,43.69697649665325
1159,43.0,0.003054398916855418,43.71718451168097
1160,43.0,0.003055861949625272,43.73802231074319
1161,43.0,0.003057629218362358,43.76319317585124
1162,43.0,0.0030600480601740833,43.79764403886748
1163,43.0,0.0030623610306949587,43.83058675836152
1164,43.0,0.003065206214244936,43.87110924199042
1165,43.0,0.003068030082081643,43.91132777209866
1166,43.0,0.0030710935927355837,43.95495896945411
1167,43.0,0.0030740288688265384,43.99676342052407
1168,43.0,0.003076821383116323,44.03653428144284
1169,43.0,0.0030795899053121375,44.075963097242095
1170,43.0,0.003081988410713777,44.11012191526288
1171,43.0,0.0030844139204552748,44.1446650546487
1172,43.0,0.003086374958999795,44.17259318505963
1173,43.0,0.0030887054505067436,44.20578265194803
1174,43.0,0.0030905035507534993,44.231389951622155
1175,43.0,0.003092417754645212,44.25865055716914
1176,43.0,0.00309404252760617,44.2817891811164
1177,43.0,0.003096020406508521,44.30995627488817
1178,43.0,0.003097764901426841,44.33479958519305
1179,43.0,0.003099251485980399,44.35596989073963
1180,43.0,0.003101187723821963,44.38354351388052
1181,43.0,0.003102923512275001,44.4082624272546
1182,43.0,0.003104692343644041,44.43345175499342
1183,43.0,0.0031061461427069003,44.454154707742724
1184,43.0,0.0031079823064015886,44.480302619855024
1185,43.0,0.0031102791579782733,44.51301074725066
1186,43.0,0.0031127846476777027,44.548689694678274
1187,43.0,0.003115398929965034,44.58591757724041
1188,43.0,0.0031180975272589494,44.62434579507915
1189,43.0,0.003121150193829328,44.66781558468375
1190,43.0,0.0031242829738103825,44.71242574302119
1191,43.0,0.0031274328845625585,44.7572793892673
1192,43.0,0.0031305426722861686,44.80156125392333
1193,43.0,0.0031334352519068152,44.84274978531806
1194,43.0,0.0031358991653077143,44.87783407620128
1195,43.0,0.0031384234798496912,44.91377814748695
1196,43.0,0.003141280526965652,44.954459694657146
1197,43.0,0.0031437104356320696,44.9890589168376
1198,43.0,0.003146499076562095,45.028765759713494
1199,43.0,0.003149682170304678,45.07408869616049
1200,43.0,0.00315286883172226,45.11946196910034
1201,43.0,0.0031563334403853045,45.1687922685064
1202,43.0,0.0031596640114329704,45.21621357837331
1203,43.0,0.003162834025350339,45.26134837563268
1204,43.0,0.00316610157921005,45.307871471758595
1205,43.0,0.0031693636835136247,45.35431649251569
1206,43.0,0.0031725263085424127,45.399344689586215
1207,43.0,0.0031754122658285313,45.44043340382196
1208,43.0,0.0031783517294411575,45.48228352248071
1209,43.0,0.0031813436618240913,45.52488025225449
1210,43.0,0.003184417312193588,45.56863999247334
1211,43.0,0.0031876433715325096,45.614569125259976
1212,43.0,0.0031907318356982845,45.65853888310893
1213,43.0,0.0031936143543659554,45.69957625004067
1214,43.0,0.0031968184326651395,45.745191100037665
1215,43.0,0.0032000389112634593,45.79103896165948
1216,43.0,0.0032034092821371426,45.83902023636319
1217,43.0,0.0032064353222701265,45.88209910890912
1218,43.0,0.003209405626073248,45.92438411042774
1219,43.0,0.0032123391490315656,45.966145108470016
1220,43.0,0.0032154765711108805,46.010808336546944
1221,43.0,0.003218320506750386,46.05129320839803
1222,43.0,0.0032204604357942545,46.081755945054034
1223,43.0,0.0032223706195614638,46.10894799062899
1224,43.0,0.0032241069585650893,46.13366515906823
1225,43.0,0.0032256261737955497,46.15529141011967
1226,43.0,0.003226759767612993,46.17142821547024
1227,43.0,0.0032275697760277824,46.18295871897538
1228,43.0,0.003228162229127732,46.191392294597755
1229,43.0,0.0032283021465406413,46.19338401799394
1230,43.0,0.003228452485227778,46.19552408716244
1231,43.0,0.003228946424515495,46.202555298965045
1232,43.0,0.003229660980328018,46.21272696110156
1233,43.0,0.003231298955855103,46.23604336363093
1234,43.0,0.0032332894174629703,46.264377202532735
1235,43.0,0.0032346670875442788,46.283987966031766
1236,43.0,0.0032358685117348674,46.30108984607287
1237,43.0,0.0032368454725592542,46.31499651512237
1238,43.0,0.0032384010832994326,46.33713995788726
1239,43.0,0.0032400018478997185,46.359926031184635
1240,43.0,0.0032414552470412263,46.38061433074986
1241,43.0,0.0032426273025976467,46.3972977963842
1242,43.0,0.003243656246458998,46.41194410646885
1243,43.0,0.003244775615930685,46.42787750833967
1244,43.0,0.0032455325096722534,46.438651302220904
1245,43.0,0.0032460289837545463,46.445718210576565
1246,43.0,0.0032466059401665636,46.45393070591879
1247,43.0,0.0032474619306096797,46.46611499101946
1248,43.0,0.0032480700263334324,46.47477068849283
1249,43.0,0.003248548984061614,46.481588210516726
1250,43.0,0.003249058995903374,46.48884774775542
1251,43.0,0.003249851506176382,46.50012836005028
1252,43.0,0.0032505332750312546,46.509832653171536
1253,43.0,0.0032509970854296814,46.5164345150482
1254,43.0,0.003251316126885821,46.52097573490034
1255,43.0,0.0032514929648821377,46.523492835944964
1256,43.0,0.003251857751631033,46.52868518334979
1257,43.0,0.00325250195791368,46.53785475278088
1258,43.0,0.0032537511799075308,46.5556360030183
1259,43.0,0.0032555885492891235,46.5817887313719
1260,43.0,0.0032575669544029654,46.60994876073079
1261,43.0,0.003259762904257585,46.64120504846742
1262,43.0,0.003262162409719502,46.67535841572958
1263,43.0,0.0032645121618620513,46.70880336493186
1264,43.0,0.003266509392617742,46.737230540517864
1265,43.0,0.0032684123951328583,46.76431636873953
1266,43.0,0.003270666650323064,46.796401435557996
1267,43.0,0.003272553278288328,46.82325384502621
1268,43.0,0.003274306653591353,46.848209521685035
1269,43.0,0.0032760158548495047,46.87253633730935
1270,43.0,0.0032777653922874436,46.89743711422575
1271,43.0,0.003279597621120441,46.923514669968256
1272,43.0,0.0032814267942015488,46.94954858166483
1273,43.0,0.0032826672764104357,46.96720379760111
1274,43.0,0.003283567955393931,46.98002270574181
1275,43.0,0.003284719825130531,46.996416630925104
1276,43.0,0.0032859353395274546,47.013716309870674
1277,43.0,0.0032871028649007804,47.030332926825224
1278,43.0,0.0032880187343645177,47.043367848117335
1279,43.0,0.003289190323575349,47.06004219175212
1280,43.0,0.0032910248692782384,47.0861517684748
1281,43.0,0.003292692151032835,47.109880682400224
1282,43.0,0.0032941795342610785,47.13104915642857
1283,43.0,0.0032958228527461293,47.15443678769103
1284,43.0,0.0032989055981835114,47.19830994389881
1285,43.0,0.003301909360938938,47.24105861465063
1286,43.0,0.003305070958746645,47.2860531039066
1287,43.0,0.003308252428827354,47.33132994740703
1288,43.0,0.0033112462180628598,47.37393540479493
1289,43.0,0.0033138370620605325,47.410806105749174
1290,43.0,0.003316154946113974,47.44379201262838
1291,43.0,0.0033184611834486486,47.47661193183504
1292,43.0,0.0033202152584939186,47.50157390195272
1293,43.0,0.003322348155992099,47.53192664699786
1294,43.0,0.0033247265952324576,47.565773392592206
1295,43.0,0.0033267668378091286,47.594807173345735
1296,43.0,0.003328618599103051,47.62115859713214
1297,43.0,0.0033305280073710067,47.64833020070532
1298,43.0,0.0033319762105501576,47.668938570343215
1299,43.0,0.0033332986877270205,47.68775773751865
1300,43.0,0.003334356106198382,47.702804998518
1301,43.0,0.0033352343488111617,47.71530251512417
1302,43.0,0.003336009478381536,47.726332689385565
1303,43.0,0.0033366312922314856,47.73518114525947
1304,43.0,0.0033374993015267847,47.74753295062413
1305,43.0,0.0033386547510308655,47.76397498791063
1306,43.0,0.0033401451914993447,47.785183854220286
1307,43.0,0.0033419319503523613,47.81060917769343
1308,43.0,0.0033434163330900712,47.831731621699916
1309,43.0,0.003345173489708553,47.85673544917185
1310,43.0,0.0033470585347286025,47.883558935149175
1311,43.0,0.00334894043591106,47.91033752417005
1312,43.0,0.0033510264786481662,47.94002076534048
1313,43.0,0.003352922683982285,47.96700255280932
1314,43.0,0.0033548565374386745,47.99451988039716
1315,43.0,0.0033564848780546605,48.01768985056657
1316,43.0,0.0033585030497518633,48.046406634310145
1317,43.0,0.0033609365258892407,48.08103258342108
1318,43.0,0.0033631939319373394,48.1131529890308
1319,43.0,0.0033656630595623903,48.14828569429223
1320,43.0,0.00336777745222512,48.17837072876816
1321,43.0,0.0033698650750128693,48.208074663425904
1322,43.0,0.003371425033832388,48.230270552848204
1323,43.0,0.0033727251954970942,48.248769831281734
1324,43.0,0.003374104535893993,48.26839561583579
1325,43.0,0.0033751827395724354,48.283736651292834
1326,43.0,0.0033766579575935777,48.30472645128088
1327,43.0,0.003377779462365537,48.32068345747152
1328,43.0,0.0033796528441143335,48.34733820004616
1329,43.0,0.0033818851680151303,48.379099814188656
1330,43.0,0.003384557107408312,48.417116001005304
1331,43.0,0.003386605077034436,48.44625416501264
1332,43.0,0.003388432433928959,48.47225332742083
1333,43.0,0.003390465676991441,48.501181606510784
1334,43.0,0.0033925695868249344,48.53111510994086
1335,43.0,0.003395588545131547,48.57406716857082
1336,43.0,0.003398702509296127,48.618370483174445
1337,43.0,0.0034017672233745437,48.66197267102205
1338,43.0,0.0034049014960909224,48.70656403894412
1339,43.0,0.0034075220985382484,48.74384706537418
1340,43.0,0.0034100033234706873,48.77914689504724
1341,43.0,0.0034121814411988386,48.810134255743094
1342,43.0,0.003414610585673057,48.84469263634341
1343,43.0,0.0034170028125539097,48.878725544033145
1344,43.0,0.0034193414610180577,48.9119959691048
1345,43.0,0.0034213924799188344,48.94117427132358
1346,43.0,0.0034229312715260414,48.9630653756978
1347,43.0,0.0034242162118087852,48.981345066529585
1348,43.0,0.0034252692734103004,48.99632597170825
1349,43.0,0.0034264371568565573,49.01294027898885
1350,43.0,0.003427368977490384,49.026196312722945
1351,43.0,0.0034282057807987695,49.038100601070646
1352,43.0,0.003429372468959485,49.05469774838519
1353,43.0,0.003430488878838792,49.07057958571618
1354,43.0,0.003431732358973817,49.08826903389462
1355,43.0,0.0034329941560025867,49.10621898187294
1356,43.0,0.0034343339525018395,49.125278447753125
1357,43.0,0.0034356959662640452,49.14465388476367
1358,43.0,0.0034377901412798446,49.17444457630592
1359,43.0,0.0034404315166214556,49.212019182826616
1360,43.0,0.0034427880189418013,49.2455410903116
1361,43.0,0.0034451047764789515,49.27849737082136
1362,43.0,0.0034471140405710277,49.307079305670506
1363,43.0,0.003449099250460458,49.33531888728264
1364,43.0,0.003449692490257989,49.34375767992445
1365,43.0,0.0034503027212125633,49.35243815382576
1366,43.0,0.0034502295973047855,49.3513979744918
1367,43.0,0.003451563986179076,49.370379467322564
1368,43.0,0.003452883968902202,49.38915595499921
1369,43.0,0.0034541589576282117,49.407292336899374
1370,43.0,0.0034551913896615177,49.42197835896017
1371,43.0,0.003456462530120751,49.440059866956524
1372,43.0,0.003457407070065882,49.45349555452364
1373,43.0,0.003458263798734088,49.465682128127284
1374,43.0,0.003459068895530127,49.4771342315251
1375,43.0,0.0034589585892900857,49.475565181605624
1376,43.0,0.0034596208600017934,49.48498563587339
1377,43.0,0.0034604554701573023,49.49685750011872
1378,43.0,0.003460803637787939,49.50180998122754
1379,43.0,0.003462269045517622,49.52265448948769
1380,43.0,0.0034638621427130053,49.54531518969989
1381,43.0,0.00346379322784481,49.54433492599285
1382,43.0,0.003464313151711992,49.55173045823763
1383,43.0,0.003464718854089052,49.55750126577321
1384,43.0,0.003464897785750122,49.560046430088704
1385,43.0,0.003464712695445026,49.557413663805214
1386,43.0,0.003465686854970816,49.57127031133205
1387,43.0,0.0034664795664220115,49.58254597188532
1388,43.0,0.003467083050263131,49.59113000803179
1389,43.0,0.0034672296327831575,49.59321501521103
1390,43.0,0.0034671156409022534,49.59159358123901
1391,43.0,0.0034670018391345595,49.589974850870156
1392,43.0,0.003466839679999485,49.58766827833024
1393,43.0,0.0034666430308483444,49.58487111372993
1394,43.0,0.003465153153644042,49.56367883810245
1395,43.0,0.0034636657612249367,49.54252180577906
1396,43.0,0.003461973640918573,49.51845255171927
1397,43.0,0.0034603121321829695,49.49481859958493
1398,43.0,0.0034586533944759444,49.4712239383857
1399,43.0,0.0034570686018998817,49.448680990410985
1400,43.0,0.0034557211136780294,49.42951349823284
1401,43.0,0.0034547438917003526,49.415612846683246
1402,43.0,0.0034537176312592582,49.401014592840006
1403,43.0,0.0034528280437457616,49.38836043255039
1404,43.0,0.0034520631159152583,49.377479496343554
1405,43.0,0.0034514163291042513,49.36827907032227
1406,43.0,0.0034507369956178857,49.35861565320883
1407,43.0,0.003449912052059093,49.34688092639447
1408,43.0,0.003449020525873027,49.33419903459285
1409,43.0,0.003447925684415999,49.3186249491478
1410,43.0,0.003446771828510671,49.30221132600586
1411,43.0,0.003445380267014325,49.282416255548334
1412,43.0,0.0034439910263343513,49.26265411101179
1413,43.0,0.0034427133040404703,49.24447825372946
1414,43.0,0.003441579270992403,49.22834634273244
1415,43.0,0.0034405432563746506,49.21360871791071
1416,43.0,0.0034396270611387844,49.200575519760775
1417,42.12,0.0034388382418631793,50.883355032751474
1418,42.12,0.0034383142304512397,50.87564403764292
1419,42.12,0.0034379499787070274,50.87028394940189
1420,42.12,0.0034376822636272507,50.866344427014035
1421,42.12,0.0034374054715012006,50.86227132912325
1422,42.12,0.003437033058460087,50.85679112862561
1423,42.12,0.0034369016521871355,50.8548574334456
1424,42.12,0.0034370753200521032,50.85741302446248
1425,42.12,0.0034377604499331773,50.86749496659599
1426,42.12,0.0034390095168385045,50.88587539585527
1427,42.12,0.003440601936570209,50.90930826811964
1428,42.12,0.0034422170867030497,50.93307550227229
1429,42.12,0.0034438449457894335,50.957029626819605
1430,42.12,0.0034455951795535206,50.982784369020514
1431,42.12,0.0034472090671059,51.00653264488918
1432,42.12,0.003448976336892703,51.03253779218902
1433,42.12,0.0034506810312775814,51.057622011249826
1434,42.12,0.0034521967228338083,51.07992497862304
1435,42.12,0.0034535658155679942,51.10007069336794
1436,42.12,0.00345473602942166,51.11728990589989
1437,42.12,0.0034560314009427734,51.13635068656279
1438,42.12,0.003457590952760738,51.15929865087385
1439,42.12,0.003458688709956685,51.175451487623555
1440,42.12,0.0034597698837757983,51.191360254532505
1441,42.12,0.0034608203297043973,51.20681682791106
1442,42.12,0.003461854140497623,51.22202857627158
1443,42.12,0.003462803479785733,51.23599734566514
1444,42.12,0.0034635191089697455,51.24652722950679
1445,42.12,0.003464225584056661,51.25692239484215
1446,42.12,0.0034647520507550492,51.26466887831439
1447,42.12,0.0034650104863692944,51.26847152092788
1448,42.12,0.003465506277564226,51.27576662403166
1449,42.12,0.003466621507915076,51.292176151913495
1450,42.12,0.003468127108870993,51.31432951001875
1451,42.12,0.003469609536301301,51.33614178949236
1452,42.12,0.0034712456444294885,51.360215190363704
1453,42.12,0.003472953230161705,51.385340165523786
1454,42.12,0.0034749048496349306,51.41405562207236
1455,42.12,0.0034769152351707333,51.443635554831324
1456,42.12,0.00347872278355507,51.470230868178845
1457,42.12,0.0034806217290651487,51.498170785034766
1458,42.12,0.00348214469386659,51.52057863027738
1459,42.12,0.0034837202216409166,51.543759735714275
1460,42.12,0.003485105274883101,51.56413824873174
1461,42.12,0.0034865035196973786,51.58471075993689
1462,42.12,0.003487913063609641,51.60544942276006
1463,42.12,0.0034890121983690917,51.62162096132925
1464,42.12,0.0034895987605799536,51.63025101125588
1465,42.12,0.003489619348577749,51.63055392077356
1466,42.12,0.003489620636999889,51.63057287722184
1467,42.12,0.003489738207833148,51.63230268682917
1468,42.12,0.003489784382330325,51.63298204807639
1469,42.12,0.0034892564144185113,51.62521409742631
1470,42.12,0.0034885075159144107,51.61419558973246
1471,42.12,0.0034877306915846954,51.602766182827054
1472,42.12,0.0034866602697229024,51.587017032490856
1473,42.12,0.00348561813960642,51.57168408769762
1474,42.12,0.003484605174754295,51.556780204828215
1475,42.12,0.0034835240595131912,51.54087356321336
1476,42.12,0.0034826280941600085,51.52769102329269
1477,42.12,0.003481785541499615,51.515294321884674
1478,42.12,0.0034811089323020673,51.50533916660477
1479,42.12,0.003480518708911749,51.496655014182025
1480,42.12,0.0034799416014103376,51.488163824332744
1481,42.12,0.00347918904521801,51.47709117136748
1482,42.12,0.0034782776908113726,51.463682022624994
1483,42.12,0.0034769314864424683,51.44387466815507
1484,42.12,0.0034753869135897065,51.42114851741964
1485,42.12,0.0034736518745206433,51.395619798515554
1486,42.12,0.0034717779822273464,51.36804788586421
1487,42.12,0.003469710256532012,51.337623772498596
1488,42.12,0.003467480277988451,51.304812076835674
1489,42.12,0.003465064663517612,51.26926868748905
1490,42.12,0.003462511980731225,51.23170817440802
1491,42.12,0.0034598722735576792,51.19286685047698
1492,42.12,0.003457197514646702,51.15350943190663
1493,42.12,0.0034544832941250945,51.113571016068015
1494,42.12,0.00345155912822828,51.07054296969129
1495,42.12,0.0034485990227397785,51.026985675364145
1496,42.12,0.0034459493890446062,50.987996554739766
1497,42.12,0.003443633071689881,50.953911883324324
1498,42.12,0.0034415735393077207,50.92360559754997
1499,42.12,0.0034398150845071783,50.897729549414805
1500,42.12,0.00343793975972858,50.87013357357012
1501,42.12,0.003436455938298924,50.84829857157926
1502,42.12,0.003435010585442036,50.827029549785095
1503,42.12,0.0034337055466874865,50.80782522908637
1504,42.12,0.0034324166665753207,50.788858612504505
1505,42.12,0.003431089139419824,50.769323200588644
1506,42.12,0.003429406438631872,50.74456106211363
1507,42.12,0.0034275486182646286,50.717221759741946
1508,42.12,0.0034254851781171606,50.68685640858169
1509,42.12,0.003423345713144051,50.655372073115615
1510,42.12,0.0034210504546572135,50.62159484303829
1511,42.12,0.0034186721012346545,50.586594518851854
1512,42.12,0.0034162017148127027,50.55023953678095
1513,42.12,0.003413499167963752,50.510467680000204
1514,42.12,0.003410791151984296,50.47061499231086
1515,42.12,0.003408163997412926,50.43195197677672
1516,42.12,0.0034053876899466915,50.391093571504264
1517,42.12,0.0034026534964802916,50.35085459562655
1518,42.12,0.0033998932410512907,50.310231710348475
1519,42.12,0.003397401751664185,50.27356396703969
1520,42.12,0.003395667650034147,50.248042677069435
1521,42.12,0.003394279831850809,50.22761764171197
1522,42.12,0.00339277194145071,50.205425356206234
1523,42.12,0.003391393306712982,50.185135289414106
1524,42.12,0.003390551202321802,50.1727415678911
1525,42.12,0.003389773572736471,50.16129672851834
1526,42.12,0.0033891073683311674,50.15149177747686
1527,42.12,0.003388692845747227,50.14539097623181
1528,42.12,0.0033880588044008456,50.136059357469776
1529,42.12,0.0033875109601689654,50.1279963451689
1530,42.12,0.0033865406355810933,50.11371535501347
1531,42.12,0.0033856834510613905,50.10109949469673
1532,42.12,0.0033849627408002545,50.090492206864134
1533,42.12,0.003384074217701152,50.07741504531903
1534,42.12,0.003383054011297266,50.06239974105819
1535,42.12,0.003381879926860747,50.0451196133932
1536,42.12,0.003380762734753525,50.028676764501334
1537,42.12,0.0033795256353503817,50.01046904981884
1538,42.12,0.003378247509596661,49.991657430802235
1539,42.12,0.0033772128414506324,49.9764289958043
1540,42.12,0.0033763940598366903,49.964377982548854
1541,42.12,0.003375133760774167,49.94582855380407
1542,42.12,0.0033743132803619722,49.93375245691683
1543,42.12,0.003374050667486829,49.929887228728695
1544,42.12,0.003374442360843569,49.93565230742192
1545,42.12,0.0033751193927628043,49.94561708102416
1546,42.12,0.0033755122505538175,49.951399278489596
1547,42.12,0.003376118366853176,49.96032026366848
1548,42.12,0.003376883266886378,49.97157824651086
1549,42.12,0.0033782856667661154,49.99221903403711
1550,42.12,0.0033802637241678425,50.0213323008145
1551,42.12,0.0033829140609052543,50.06033996020584
1552,42.12,0.0033855599774679866,50.09928223363538
1553,42.12,0.0033889464651220775,50.14912366018181
1554,42.12,0.0033922368836050943,50.1975506490899
1555,42.12,0.0033955053909185936,50.24565465411593
1556,42.12,0.0033986400886856084,50.291788855036145
1557,42.12,0.0034017389405389432,50.33739504726653
1558,42.12,0.00340440204371781,50.37658791035863
1559,42.12,0.0034068283756343537,50.41229592251697
1560,42.12,0.0034094077125085965,50.45025538494525
1561,42.12,0.003411422119393384,50.47990069476091
1562,42.12,0.0034133164796650377,50.50777914700494
1563,42.12,0.0034148889128639073,50.53091981432114
1564,42.12,0.003416275875026537,50.55133090594941
1565,42.12,0.0034175001184381672,50.56934728792805
1566,42.12,0.0034186984500685887,50.58698227501517
1567,42.12,0.0034198947831472577,50.604587783433864
1568,42.12,0.0034217914181295856,50.63249895516025
1569,42.12,0.0034243403120050105,50.670008602300896
1570,42.12,0.0034269319511828003,50.70814697790668
1571,42.12,0.0034294208915787014,50.74477374806947
1572,42.12,0.0034329918896777536,50.797323362933966
1573,42.12,0.0034365701637051665,50.8499794459655
1574,42.12,0.003440043877465809,50.90109629622535
1575,42.12,0.0034436829103756724,50.95464526356772
1576,42.12,0.0034472837438149708,51.00763150601928
1577,42.12,0.0034508381821950567,51.05993444703826
1578,42.12,0.003454188814905079,51.1092378787891
1579,42.12,0.0034575360648702357,51.15849100709606
1580,42.12,0.0034608117197511973,51.206690138713526
1581,42.12,0.0034638744158783184,51.2517552640146
1582,42.12,0.0034666418228698893,51.292475066135026
1583,42.12,0.0034697653799598345,51.338434850495
1584,42.12,0.0034728753520717214,51.38419429042028
1585,42.12,0.0034760509934758533,51.430919504144576
1586,42.12,0.0034789689657033153,51.473853050539375
1587,42.12,0.0034818820713993772,51.516714593670564
1588,42.12,0.003484604301109761,51.556767350762364
1589,42.12,0.003487106757797076,51.59358623204613
1590,42.12,0.0034895697056737318,51.62982352877721
1591,42.12,0.003492169216492785,51.66806976343129
1592,42.12,0.003495207873358829,51.712776688678495
1593,42.12,0.0034984115113234427,51.75991046516224
1594,42.12,0.0035017432101520896,51.808927835027305
1595,42.12,0.003505162524209145,51.859233694388685
1596,42.12,0.0035085508425601627,51.90908299408385
1597,42.12,0.00351211063323654,51.96145443106113
1598,42.12,0.0035156949804461437,52.014186540028106
1599,42.12,0.003518931658615727,52.06180330107958
1600,42.12,0.0035222945822799,52.11127681513863
1601,42.12,0.0035255140380314764,52.158639208422784
1602,42.12,0.003528656414976184,52.204867201722905
1603,42.12,0.003531668271157232,52.249174647922594
1604,42.12,0.0035343397573446055,52.288474550666955
1605,42.12,0.003536934397468824,52.32664365912461
1606,42.12,0.0035394259341123523,52.36329573976356
1607,42.12,0.003541862819395327,52.399143581846616
1608,42.12,0.0035446476084447314,52.44010892617017
1609,42.12,0.003547233851965226,52.478153260836955
1610,42.12,0.003549863099503362,52.51682987362242
1611,42.12,0.003552495010330112,52.5555453381252
1612,42.12,0.003555011098905993,52.59255675022831
1613,42.12,0.0035576816483432754,52.63183994046623
1614,42.12,0.003559956869654429,52.66530767697546
1615,42.12,0.003562546425639661,52.7033988740517
1616,42.12,0.003565231345940041,52.74289250403867
1617,42.12,0.003568139594699589,52.78567078441464
1618,42.12,0.0035711142532488284,52.829425494270666
1619,42.12,0.0035740622166468925,52.872787130478294
1620,42.12,0.003577310976602812,52.92057271420912
1621,42.12,0.003579994762628645,52.96004779617631
1622,42.12,0.0035824686818983023,52.996435704818126
1623,42.12,0.003589136556310526,53.094509422111905
1624,42.12,0.00359177993059731,53.133388631219844
1625,42.12,0.0035946734863336726,53.17594717592608
1626,42.12,0.0035977755899284816,53.22157261437127
1627,42.12,0.003600803423064525,53.2661052537261
1628,42.12,0.0036037647139099656,53.309658788129
1629,42.12,0.0036066836316777716,53.35258871194787
1630,42.12,0.003609543687442877,53.39465253546094
1631,42.12,0.0036120648901123427,53.43173241101158
1632,42.12,0.00361450569684463,53.467629601300146
1633,42.12,0.0036163131778054044,53.49421222519224
1634,42.12,0.003618032958373648,53.519504896728854
1635,42.12,0.0036199300159267906,53.547404605009895
1636,42.12,0.0036217532803725994,53.57421889092944
1637,42.12,0.003622854956999023,53.59042089278256
1638,42.12,0.0036238201524451783,53.60461566315716
1639,42.12,0.003624414931446979,53.61336283486653
1640,42.12,0.0036257874928685846,53.63354847128383
1641,42.12,0.0036274766115522495,53.6583894497675
1642,42.12,0.0036291762673796276,53.68338525706714
1643,42.12,0.0036327762836905796,53.73632806478804
1644,42.12,0.0036336598134235655,53.7493213974509
1645,42.12,0.0036376611365797605,53.80816505030354
1646,42.12,0.0036415324704463224,53.86509635788591
1647,42.12,0.0036454461244439,53.922649303329564
1648,42.12,0.0036481889720714044,53.96298431513601
1649,42.12,0.003650852471823049,54.00215213635615
1650,42.12,0.0036535761924027478,54.04220518384765
1651,42.12,0.0036561499449020017,54.08005258968438
1652,42.12,0.003658651765553805,54.1168419287371
1653,42.12,0.003660934866121696,54.15041472637158
1654,42.12,0.0036631157967553668,54.182484895065585
1655,42.12,0.0036649989782243297,54.21017653923121
1656,42.12,0.0036667091401648795,54.23532383634356
1657,42.12,0.0036682852480456425,54.25849979648034
1658,42.12,0.0036691428062686103,54.27110975682601
1659,42.12,0.003669558347215458,54.277220064042844
1660,42.12,0.0036695055305797607,54.27644342413382
1661,42.12,0.0036697098287808722,54.27944751736719
1662,42.12,0.0036696294945429736,54.2782662466005
1663,42.12,0.0036703107632514225,54.28828391848719
1664,42.12,0.0036709048331925367,54.29701936390294
1665,42.12,0.003671456757223141,54.30513506388663
1666,42.12,0.0036721618891560237,54.315503570058375
1667,42.12,0.0036721723873480825,54.31565793896378
1668,42.12,0.0036724090798522656,54.3191383428415
1669,42.12,0.0036727655670893895,54.32438024262341
1670,42.12,0.0036727778298420504,54.32456055786591
1671,42.12,0.0036730586027273844,54.32868912578156
1672,42.12,0.003673676478278595,54.337774538389525
1673,42.12,0.003674368725237991,54.3479535073902
1674,42.12,0.0036765871167540906,54.380573128338796
1675,42.12,0.0036789528199348033,54.41535859115771
1676,42.12,0.0036813290945138396,54.45029923171008
1677,42.12,0.0036836966349989625,54.485111182553425
1678,42.12,0.00368572796845991,54.51497938705982
1679,42.12,0.003687935035797054,54.54743131741219
1680,42.12,0.0036893843363522603,54.56874119093307
1681,42.12,0.003690850288311747,54.590295798890494
1682,42.12,0.0036922003374985305,54.610146142401106
1683,42.12,0.0036923596047656556,54.612487910661415
1684,42.12,0.003693583905659276,54.63048924065974
1685,42.12,0.003694409411664916,54.64262690829806
1686,42.12,0.0036952650175121845,54.655207109323456
1687,42.12,0.0036953820232369324,54.65692747303399
1688,42.12,0.0036957050588991604,54.661677141828655
1689,42.12,0.0036964806866043765,54.67308135711886
1690,42.12,0.0036974123091823297,54.686779160053014
1691,42.12,0.0036989548769748044,54.709459703197204
1692,42.12,0.0037003747268911018,54.73033581312352
1693,42.12,0.0037017008614900135,54.749833937423745
1694,42.12,0.0037028800732274857,54.767171789087875
1695,42.12,0.0037041080695506532,54.785226846972236
1696,42.12,0.0037058027847388006,54.81014389053631
1697,42.12,0.0037076804674459553,54.837750909696226
1698,42.12,0.0037095091765836185,54.864637725521646
1699,42.12,0.0037116793483652766,54.89654473296418
1700,42.12,0.0037139625113991955,54.93011275831833
1701,42.12,0.003716430827302347,54.966402703604174
1702,42.12,0.0037188415212799195,55.001845197096934
1703,42.12,0.003721203876274413,55.036576736463225
1704,42.12,0.003723087285761581,55.06426659129174
1705,42.12,0.0037247617954315163,55.08888506450019
1706,42.12,0.0037262927844517813,55.11139339619536
1707,42.12,0.003728041210216857,55.13709830999436
1708,42.12,0.003729297630511208,55.15556979497358
1709,42.12,0.0037307268136805897,55.17658109370126
1710,42.12,0.0037315599058200836,55.18882884814915
1711,42.12,0.0037327123876911305,55.20577207627297
1712,42.12,0.003734569774800079,55.23307834711575
1713,42.12,0.0037367331492362357,55.264882868846065
1714,42.12,0.003739217908631052,55.30141191151531
1715,42.12,0.0037407772505529406,55.32433602221675
1716,42.12,0.003742525159125746,55.35003214264999
1717,42.12,0.003743885217123346,55.37002634660837
1718,42.12,0.0037451719778408147,55.38894292769648
1719,42.12,0.0037462287780524886,55.4044788169641
1720,42.12,0.003746994431125013,55.41573455534671
1721,42.12,0.0037474363004444495,55.42223039012995
1722,42.12,0.0037489234760101423,55.44409300099669
1723,42.12,0.003750818686876437,55.471953890222395
1724,42.12,0.003753381007720625,55.50962148167188
1725,42.12,0.0037553774537799687,55.53897017419742
1726,42.12,0.0037568198075634204,55.56017333411105
1727,42.12,0.003756972485108738,55.56241774750904
1728,42.12,0.0037563164883043904,55.55277435693701
1729,42.12,0.003755016525578024,55.53366437438147
1730,42.12,0.0037534480455127983,55.51060697166685
1731,42.12,0.0037522076496782067,55.49237248127701
1732,42.12,0.003751127220508812,55.47648952856801
1733,42.12,0.00375054749911169,55.46796725591345
1734,42.12,0.003749600827356194,55.454050546031276
1735,42.12,0.0037478835105997825,55.42880473015942
1736,42.12,0.003746355653553779,55.4063439944954
1737,42.12,0.0037451645082174348,55.38883311749983
1738,42.12,0.003744467012013834,55.3785792830426
1739,42.12,0.003743998750604722,55.37169539766392
1740,42.12,0.003743944756212766,55.37090162839674
1741,42.12,0.0037439605020875948,55.371133107849246
1742,42.12,0.0037439959258190013,55.37165387061221
1743,42.12,0.0037440509637942576,55.37246298141956
1744,42.12,0.0037442034180193043,55.374704203405486
1745,42.12,0.0037443788713067082,55.3772835321124
1746,42.12,0.0037444569521137548,55.378431393109736
1747,42.12,0.00374479108476884,55.383343452866015
1748,42.12,0.0037450267836251923,55.3868084413814
1749,42.12,0.0037448834821732003,55.384701779432554
1750,42.12,0.0037454970218954793,55.39372136574984
1751,42.12,0.0037461612730203702,55.40348643540114
1752,42.12,0.0037463968147718393,55.406949099166404
1753,42.12,0.0037467925497897867,55.41276673411313
1754,42.12,0.0037466283760339532,55.410353243816644
1755,42.12,0.0037462412157028197,55.40466166101159
1756,42.12,0.00374613771606425,55.403140127998554
1757,42.12,0.0037457377874367264,55.39726083114645
1758,42.12,0.0037454183737318184,55.39256516792166
1759,42.12,0.0037448849839715652,55.38472385724226
1760,42.12,0.0037437904790475116,55.36863360557558
1761,42.12,0.003742988223395104,55.35683965728315
1762,42.12,0.003742473609512453,55.34927431040365
1763,42.12,0.003742111575306644,55.343952032324836
1764,42.12,0.0037420774301299238,55.34345006251726
1765,42.12,0.0037421754373946933,55.34489087166049
1766,42.12,0.003742310059520463,55.34686995676231
1767,42.12,0.0037426212511727083,55.351444794073934
1768,42.12,0.0037431568421486252,55.359318521555586
1769,42.12,0.0037436533106851065,55.366617097684255
1770,42.12,0.0037437302510185976,55.367748195277464
1771,42.12,0.0037437549432328254,55.368111194737956
1772,42.12,0.0037438730064851956,55.36984683848141
1773,42.12,0.00374381426174697,55.36898323422142
1774,42.12,0.0037434411767721873,55.363498521791634
1775,42.12,0.003742968960753318,55.35655647710388
1776,42.12,0.0037419657159993916,55.34180774758245
1777,42.12,0.00374099915032872,55.3275981935671
1778,42.12,0.003739834186675931,55.31047191767511
1779,42.12,0.003738792094292921,55.29515193359812
1780,42.12,0.003737817155146634,55.28081913490346
1781,42.12,0.00373653429970464,55.26195952174267
1782,42.12,0.0037355342458048374,55.24725739873701
1783,42.12,0.0037345108023552637,55.23221136956753
1784,42.12,0.0037341449484060724,55.22683280036915
1785,42.12,0.003734220916589601,55.22794964036007
1786,42.12,0.0037342164671820047,55.22788422776838
1787,42.12,0.003734210104759821,55.22779069115194
1788,42.12,0.0037347100025935014,55.235139891455766
1789,42.12,0.0037353444417692347,55.24446702155266
1790,42.12,0.003736269881102538,55.25807222102501
1791,42.12,0.0037375658497077104,55.2771246301337
1792,42.12,0.003738608750817986,55.29245656352955
1793,42.12,0.0037395287460067787,55.30598158576699
1794,42.12,0.0037397523449337468,55.30926874962275
1795,42.12,0.0037396433608006697,55.30766655661434
1796,42.12,0.0037393272986864694,55.303020074238376
1797,42.12,0.003739059789159807,55.2990873679616
1798,42.12,0.00373881261598275,55.29545362707545
1799,42.12,0.003740267286897939,55.316838985479635
1800,42.12,0.0037416249040717604,55.33679745102592
1801,42.12,0.003742999815920119,55.357010079034595
1802,42.12,0.0037439145643281563,55.37045777872128
1803,42.12,0.003744782602110065,55.38321874998387
1804,42.12,0.0037454785585849183,55.39344993871933
1805,42.12,0.0037464331007565814,55.40748253372389
1806,42.12,0.0037472370296129484,55.41930094959239
1807,42.12,0.0037484715082105355,55.43744874190138
1808,42.12,0.003749993625761263,55.45982495120686
1809,42.12,0.003751792883991906,55.486275184981295
1810,42.12,0.0037533044804464186,55.508496491156336
1811,42.12,0.0037548895374768278,55.531797593216325
1812,42.12,0.0037553215821460005,55.53814883754625
1813,42.12,0.003755220164812897,55.53665795947871
1814,42.12,0.0037549437470525268,55.53259449801057
1815,42.12,0.003754612238703361,55.527721176158174
1816,42.12,0.0037543641353734772,55.524073942228
1817,42.12,0.003753930170163777,55.51769444557459
1818,42.12,0.0037527950600695172,55.50100774109874
1819,42.12,0.0037510369377293717,55.47516231541984
1820,42.12,0.0037498156892548026,55.4572091637756
1821,42.12,0.0037491622192603914,55.447602698506536
1822,42.12,0.003748588019525893,55.43916154485433
1823,42.12,0.0037479462307989614,55.429726765527235
1824,42.12,0.0037468428444872993,55.41350610760305
1825,42.12,0.0037459754568851585,55.400754778581586
1826,42.12,0.003744665903738001,55.38150317628986
1827,42.12,0.0037431904538770405,55.35981264741071
1828,42.12,0.0037414193501401753,55.33377558772995
1829,42.12,0.0037395867703639194,55.306834611417024
1830,42.12,0.0037377096009758577,55.279237954220115
1831,42.12,0.0037361045128522503,55.255641088894045
1832,42.12,0.0037350584188061337,55.24026209221663
1833,42.12,0.0037343906987537903,55.230445677877725
1834,42.12,0.0037336043026771197,55.218884533897096
1835,42.12,0.0037329887684359217,55.20983528232557
1836,42.12,0.0037330535247955088,55.21078729614608
1837,42.12,0.003733223482552155,55.2132859244439
1838,42.12,0.0037330664502842476,55.210977319835884
1839,42.12,0.0037330021504268676,55.210032017309665
1840,42.12,0.0037331588830799077,55.212336217614464
1841,42.12,0.0037332309930695113,55.213396340033306
1842,42.12,0.0037333142895325916,55.21462091968552
1843,42.12,0.0037338165774464926,55.222005278642506
1844,42.12,0.0037341977120508812,55.227608500774735
1845,42.12,0.0037344382836269705,55.23114524245234
1846,42.12,0.003734854880968465,55.23726980486672
1847,42.12,0.003735886484995782,55.25243578889736
1848,42.12,0.0037363934587208215,55.25988897471994
1849,42.12,0.0037372237208882562,55.27209490312261
1850,42.12,0.003737708845527465,55.279226848182994
1851,42.12,0.003738131886681054,55.28544607854684
1852,42.12,0.003738367049735003,55.28890326386939
1853,42.12,0.0037384758470381525,55.29050271678725
1854,42.12,0.0037386253629673764,55.29270078221358
1855,42.12,0.003738790882044547,55.29513411209107
1856,42.12,0.003739187445124356,55.3009640619677
1857,42.12,0.003739309741071405,55.302761956644396
1858,42.12,0.0037389372572718387,55.29728600323517
1859,42.12,0.003738794463291302,55.29518676071938
1860,42.12,0.003738670089421721,55.29335831511275
1861,42.12,0.00373881530113639,55.295493102056106
1862,42.12,0.003739208843729161,55.30127864674995
1863,42.12,0.00373953952947078,55.306140115262835
1864,42.12,0.0037399471735497227,55.31213295458517
1865,42.12,0.0037411840389628952,55.33031625856365
1866,42.12,0.003743301490342824,55.361444993574025
1867,42.12,0.003745845095109067,55.3988383475127
1868,42.12,0.0037487040184414912,55.44086681451622
1869,42.12,0.0037514502522869113,55.48123829397626
1870,42.12,0.003754217795791494,55.521922681197154
1871,42.12,0.003756594565982733,55.55686220197455
1872,42.12,0.0037578742137332234,55.57567345182003
1873,42.12,0.003758353094257399,55.58271313587774
1874,42.12,0.003758754477966265,55.588613585736326
1875,42.12,0.0037585917943612603,55.58622209333953
1876,42.12,0.0037581172264970477,55.57924581201811
1877,42.12,0.0037572643600397282,55.566708408187814
1878,42.12,0.0037562236199857567,55.551409157389884
1879,42.12,0.0037554411285358434,55.53990621986221
1880,42.12,0.0037547375603740065,55.52956346169615
1881,42.12,0.0037546042269929053,55.52760340034671
1882,42.12,0.0037549030439975894,55.53199614507197
1883,42.12,0.003755227135461647,55.536760431004915
1884,42.12,0.0037552321768638975,55.53683454177873
1885,42.12,0.003755438321263515,55.53986495178352
1886,42.12,0.0037555813990109597,55.54196825411005
1887,42.12,0.0037561461251813047,55.55026995402857
1888,42.12,0.0037563678957845082,55.5535300662405
1889,42.12,0.0037565261379353026,55.55585628462778
1890,42.12,0.003756662206218567,55.557856537986204
1891,42.12,0.0037567135802355086,55.55861175453391
1892,42.12,0.0037568286090266766,55.560302718733745
1893,42.12,0.003756662413995531,55.557859592382655
1894,42.12,0.003756507438000604,55.555581388703935
1895,42.12,0.0037558947523137496,55.54657467447788
1896,42.12,0.0037552830884509227,55.53758296386172
1897,42.12,0.003754645811924022,55.52821471783885
1898,42.12,0.0037539139513138122,55.517456020532194
1899,42.12,0.0037533598805924804,55.50931090198738
1900,42.12,0.003752780064238374,55.50078729423296
1901,42.12,0.0037523646587430525,55.49468060354042
1902,42.12,0.0037521857128247427,55.49204999700261
1903,42.12,0.0037524047188524034,55.49526950967291
1904,42.12,0.003753088292516909,55.50531841527984
1905,42.12,0.003754377452132873,55.52426970483607
1906,42.12,0.003755767497316875,55.54470397507901
1907,42.12,0.003756720600358292,55.558714952857
1908,42.12,0.003757443692904734,55.56934466026405
1909,42.12,0.0037578433487687637,55.575219727426806
1910,42.12,0.003758285788761474,55.58172372601228
1911,42.12,0.003758759293462089,55.588684374790716
1912,42.12,0.0037590211283769193,55.592533415224366
1913,42.12,0.0037590208937808268,55.59252996660305
1914,42.12,0.003759416755931017,55.59834923567478
1915,42.12,0.0037596976403926523,55.6024783005315
1916,42.12,0.0037597283891995454,55.60293031469402
1917,42.12,0.0037599667959867166,55.60643494491474
1918,42.12,0.003760825877247605,55.619063599089394
1919,42.12,0.0037614620242207705,55.62841505546066
1920,42.12,0.003762371651265991,55.64178667706997
1921,42.12,0.003763334375431559,55.65593879007324
1922,42.12,0.003763965687361199,55.66521909623686
1923,42.12,0.0037643044619231694,55.670199085737515
1924,42.12,0.0037649474044447917,55.67965033250469
1925,42.12,0.003765297644199619,55.68479884420672
1926,42.12,0.003765946301375925,55.69433406596652
1927,42.12,0.003766838599028924,55.70745075588288
1928,42.12,0.0037681551757588598,55.72680423921509
1929,42.12,0.0037698113217806265,55.75114922528517
1930,42.12,0.003771434189431615,55.77500490153334
1931,42.12,0.003773485886913536,55.80516407281767
1932,42.12,0.003775634505588217,55.83674773669326
1933,42.12,0.003777635000945445,55.86615386386276
1934,42.12,0.0037800110602182694,55.901080319545194
1935,42.12,0.003782197838581179,55.93322424015859
1936,42.12,0.0037844996700193063,55.967059107700834
1937,42.12,0.0037865350593915994,55.99697730732193
1938,42.12,0.0037886702053605142,56.02836162052868
1939,42.12,0.0037907708213913926,56.05923817235594
1940,42.12,0.0037929589293368587,56.09140053060378
1941,42.12,0.0037949696289690388,56.12095501766438
1942,42.12,0.0037973184848293868,56.155479690259
1943,42.12,0.003799590368810055,56.188872744608354
1944,42.12,0.0038021998247278516,56.22722726635391
1945,42.12,0.003804691302135349,56.26384740803917
1946,42.12,0.0038069161911926074,56.29654894415314
1947,42.12,0.0038091340808911775,56.32914737187925
1948,42.12,0.0038113249096352214,56.36134783223218
1949,42.12,0.0038136812872492233,56.395981252471174
1950,42.12,0.00381581340240834,56.42731829718065
1951,42.12,0.0038178854875006553,56.45777283742829
1952,42.12,0.003820807766909847,56.50072279441196
1953,42.12,0.0038237370114801005,56.54377471868766
1954,42.12,0.003826148319809929,56.57921408715541
1955,42.12,0.003828378468584749,56.611990682738735
1956,42.12,0.003830537982429703,56.643728930983336
1957,42.12,0.003831982876106868,56.664964326246356
1958,42.12,0.003833720969932917,56.69050871213967
1959,42.12,0.0038368075759582444,56.73587153797865
1960,42.12,0.0038394503156802926,56.77471065226438
1961,42.12,0.0038411091140229687,56.79908907100024
1962,42.12,0.003843406432118808,56.832851239080625
1963,42.12,0.003845925680576726,56.86987468628012
1964,42.12,0.0038488568943366467,56.912952093879184
1965,42.12,0.0038518104968716144,56.95635812095093
1966,42.12,0.003854648830732241,56.998069778047466
1967,42.12,0.003857256822976328,57.036396041552216
1968,42.12,0.0038598317381319915,57.07423590079974
1969,42.12,0.003862347895514921,57.111211979970236
1970,42.12,0.0038648803252617062,57.14842688871599
1971,42.12,0.0038672322274821494,57.1829886148619
1972,42.12,0.003869483070459011,57.21606500967751
1973,42.12,0.0038715104437618644,57.24585728842323
1974,42.12,0.0038732631327234837,57.271612921402784
1975,42.12,0.00387504333832859,57.29777276171784
1976,42.12,0.0038778296290329474,57.33871656496914
1977,42.12,0.00388063564023796,57.379949787291274
1978,42.12,0.003883528073692441,57.42245256330053
1979,42.12,0.0038860846411766345,57.46001963986396
1980,42.12,0.003888480471642332,57.49522451314208
1981,42.12,0.0038900707104970907,57.51859169274468
1982,42.12,0.003891173843953294,57.534801211575285
1983,42.12,0.003892267479659311,57.55087111340419
1984,42.12,0.003893327246893184,57.56644329774089
1985,42.12,0.0038942491072659433,57.57998904037594
1986,42.12,0.003895264998315411,57.59491641604001
1987,42.12,0.0038964771161944093,57.612727060719216
1988,42.12,0.003898793940779251,57.646769877431744
1989,42.12,0.003901377792195716,57.68473601952879
1990,42.12,0.0039039539020678175,57.722588098197946
1991,42.12,0.00390472625397253,57.733936592669544
1992,42.12,0.003907705548890957,57.77771237548192
1993,42.12,0.003910658741269937,57.82110421358306
1994,42.12,0.003913587115478521,57.86413098905945
1995,42.12,0.003916485206255483,57.90671241186761
1996,42.12,0.003919124907831328,57.94549699902431
1997,42.12,0.003921514941238026,57.98061298140227
1998,42.12,0.003923689974244844,58.01256979983965
1999,42.12,0.003925663997005801,58.04157306947694
2000,42.12,0.003928169846975554,58.078389930744954
2001,42.12,0.003930578402824241,58.11377703345406
2002,42.12,0.003932744989514161,58.14560883229613
2003,42.12,0.003934456284650815,58.17075126730242
2004,42.12,0.003935175443196325,58.18131714012452
2005,42.12,0.003936080196922016,58.194609741676054
2006,42.12,0.003936838647036505,58.20575282745871
2007,42.12,0.003938044845112345,58.22347413329357
2008,42.12,0.0039389667202918335,58.23701815792563
2009,42.12,0.003939921139559305,58.25104027241965
2010,42.12,0.003941662980293011,58.27663089680591
2011,42.12,0.003942449430613639,58.28818515263746
2012,42.12,0.003943191761215515,58.299091190197
2013,42.12,0.003943905153178642,58.30957204795651
2014,42.12,0.003944427648888773,58.31724832227345
2015,42.12,0.003945138692355478,58.327694635685425
2016,42.12,0.003945682653849696,58.33568624396914
2017,42.12,0.003945606857604329,58.334572684543154
2018,42.12,0.003945414579264811,58.3317478289312
2019,42.12,0.0039451880292162185,58.32841946856565
2020,42.12,0.003946133625922614,58.34231168798119
2021,42.12,0.003946914499699519,58.35378385137573
2022,42.12,0.0039477182954642635,58.365592741973416
2023,42.12,0.003948218716488717,58.372944615516275
2024,42.12,0.0039490317915592535,58.3848897822114
2025,42.12,0.003949828686033141,58.39659720405771
2026,42.12,0.003950727643610305,58.40980403056587
2027,42.12,0.0039514783737705115,58.42083317932618
2028,42.12,0.003952814331539656,58.44045997551868
2029,42.12,0.0039545776647404735,58.46636529287124
2030,42.12,0.003956618478969994,58.49634693157938
2031,42.12,0.003958560824731695,58.524881786655314
2032,42.12,0.003960335617424502,58.55095497738962
2033,42.12,0.003962232247527925,58.57881789826508
2034,42.12,0.003963290115020553,58.59435869299222
2035,42.12,0.0039644239458657415,58.611015382835085
2036,42.12,0.003965535766129335,58.627348664758635
2037,42.12,0.003966590924855033,58.64284950229363
2038,42.12,0.003968235480295338,58.667008783853426
2039,42.12,0.003970035313130799,58.693449016808295
2040,42.12,0.003971833639731122,58.71986697072502
2041,42.12,0.003973687849471017,58.74710570567115
2042,42.12,0.0039754514034330704,58.7730125382439
2043,42.12,0.003976803792191312,58.79287920264504
2044,42.12,0.003978134172854758,58.81242248317202
2045,42.12,0.0039793054106691305,58.829627887847344
2046,42.12,0.003980715933205889,58.85034828352605
2047,42.12,0.003982342145434025,58.87423701728879
2048,42.12,0.0039840455944494275,58.899260210961494
2049,42.12,0.003985635742140177,58.922618916681046
2050,42.12,0.003986853423643046,58.9405061459355
2051,42.12,0.003988059380008376,58.958221069256645
2052,42.12,0.003989339327625178,58.97702281406922
2053,42.12,0.003990402389023629,58.99263855806864
2054,42.12,0.003991499923786396,59.00876063977658
2055,42.12,0.003993513804490627,59.038343108572455
2056,42.12,0.003995336335062864,59.06511461654844
2057,42.12,0.003997114049396004,59.09122765982858
2058,42.12,0.003999632515038626,59.12822142745574
2059,42.12,0.004002570890204433,59.171382874098086
2060,42.12,0.004005560642211183,59.215298573192385
2061,42.12,0.00400845569852861,59.25782291184565
2062,42.12,0.004011268690911828,59.29914146900157
2063,42.12,0.004013814527379694,59.33653559409818
2064,42.12,0.004016322004069444,59.37336598019867
2065,42.12,0.004018776521067388,59.40941819655221
2066,42.12,0.004021184293299602,59.444783545923684
2067,42.12,0.004023829312905877,59.48363327022553
2068,42.12,0.004025972573387016,59.51511297709684
2069,42.12,0.004028359653564883,59.550173596698095
2070,42.12,0.004029948789013785,59.57351412797763
2071,42.12,0.004031392859032541,59.5947238984504
2072,42.12,0.004033013537490814,59.618527487867546
2073,42.12,0.004034474436043516,59.639984216660544
2074,42.12,0.004035265447652713,59.65160203946014
2075,42.12,0.004036207376977438,59.665436397341274
2076,42.12,0.004036934313586833,59.67611307353785
2077,42.12,0.004037413032145666,59.683144103660354
2078,42.12,0.004038006729215213,59.69186383000338
2079,42.12,0.004038711787437069,59.7022191143908
2080,42.12,0.0040394302879530886,59.71277180355209
2081,42.12,0.004040020620686733,59.72144206150725
2082,42.12,0.004040777414480462,59.732557120720344
2083,42.12,0.004041668554778331,59.74564529769083
2084,42.12,0.004042251636786179,59.75420900258989
2085,42.12,0.004043739544293627,59.77606177541496
2086,42.12,0.004044419075885739,59.786041964384914
2087,42.12,0.004045421911186224,59.800770431791975
2088,42.12,0.0040467228917879655,59.81987763699453
2089,42.12,0.004047383321416647,59.82957718584362
2090,42.12,0.004048305307144858,59.8431181031714
2091,42.12,0.00404940226152213,59.85922867861149
2092,42.12,0.004051199172841179,59.885619148568395
2093,42.12,0.004053660490424438,59.921767223991665
2094,42.12,0.004056092921168286,59.95749077434371
2095,42.12,0.004058454706420605,59.992176534027344
2096,42.12,0.004060633570296258,60.024175633235366
2097,42.12,0.004062949399034755,60.058185973355926
2098,42.12,0.00406510249844845,60.089806239311784
2099,42.12,0.0040673341475488825,60.12257985086429
2100,42.12,0.004070084161562992,60.16296575823248
2101,42.12,0.004072864868084183,60.20380204606618
2102,42.12,0.004075707697544234,60.24555027025584
2103,42.12,0.004078543795851059,60.28719926662557
2104,42.12,0.004081369127453838,60.32868977533708
2105,42.12,0.004084182749967743,60.37000796177113
2106,42.12,0.004086928921475969,60.410335268684655
2107,42.12,0.0040895260085902704,60.44847295779698
2108,42.12,0.0040921050684811265,60.48634560770974
2109,42.12,0.004094587847181736,60.52280410508632
2110,42.12,0.004096724425442774,60.554178571982476
2111,42.12,0.004098794809565381,60.58458081036267
2112,42.12,0.004101114078773888,60.61863752484985
2113,42.12,0.004101794880822933,60.628634540208296
2114,42.12,0.0041040118021321535,60.66118804651208
2115,42.12,0.004106114800283769,60.692068480070446
2116,42.12,0.004108180832710344,60.722405906744214
2117,42.12,0.004109884974467327,60.74742921402161
2118,42.12,0.004110006147919934,60.74920849774932
2119,42.12,0.004110290272719922,60.75338051971541
2120,42.12,0.004111060214569918,60.764686146336686
2121,42.12,0.004111601893650226,60.772640004930565
2122,42.12,0.004112234226663693,60.78192498218863
2123,42.12,0.004114335801224516,60.81278370121345
2124,42.12,0.004116384106575078,60.84286003611508
2125,42.12,0.004116115971262764,60.838922876785375
2126,42.12,0.0041153811453470655,60.82813305831801
2127,42.12,0.004116445117802472,60.84375589274353
2128,42.12,0.004118235655473499,60.8700471241396
2129,42.12,0.004119440884384556,60.88774393168186
2130,42.12,0.0041203915884102825,60.901703411148056
2131,42.12,0.004121074125389763,60.91172528529233
2132,42.12,0.004122043159397862,60.92595383487064
2133,42.12,0.00412299525642562,60.939933651966705
2134,42.12,0.004123849261190838,60.952473126019605
2135,42.12,0.0041246847153787475,60.964740186191015
2136,42.12,0.004124766001728851,60.965933720321516
2137,42.12,0.0041243808111263505,60.9602779324382
2138,42.12,0.004123677595350869,60.94995253469781
2139,42.12,0.004122892406997296,60.9384234967996
2140,42.12,0.004122386928853524,60.931001470398236
2141,42.12,0.004121861902722344,60.923292404696596
2142,42.12,0.004121555725556481,60.918796736992576
2143,42.12,0.004121236764500218,60.914113355894386
2144,42.12,0.004121555485757907,60.91879321597483
2145,42.12,0.00412253502100974,60.933175935376106
2146,42.12,0.004122571495095103,60.933711491072415
2147,42.12,0.004122752636445308,60.9363712218718
2148,42.12,0.004123124236202672,60.94182748266477
2149,42.12,0.004123652353581982,60.94958190648413
2150,42.12,0.004124571762477781,60.963081688988275
2151,42.12,0.004125266821549013,60.97328729188748
2152,42.12,0.004125860897496445,60.98201013427362
2153,42.12,0.004126531030405671,60.991849704393616
2154,42.12,0.004127509289573868,61.00621345851618
2155,42.12,0.004128405351976689,61.019370280265136
2156,42.12,0.0041299202497630414,61.041613333122534
2157,42.12,0.004130744119818737,61.05371006790244
2158,42.12,0.0041314466835438365,61.064025658654955
2159,42.12,0.004132121631121293,61.07393574569855
2160,42.12,0.0041338153796837696,61.098804539572185
2161,42.92,0.004136053460993412,59.278335156706206
2162,42.92,0.004137811158090085,59.30336015691648
2163,42.92,0.004139125393034469,59.32207132646361
2164,42.92,0.004139868474708126,59.332650775407814
2165,42.92,0.0041407513303285265,59.345220190098104
2166,42.92,0.004142210280124685,59.365991509875414
2167,42.92,0.004143443993874199,59.38355602968367
2168,42.92,0.004144167463086605,59.39385610909276
2169,42.92,0.004144744956652774,59.40207790641027
2170,42.92,0.004145905671585633,59.41860300207512
2171,42.92,0.004147338949472315,59.43900849130475
2172,42.92,0.004148934101099045,59.46171845717875
2173,42.92,0.004151299270436701,59.495390851882625
2174,42.92,0.004153683894929925,59.529339967798165
2175,42.92,0.00415602398268917,59.56265477745208
2176,42.92,0.004158393183105495,59.59638379762049
2177,42.92,0.004160648438087018,59.628490401347634
2178,42.92,0.004162882377482038,59.66029332085399
2179,42.92,0.004165110283450244,59.69201012096352
2180,42.92,0.004167238422471049,59.72230641321726
2181,42.92,0.004169325752999337,59.75202155368928
2182,42.92,0.0041714096023226085,59.78168693825656
2183,42.92,0.004173526556326147,59.81182339418002
2184,42.92,0.004175599382641694,59.84133146132717
2185,42.92,0.004177672765828672,59.87084726045499
2186,42.92,0.004179726601298234,59.900084593886604
2187,42.92,0.004181520162694012,59.925616644097445
2188,42.92,0.004182712681174039,59.94259253161014
2189,42.92,0.004183632097724498,59.95568068039251
2190,42.92,0.0041845306247149236,59.968471423375036
2191,42.92,0.004185273438309372,59.97904552183332
2192,42.92,0.0041868056776821864,60.00085717315563
2193,42.92,0.004189012575055469,60.03227249207116
2194,42.92,0.004190566851689332,60.054397581990735
2195,42.92,0.0041917396829817336,60.071092734076245
2196,42.92,0.0041922149501243825,60.077858102969294
2197,42.92,0.004192526898848672,60.0822986488282
2198,42.92,0.00419242569125785,60.080857973608005
2199,42.92,0.004192728443816435,60.08516761051431
2200,42.92,0.004193206943904053,60.091978978431
2201,42.92,0.004194346961195418,60.108206890048464
2202,42.92,0.004195443045321573,60.12380936637663
2203,42.92,0.004196464119130043,60.138344040931024
2204,42.92,0.0041979334308791345,60.15925916281037
2205,42.92,0.004199410628748164,60.180286441807155
2206,42.92,0.0042011705886118265,60.20533858717387
2207,42.92,0.004202934531775095,60.23044729150106
2208,42.92,0.004203562419599702,60.239384875117366
2209,42.92,0.004203923595195158,60.244525971757646
2210,42.92,0.004204558149782644,60.253558423869514
2211,42.92,0.00420568535618871,60.26960339373798
2212,42.92,0.004207081786236822,60.28948048778321
2213,42.92,0.004208444882953467,60.30888302230913
2214,42.92,0.004210111520960363,60.332606096841744
2215,42.92,0.004211818686491316,60.356905912847616
2216,42.92,0.004213500717675917,60.38084783665529
2217,42.92,0.004213522912952739,60.38116376193962
2218,42.92,0.0042125213633960774,60.366907786405164
2219,42.92,0.0042117122110126365,60.35539034339642
2220,42.92,0.004210653697192409,60.34032345462271
2221,42.92,0.004209607989790188,60.32543880241954
2222,42.92,0.004208633579995715,60.31156895923417
2223,42.92,0.0042077038096840986,60.29833447851492
2224,42.92,0.004206757428500823,60.28486351596089
2225,42.92,0.004205926883603428,60.273041354700126
2226,42.92,0.004206167285859716,60.27646329724512
2227,42.92,0.004205838220233665,60.27177929867242
2228,42.92,0.004205644323226963,60.26901932014752
2229,42.92,0.00420455658528953,60.25353615439874
2230,42.92,0.004203489810541305,60.23835133229364
2231,42.92,0.004202316748141417,60.22165351711818
2232,42.92,0.00420112145598724,60.20463921083259
2233,42.92,0.004199601409102076,60.183002111201525
2234,42.92,0.00419822544503461,60.163415867114786
2235,42.92,0.004197278943585858,60.1499427847836
2236,42.92,0.004196022994223447,60.13206476810724
2237,42.92,0.004194760045056837,60.1140870392505
2238,42.92,0.004193563042455162,60.09704797439552
2239,42.92,0.004192149733456398,60.076929752388445
2240,42.92,0.004190755843667445,60.05708787069278
2241,42.92,0.0041891137868189056,60.0337132423951
2242,42.92,0.004187672002810867,60.01318939068493
2243,42.92,0.004186177786853241,59.99191906838449
2244,42.92,0.004185003044855528,59.975196420433555
2245,42.92,0.0041839773600785895,59.960595575528686
2246,42.92,0.004182939583395041,59.94582255102914
2247,42.92,0.004181910699502845,59.93117606941377
2248,42.92,0.004180803142329673,59.915409595422595
2249,42.92,0.004179730493077502,59.90013999504986
2250,42.92,0.0041785451636384,59.8832662853256
2251,42.92,0.004177198029280734,59.86408913060285
2252,42.92,0.004175992329204768,59.846925296091804
2253,42.92,0.004174639306202057,59.82766415621521
2254,42.92,0.004173192753647589,59.80707147182206
2255,42.92,0.004171880713859444,59.78839358817044
2256,42.92,0.004170681152836621,59.771316856735744
2257,42.92,0.0041695742113602875,59.75555858218286
2258,42.92,0.0041684780260359214,59.73995337589682
2259,42.92,0.004167368436943311,59.72415729899305
2260,42.92,0.004166545138379662,59.712436809254534
2261,42.92,0.004165748715685696,59.70109889543791
2262,42.92,0.0041651182849297645,59.69212403080706
2263,42.92,0.004164803763905165,59.68764647660615
2264,42.92,0.004164743638762387,59.68679052827309
2265,42.92,0.004164952465993078,59.68976341564258
2266,42.92,0.004165353372490345,59.6954707589687
2267,42.92,0.004165856072607966,59.702627235703865
2268,42.92,0.004166553662281619,59.71255815579861
2269,42.92,0.004167607545712373,59.72756124896043
2270,42.92,0.0041702860832016605,59.76569270330939
2271,42.92,0.004171395055785477,59.78147985649347
2272,42.92,0.004172067942904896,59.7910589407315
2273,42.92,0.00417251846477277,59.79747246694663
2274,42.92,0.004173159756293891,59.806601730370836
2275,42.92,0.004173550992901036,59.812171266284075
2276,42.92,0.004173835478046995,59.81622111360995
2277,42.92,0.004174047944804161,59.81924572581773
2278,42.92,0.00417418400816804,59.82118268145173
2279,42.92,0.004174084999873049,59.81977323031089
2280,42.92,0.004173733157559572,59.81476450950356
2281,42.92,0.004173295306410841,59.8085313850578
2282,42.92,0.004172650707591741,59.79935504370327
2283,42.92,0.004171915979666815,59.78889562476727
2284,42.92,0.004170997605204248,59.77582182114614
2285,42.92,0.004170026747019494,59.76200082756675
2286,42.92,0.004168892654633592,59.74585600175598
2287,42.92,0.0041685659513979794,59.74120507630889
2288,42.92,0.004168386193608118,59.73864605434549
2289,42.92,0.00416845527052227,59.73962942965213
2290,42.92,0.004168799838859586,59.74453468308846
2291,42.92,0.004169365202155654,59.75258314813908
2292,42.92,0.004169977445628117,59.76129897910465
2293,42.92,0.004170776996317163,59.77268126940921
2294,42.92,0.004171910766201076,59.78882140697199
2295,42.92,0.004173079868559634,59.80546446987004
2296,42.92,0.004174383764680869,59.82402635137437
2297,42.92,0.004175422859526314,59.83881854448181
2298,42.92,0.004177410927809128,59.86711985681964
2299,42.92,0.0041792834610137625,59.893776295526614
2300,42.92,0.00418148500204469,59.925116119863986
2301,42.92,0.004183483293522481,59.953562414044704
2302,42.92,0.004185800170912103,59.98654364942669
2303,42.92,0.004188362973973328,60.02302540398552
2304,42.92,0.004190400706076384,60.052032508491905
2305,42.92,0.004192872379937751,60.087216517981645
2306,42.92,0.004195027087743722,60.11788832340416
2307,42.92,0.004196594319145218,60.14019739506888
2308,42.92,0.004197895751503094,60.1587228117325
2309,42.92,0.004199122314217275,60.176182415734615
2310,42.92,0.004200160780672228,60.190964495179166
2311,42.92,0.004200537661947795,60.196329209982494
2312,42.92,0.004201017828996929,60.20316413630455
2313,42.92,0.00420143026312345,60.20903491159828
2314,42.92,0.004202397266807594,60.222799652355384
2315,42.92,0.004203485184557447,60.23828548440753
2316,42.92,0.00420903693147526,60.31731030841166
2317,42.92,0.0042144946991243635,60.39499604426178
2318,42.92,0.004215377797136151,60.407565913218995
2319,42.92,0.004216340204445501,60.421264617038574
2320,42.92,0.00421730646908698,60.43501818295163
2321,42.92,0.004218058175765202,60.44571775586033
2322,42.92,0.004218977577353926,60.458804214132364
2323,42.92,0.0042197098106837565,60.46922655379154
2324,42.92,0.0042206809748801645,60.4830497098437
2325,42.92,0.004222677741900389,60.51147074451046
2326,42.92,0.004224766851596598,60.541205946998446
2327,42.92,0.004226657371852629,60.56811436901602
2328,42.92,0.004228671133989466,60.59677675619937
2329,42.92,0.004230435880016127,60.62189468236703
2330,42.92,0.004232025031818551,60.64451322534279
2331,42.92,0.00423340880266662,60.66420846889942
2332,42.92,0.0042343845256224075,60.678095904722554
2333,42.92,0.004235696225943566,60.6967652282001
2334,42.92,0.004237201247194805,60.71818597632088
2335,42.92,0.004238568295387376,60.73764288476444
2336,42.92,0.0042399868709672,60.757833081819456
2337,42.92,0.004241415874421596,60.778171603462724
2338,42.92,0.004243334454886094,60.80547796271324
2339,42.92,0.004245337772606325,60.833990173569674
2340,42.92,0.004247415974797144,60.86356798454305
2341,42.92,0.004249350703395838,60.89110364508004
2342,42.92,0.004251700148696359,60.924541454229676
2343,42.92,0.004253775716343408,60.95408116916315
2344,42.92,0.004256292004291558,60.989893002966234
2345,42.92,0.004258668552053047,61.02371578883917
2346,42.92,0.00426059889713314,61.051188074612774
2347,42.92,0.004263098596999847,61.08676305236065
2348,42.92,0.004265537508661357,61.12147263688976
2349,42.92,0.004267663710850417,61.1517316486326
2350,42.92,0.004269704974853544,61.18078167063944
2351,42.92,0.0042712235722364095,61.20239329781815
2352,42.92,0.004272688340089939,61.2232387610716
2353,42.92,0.004274103181205225,61.24337361232893
2354,42.92,0.004275049176176842,61.25683618139719
2355,42.92,0.004276010070211228,61.270510739192886
2356,42.92,0.004276607937309039,61.27901901121913
2357,42.92,0.004276443106937908,61.27667330483869
2358,42.92,0.004275540177421139,61.26382366356561
2359,42.92,0.00427505575458642,61.256929799398605
2360,42.92,0.004274409497725481,61.247732844298305
2361,42.92,0.004274137365164452,61.243860089103144
2362,42.92,0.004274284367181996,61.24595209506799
2363,42.92,0.0042746546216604715,61.25122123321061
2364,42.92,0.004275169693898657,61.258551280778626
2365,42.92,0.004275626300261798,61.26504928420464
2366,42.92,0.00427559645493478,61.26462455314369
2367,42.92,0.004275059229034241,61.256979244610534
2368,42.92,0.004274522899107518,61.24934667367389
2369,42.92,0.004273970939262926,61.2414916579838
2370,42.92,0.004273219664372416,61.230800140491006
2371,42.92,0.004272412556577305,61.219314027094484
2372,42.92,0.004271350653997173,61.204201832751934
2373,42.92,0.004269775494532602,61.18178526023733
2374,42.92,0.004268821289422916,61.16820562280161
2375,42.92,0.004267815133427174,61.15388660872378
2376,42.92,0.004266646930341529,61.137261379055715
2377,42.92,0.004265107551442527,61.11535368277197
2378,42.92,0.0042634179726767476,61.0913082906117
2379,42.92,0.004261520038995041,61.06429752198391
2380,42.92,0.004259466409203734,61.035070753045616
2381,42.92,0.004257146169996841,61.00204943190661
2382,42.92,0.004254593076827079,60.96571388283366
2383,42.92,0.004252488080844543,60.9357554172811
2384,42.92,0.004250639336836277,60.90944378350809
2385,42.92,0.004249316224026417,60.89061292543517
2386,42.92,0.0042482811510928,60.87588146431923
2387,42.92,0.004247404294613801,60.86340174801589
2388,42.92,0.004246518615344934,60.85079642732
2389,42.92,0.004246306840226391,60.8477823588451
2390,42.92,0.004246577665888732,60.851636857993505
2391,42.92,0.004246170758252934,60.84584558451169
2392,42.92,0.004245879831589755,60.84170499436543
2393,42.92,0.0042456564062268625,60.83852510839075
2394,42.92,0.004246085452571847,60.84463147872062
2395,42.92,0.004247297808962378,60.86188620603289
2396,42.92,0.004248374284710652,60.87720697123685
2397,42.92,0.0042486103502256305,60.88056672806622
2398,42.92,0.004248582536609455,60.88017087627979
2399,42.92,0.004248908128619764,60.88480479791093
2400,42.92,0.004248469052132817,60.8785557305662
2401,42.92,0.004248655467686157,60.88120885331724
2402,42.92,0.0042478259683512865,60.86940315482266
2403,42.92,0.004247159355928103,60.859915692021005
2404,42.92,0.004246716408778484,60.853611501001836
2405,42.92,0.004246713032853746,60.85356345353251
2406,42.92,0.004246756706266717,60.854185030433015
2407,42.92,0.004246542026520988,60.851129624447644
2408,42.92,0.004247086561181128,60.85887965031886
2409,42.92,0.004247727092885586,60.86799592564467
2410,42.92,0.004248156361331014,60.874105416594695
2411,42.92,0.004248292705828352,60.876045914968245
2412,42.92,0.004248399775486094,60.87756976389501
2413,42.92,0.004249541375868197,60.893817345934956
2414,42.92,0.004251208534382196,60.91754471468525
2415,42.92,0.004252774316521902,60.93982915740099
2416,42.92,0.004254324234619367,60.96188771096956
2417,42.92,0.004256014445865192,60.98594280294761
2418,42.92,0.004258087754959844,61.01544996742201
2419,42.92,0.004260064593479416,61.0435839886426
2420,42.92,0.0042618121319471115,61.06845450357626
2421,42.92,0.0042624250150192534,61.077176863870065
2422,42.92,0.004263128529536035,61.08718904150496
2423,42.92,0.0042638904342367995,61.09803218286392
2424,42.92,0.00426541410702562,61.1197164422164
2425,42.92,0.004266869665370614,61.1404312273895
2426,42.92,0.0042679871550242495,61.15633472110562
2427,42.92,0.004269022929011918,61.171075232044124
2428,42.92,0.004270013646869026,61.18517448566953
2429,42.92,0.004270727513612324,61.195333746249105
2430,42.92,0.004271136132130856,61.20114891358291
2431,42.92,0.004273021983384564,61.2279869053236
2432,42.92,0.0042743781361593725,61.24728653379097
2433,42.92,0.004276122761356675,61.27211445290581
2434,42.92,0.004277945322517624,61.29805133802799
2435,42.92,0.004279717105952358,61.32326546012564
2436,42.92,0.004280937078750151,61.34062672195918
2437,42.92,0.004282231982240531,61.35905423796926
2438,42.92,0.004283629135399182,61.37893676335639
2439,42.92,0.004284572743573098,61.39236495713026
2440,42.92,0.004285228531571401,61.40169724787181
2441,42.92,0.0042854942520904405,61.40547861852368
2442,42.92,0.00428535484703343,61.403494796999944
2443,42.92,0.00428547012997336,61.40513534570934
2444,42.92,0.004286466116171701,61.41930883030082
2445,42.92,0.0042876611262120294,61.436314484759144
2446,42.92,0.004288641512353979,61.45026587385877
2447,42.92,0.004289682863625056,61.46508477964224
2448,42.92,0.004290670368770709,61.47913738485883
2449,42.92,0.004291405157045476,61.48959369608973
2450,42.92,0.004292295592333435,61.50226488949111
2451,42.92,0.0042929637460107336,61.511772917205576
2452,42.92,0.004293680307811019,61.52196978451753
2453,42.92,0.004294580318319184,61.53477714326484
2454,42.92,0.004295235629690972,61.544102353258836
2455,42.92,0.004296391452153819,61.56054988717061
2456,42.92,0.0042977380383237085,61.57971194181555
2457,42.92,0.004298711962042135,61.59357092149128
2458,42.92,0.00429919374195595,61.60042665606963
2459,42.92,0.004299393897415809,61.6032748678228
2460,42.92,0.004299458589501762,61.60419543567417
2461,42.92,0.004299606197031669,61.60629588889942
2462,42.92,0.004299891350698507,61.61035361905505
2463,42.92,0.0043002829704767,61.615926353517246
2464,42.92,0.0043004680347184954,61.61855980817329
2465,42.92,0.0043005728941757125,61.62005195217321
2466,42.92,0.004300594950690231,61.620365815033104
2467,42.92,0.004301098847703391,61.62753623285588
2468,42.92,0.004302023124594132,61.6406885957463
2469,42.92,0.004302310769131274,61.644781739318866
2470,42.92,0.004303084958244903,61.65579832893652
2471,42.92,0.004304047232747566,61.66949130616176
2472,42.92,0.004304705310347327,61.67885559696023
2473,42.92,0.004305328522583214,61.68772374361645
2474,42.92,0.004305904085528796,61.695913837691826
2475,42.92,0.00430662206764505,61.70613049422894
2476,42.92,0.00430707451813415,61.71256870836168
2477,42.92,0.004307457699528507,61.718021239934004
2478,42.92,0.004307789606583584,61.72274415095498
2479,42.92,0.0043080555144812726,61.72652791548337
2480,42.92,0.004308356171334639,61.73080614007801
2481,42.92,0.004308018246279367,61.725997603859874
2482,42.92,0.0043085782590110405,61.73396635464026
2483,42.92,0.0043091737497859585,61.74243992774555
2484,42.92,0.0043085008878741065,61.73286539604095
2485,42.92,0.004308088320616942,61.7269947336348
2486,42.92,0.004308348058040438,61.73069069125923
2487,42.92,0.004308815974625341,61.73734894572588
2488,42.92,0.004309169484108504,61.74237922907959
2489,42.92,0.004309724160219942,61.75027201299825
2490,42.92,0.004310713054498518,61.7643434854494
2491,42.92,0.004311599675175978,61.776959617774594
2492,42.92,0.0043127164812244165,61.79285111249505
2493,42.92,0.004313513437660191,61.80419130026284
2494,42.92,0.004314569127049569,61.8192130504452
2495,42.92,0.004315590253175825,61.83374294044869
2496,42.92,0.0043163784964801504,61.84495904306673
2497,42.92,0.0043175601387702035,61.8617728611127
2498,42.92,0.004318469288244857,61.87470928268341
2499,42.92,0.004319375553234438,61.88760462311076
2500,42.92,0.004320254259298972,61.90010778904123
2501,42.92,0.00432109694126029,61.912098332698406
2502,42.92,0.004321748458308184,61.92136876368678
2503,42.92,0.004322906134828652,61.93784128627229
2504,42.92,0.004323867076935527,61.95151443825407
2505,42.92,0.0043244695203674315,61.96008652598213
2506,42.92,0.004324280578853507,61.957398104003104
2507,42.92,0.004323165218352755,61.9415277647248
2508,42.92,0.004322108062123588,61.92648555530772
2509,42.92,0.004322662223196781,61.93437068465643
2510,42.92,0.0043229868771980755,61.93899016322568
2511,42.92,0.004323154110095653,61.94136970629798
2512,42.92,0.004322380565060118,61.93036298729052
2513,42.92,0.004321831968110779,61.92255702262137
2514,42.92,0.004321668752575304,61.92023463247137
2515,42.92,0.004320640010373352,61.90559665516771
2516,42.92,0.004319961720397482,61.895945237818914
2517,42.92,0.0043196035695119575,61.89084908497333
2518,42.92,0.004319588271736665,61.89063141177825
2519,42.92,0.004319591844589379,61.89068225016915
2520,42.92,0.004320806176600801,61.90796103840343
2521,42.92,0.004321919784359123,61.923806557525154
2522,42.92,0.00432361462147294,61.947922278040835
2523,42.92,0.0043250107696253,61.96778787585598
2524,42.92,0.004326136427794354,61.9838046448367
2525,42.92,0.0043274379870794286,62.00232420447025
2526,42.92,0.004329003600936972,62.02460082820106
2527,42.92,0.004330500884647077,62.045905099712584
2528,42.92,0.00433247396249414,62.07397910663393
2529,42.92,0.004334416846689524,62.10162332927672
2530,42.92,0.004336405406120023,62.129917261916255
2531,42.92,0.004338030114796715,62.15303406292154
2532,42.92,0.004339561922525469,62.174828933891746
2533,42.92,0.004341046991579766,62.195958695740075
2534,42.92,0.004342760110154714,62.22033305230957
2535,42.92,0.004343624739352545,62.232634999141865
2536,42.92,0.0043448629919194326,62.25025280123986
2537,42.92,0.004345853680445479,62.264348223080454
2538,42.92,0.004347053161286293,62.28141426237672
2539,42.92,0.004348818926512459,62.30653719476312
2540,42.92,0.0043506745831897896,62.33293893095011
2541,42.92,0.0043516879879247905,62.3473572887334
2542,42.92,0.004353563834637254,62.37404603740486
2543,42.92,0.004355409362910132,62.400303272204184
2544,42.92,0.004357250547640985,62.42649855510455
2545,42.92,0.004359011502281265,62.45155222782852
2546,42.92,0.004360702305866208,62.4756077061614
2547,42.92,0.0043624685530934,62.500736401037905
2548,42.92,0.004364206170027265,62.52545762963728
2549,42.92,0.0043658802340623415,62.54927455583085
2550,42.92,0.0043675556532511385,62.573110634335634
2551,42.92,0.004369407417623425,62.59945541579155
2552,42.92,0.004371315496423855,62.62660121143738
2553,42.92,0.004373370476334798,62.65583675020546
2554,42.92,0.004375552438103456,62.686878609060294
2555,42.92,0.004377485705247348,62.71438221263549
2556,42.92,0.004379567749860739,62.74400220733758
2557,42.92,0.004381699792835636,62.774333294538124
2558,42.92,0.004383496796204175,62.799897846751506
2559,42.92,0.004385516594588958,62.82863175316024
2560,42.92,0.004387708671626469,62.85981630769067
2561,42.92,0.004389812214289906,62.88974116428952
2562,42.92,0.00439198933297174,62.9207124967096
2563,42.92,0.004393987854198227,62.94914294155405
2564,42.92,0.004395761300577818,62.974371378045646
2565,42.92,0.004397482613875974,62.99885805067539
2566,42.92,0.004399507911511978,63.02766890317619
2567,42.92,0.004401638498588975,63.05797734852956
2568,42.92,0.004403642906448274,63.08649065627747
2569,42.92,0.004405610420957915,63.114478967487884
2570,42.92,0.004407546148109124,63.14201492518558
2571,42.92,0.004409485909866986,63.16960810493064
2572,42.92,0.004411284339025704,63.19519067076287
2573,42.92,0.004413218835362751,63.222708621476386
2574,42.92,0.0044154363761185565,63.25425263195045
2575,42.92,0.004417775181301503,63.28752135917966
2576,42.92,0.004419540081047397,63.312626307627795
2577,42.92,0.004421386855488029,63.33889573732308
2578,42.92,0.004423364843855529,63.367031446768806
2579,42.92,0.0044255284726351036,63.39780757729535
2580,42.92,0.00442776895378368,63.42967665580906
2581,42.92,0.0044299945297220185,63.461333493739566
2582,42.92,0.004432394569529081,63.49547167290347
2583,42.92,0.004434400319031932,63.52400126398193
2584,42.92,0.004436408820938334,63.552569821901294
2585,42.92,0.004438374718412511,63.58053220487066
2586,42.92,0.004440248149671419,63.60717921059056
2587,42.92,0.004442147263987285,63.63419136009627
2588,42.92,0.004444086001086518,63.661766917330766
2589,42.92,0.004445701784318484,63.68474882146351
2590,42.92,0.004447470419385067,63.70990465989963
2591,42.92,0.004449199335415085,63.734495425002955
2592,42.92,0.0044513815272648445,63.76553304117495
2593,42.92,0.004453468796085821,63.79522035164721
2594,42.92,0.00445558150288759,63.825269266091375
2595,42.92,0.004457643978202914,63.85460354529972
2596,42.92,0.004459646652062841,63.88308709246567
2597,42.92,0.0044616084326950705,63.91098884853148
2598,42.92,0.004463559746656964,63.938741567243554
2599,42.92,0.00446567994359981,63.968896041646396
2600,42.92,0.004467868502299064,64.0000225761675
2601,42.92,0.004469497952377189,64.0231971087904
2602,42.92,0.004471360164643207,64.0496819081327
2603,42.92,0.004473241160997502,64.07643369912138
2604,42.92,0.0044752054884782694,64.10437046545347
2605,42.92,0.00448191576002507,64.19980297053199
2606,42.92,0.004488661586355131,64.2957390697641
2607,42.92,0.004495157523881759,64.38811941036336
2608,42.92,0.004501517870769829,64.4785696265148
2609,42.92,0.004502378338878131,64.4908061649688
2610,42.92,0.004504135345060697,64.51579208098127
2611,42.92,0.004506331027635166,64.54701609987514
2612,42.92,0.004508583290730436,64.5790445027686
2613,42.92,0.004510770016254062,64.61014070549876
2614,42.92,0.004512921838988808,64.6407403632359
2615,42.92,0.004515057376822713,64.67110823626179
2616,42.92,0.004517092790549712,64.7000521271635
2617,42.92,0.004519031016172676,64.7276138137095
2618,42.92,0.004521087367974608,64.75685507526924
2619,42.92,0.004522934250730804,64.78311752958848
2620,42.92,0.004524938444679889,64.81161675526839
2621,42.92,0.004526938261010106,64.84005355035741
2622,42.92,0.004528913161927008,64.86813587748694
2623,42.92,0.004530931365369157,64.89683376685659
2624,42.92,0.00453289025119972,64.9246880112812
2625,42.92,0.004535080023361004,64.95582512205473
2626,42.92,0.004541081038272206,65.04115446653287
2627,42.92,0.004547070086575799,65.12631202618428
2628,42.92,0.004552864936919386,65.20870675852476
2629,42.92,0.004558783953342999,65.29286538669994
2630,42.92,0.004564400749262759,65.37272546846656
2631,42.92,0.004570166739445147,65.45470531746864
2632,42.92,0.004575808025320922,65.53491068190137
2633,42.92,0.004581164022884578,65.61105860378113
2634,42.92,0.00458299301964524,65.63706173458965
2635,42.92,0.004584835835615582,65.66326118170277
2636,42.92,0.004586924428260818,65.69295466714539
2637,42.92,0.004588205740021833,65.71117095626734
2638,42.92,0.004589472847588795,65.7291852324217
2639,42.92,0.004591029566503666,65.75131676944868
2640,42.92,0.004592338640156599,65.76992750207779
2641,42.92,0.004593641647702975,65.7884519173431
2642,42.92,0.004595114727486201,65.80939409898376
2643,42.92,0.004596651167327647,65.83123694011859
2644,42.92,0.004598170398383581,65.85283502672486
2645,42.92,0.004599777293889964,65.87567927744936
2646,42.92,0.004601580707341808,65.90131716407637
2647,42.92,0.004603510246241504,65.92874792587202
2648,42.92,0.004605477335247093,65.95671233455678
2649,42.92,0.004607081688853519,65.97951991675627
2650,42.92,0.004611452228648692,66.04165116679052
2651,42.92,0.004615390976939065,66.09764336018368
2652,42.92,0.004619435201904619,66.15513424931832
2653,42.92,0.004624105152583328,66.22151925140632
2654,42.92,0.004629035485900098,66.29160461101635
2655,42.92,0.004634250712710062,66.3657385700395
2656,42.92,0.004638118686959012,66.42072066345648
2657,42.92,0.004641331785933245,66.46639338517475
2658,42.92,0.004644127153569785,66.50612786734277
2659,42.92,0.004647213874353381,66.55000334868171
2660,42.92,0.0046471876873569766,66.54963112147345
2661,42.92,0.004647430633531739,66.5530844058332
2662,42.92,0.0046485143521185325,66.56848856079135
2663,42.92,0.00464990344192441,66.58823323476547
2664,42.92,0.0046508894652231006,66.60224862432847
2665,42.92,0.004651305294996231,66.60815923844004
2666,42.92,0.004651921340094958,66.61691570344776
2667,42.92,0.004652013922828168,66.61823167292552
2668,42.92,0.004652024217309336,66.6183779984909
2669,42.92,0.004652021640964967,66.61834137838002
2670,42.92,0.004652159950420796,66.62030730598329
2671,42.92,0.0046522936184021394,66.62220725894427
2672,42.92,0.004652537153222952,66.62566885401523
2673,42.92,0.0046532248703528185,66.63544402571746
2674,42.92,0.0046552156369517724,66.6637405466183
2675,42.92,0.004657092219296905,66.69041390141773
2676,42.92,0.004658695341444663,66.71320022277638
2677,42.92,0.004661219288225259,66.74907464677003
2678,42.92,0.004662829716989797,66.77196452050491
2679,42.92,0.004668037582289181,66.84598585236279
2680,42.92,0.004672696101799273,66.91219808507147
2681,42.92,0.004677281095808446,66.97736432756471
2682,42.92,0.004680989276340551,67.03006777562847
2683,42.92,0.004681156558017634,67.03244529381507
2684,42.92,0.004680916175845686,67.02902882249448
2685,42.92,0.00468059192826404,67.02442039603477
2686,42.92,0.00467962748514614,67.01071304839206
2687,42.92,0.004678252902591513,66.99117643610033
2688,42.92,0.004676634578131337,66.9681754686843
2689,42.92,0.0046753844691408706,66.95040780312185
2690,42.92,0.004674989352385672,66.94479203613655
2691,42.92,0.004673513086391291,66.92380990748042
2692,42.92,0.004672097480341903,66.90368984412733
2693,42.92,0.0046710111084271875,66.88824913657064
2694,42.92,0.004670387528820856,66.87938611601182
2695,42.92,0.004669514957099121,66.86698410751826
2696,42.92,0.004668981197642023,66.85939767764395
2697,42.92,0.004668274716042343,66.84935629355142
2698,42.92,0.004669742158080064,66.87021335656141
2699,42.92,0.004673569992215526,66.92461871025341
2700,42.92,0.004677755018390381,66.98410010617239
2701,42.92,0.00468193306486848,67.04348150777184
2702,42.92,0.00468635169289313,67.10628136579379
2703,42.92,0.004690733026368902,67.16855029966837
2704,42.92,0.004694458026072565,67.22149052002334
2705,42.92,0.004698355267705947,67.27687799321968
2706,42.92,0.004702288776631392,67.33278019743103
2707,42.92,0.0047027421101645235,67.33922283346325
2708,42.92,0.004702711281394673,67.33878470481176
2709,42.92,0.004701527202499409,67.32195692031196
2710,42.92,0.004700148194603447,67.3023587814509
2711,42.92,0.0046983379627107465,67.27663205670522
2712,42.92,0.0046974337032376435,67.26378081072373
2713,42.92,0.004697503456589253,67.26477213976145
2714,42.92,0.004697943587185846,67.27102723540509
2715,42.92,0.0046979265909204305,67.27078568620402
2716,42.92,0.00469776188959105,67.268444966929
2717,42.92,0.004696621023609579,67.25223105677533
2718,42.92,0.004695502604505138,67.23633610281225
2719,42.92,0.004694542143611968,67.22268600307207
2720,42.92,0.0046934625697951805,67.20734301685044
2721,42.92,0.004692892074652145,67.19923507459423
2722,42.92,0.0046923724991159155,67.19185079477147
2723,42.92,0.004691891706603687,67.1850176937743
2724,42.92,0.004691225570726162,67.17555044554496
2725,42.92,0.004693680305414007,67.21043749648886
2726,42.92,0.004696042996755275,67.24401615568954
2727,42.92,0.004698747102116722,67.28244669319291
2728,42.92,0.004700060768081827,67.30111629319143
2729,42.92,0.004701740398830879,67.32498680919427
2730,42.92,0.004703430316728997,67.34900339459286
2731,42.92,0.004705083179256792,67.37249323533693
2732,42.92,0.00470664468303432,67.39468460715024
2733,42.92,0.0047082830163659075,67.4179677262768
2734,42.92,0.004709868883787946,67.440505111934
2735,42.92,0.004711438431275415,67.46281045626728
2736,42.92,0.004712991653312594,67.48488368437778
2737,42.92,0.004714500765487575,67.50632995136515
2738,42.92,0.00471576275759238,67.5242642708825
2739,42.92,0.004716973303953574,67.54146742095763
2740,42.92,0.004718136798056072,67.55800184580168
2741,42.92,0.004719204583174578,67.57317609540993
2742,42.92,0.004719803846259005,67.5816921753556
2743,42.92,0.004720642520998203,67.59361048790409
2744,42.92,0.004721809149680118,67.61018926405694
2745,42.92,0.0047229904317255215,67.62697621395144
2746,42.92,0.004724123293900341,67.64307501983234
2747,42.92,0.004726615468244953,67.6784904479431
2748,42.92,0.004730889709821863,67.73922956163666
2749,42.92,0.004735368941146817,67.80288079323235
2750,42.92,0.004739816533633368,67.86608152709024
2751,42.92,0.004744286275681661,67.92959610465549
2752,42.92,0.004748800675917637,67.99374435087421
2753,42.92,0.004754262424633945,68.07135289373106
2754,42.92,0.004759874747331865,68.15109960356632
2755,42.92,0.004765127139151394,68.225730683691
2756,42.92,0.004769989932339667,68.29482485318064
2757,42.92,0.004775535099168,68.37361338459866
2758,42.92,0.004781116187415511,68.45291089789387
2759,42.92,0.004786663208105581,68.53172297132258
2760,42.92,0.0047923536585893,68.61257144570081
2761,42.92,0.004797536738579519,68.68621005144487
2762,42.92,0.004802276485902476,68.75354894245011
2763,42.92,0.004807798108572515,68.83199486673178
2764,42.92,0.004813403471209169,68.91162907443318
2765,42.92,0.004818930063299638,68.99014281104967
2766,42.92,0.004824453369584943,69.06860848438423
2767,42.92,0.00482996032040571,69.14684043051447
2768,42.92,0.004835447711660361,69.22479314533743
2769,42.92,0.004840506479824913,69.29665572240306
2770,42.92,0.00484521115914127,69.36348723207972
2771,42.92,0.00485014367954916,69.43355422171946
2772,42.92,0.00485420180486931,69.4911995070386
2773,42.92,0.004857581763803105,69.53921093340928
2774,42.92,0.004863281977066541,69.62017978841446
2775,42.92,0.004866731306722062,69.66917518263523
2776,42.92,0.0048677683788248055,69.68390598481983
2777,42.92,0.004868812635655617,69.69873879122325
2778,42.92,0.004866338532126376,69.66359611242852
2779,42.92,0.004864013082567112,69.6305646924786
2780,42.92,0.004865513453449734,69.65187646238678
2781,42.92,0.004867175021597923,69.67547781312041
2782,42.92,0.004868601598058213,69.6957411803169
2783,42.92,0.0048699995764704615,69.71559824584274
2784,42.92,0.004871537200029492,69.73743874674238
2785,42.92,0.0048730539564594885,69.7589827446594
2786,42.92,0.004874348694799215,69.77737311665935
2787,42.92,0.0048755666267416686,69.79467246666673
2788,42.92,0.004875832538079012,69.7984494284539
2789,42.92,0.004876285089602166,69.8048773899978
2790,42.92,0.004876568479355719,69.80890260305273
2791,42.92,0.004877373500973845,69.82033695401137
2792,42.92,0.004878710359115657,69.83932532972453
2793,42.92,0.0048804361555061715,69.86383796059299
2794,42.92,0.00488218162107182,69.88862982850867
2795,42.92,0.004884071479107156,69.91547243141464
2796,42.92,0.004885519290767559,69.93603631813158
2797,42.92,0.004887253247806048,69.96066432472533
2798,42.92,0.004888376376480326,69.97661644678286
2799,42.92,0.004888725379813036,69.98157343062127
2800,42.92,0.00488870798620326,69.98132638485161
2801,42.92,0.004888696932567604,69.98116938730556
2802,42.92,0.004889150303871088,69.98760872854048
2803,42.92,0.004889313484072063,69.98992641374738
2804,42.92,0.004889780199225054,69.9965552676922
2805,42.92,0.004888998474177616,69.9854522560685
2806,42.92,0.004888133740936292,69.97317022867293
2807,42.92,0.004887002221974736,69.95709892427665
2808,42.92,0.004886444971309185,69.94918410401877
2809,42.92,0.004886062662292125,69.94375403120665
2810,42.92,0.004885685347602275,69.93839488813016
2811,42.92,0.004885618176261677,69.93744082752809
2812,42.92,0.00488615979864023,69.9451336944093
2813,42.92,0.004886938863398475,69.95619902163178
2814,42.92,0.004887683117691515,69.96676989804288
2815,42.92,0.004888691888010709,69.98109773820309
2816,42.92,0.004889341246170386,69.9903207249727
2817,42.92,0.004889809059137526,69.99696517080368
2818,42.92,0.004890571782436166,70.00779826874901
2819,42.92,0.0048913260123401294,70.01851070753831
2820,42.92,0.004891730728418112,70.02425893917675
2821,42.92,0.004892380175037689,70.03348309292574
2822,42.92,0.004893025620025497,70.04265039217059
2823,42.92,0.004893849595625967,70.05435334646663
2824,42.92,0.0048947617868798496,70.0673091948919
2825,42.92,0.004896741262033674,70.09542354222813
2826,42.92,0.0048982135107313585,70.11633367249675
2827,42.92,0.004899573703862823,70.135652206857
2828,42.92,0.004901159285517009,70.15817178074118
2829,42.92,0.004902250363586831,70.17366799200506
2830,42.92,0.004901892342675976,70.16858314854889
2831,42.92,0.00490136427535094,70.16108318584746
2832,42.92,0.004900483548181453,70.14857448581363
2833,42.92,0.004899766204350606,70.13838624365665
2834,42.92,0.004899086540711547,70.12873314165088
2835,42.92,0.004898519394353403,70.12067807996723
2836,42.92,0.004897940963625033,70.1124627337081
2837,42.92,0.004897514779976052,70.10640971528093
2838,42.92,0.004896937147052283,70.09820567380915
2839,42.92,0.004896320454039029,70.08944685053649
2840,42.92,0.0048957598540000915,70.08148469467581
2841,42.92,0.004895037864557299,70.07123031751506
2842,42.92,0.004894540987322047,70.06417318318839
2843,42.92,0.0048941488088748665,70.05860307509965
2844,42.92,0.004893489515129946,70.04923911436215
2845,42.92,0.004892997618665476,70.0422526873335
2846,42.92,0.004892354857006494,70.0331234988147
2847,42.92,0.004891537523339563,70.02151482489292
2848,42.92,0.004890706617864479,70.00971335815623
2849,42.92,0.004891557067215524,70.02179240892151
2850,42.92,0.00489216457479043,70.03042090368237
2851,42.92,0.004892960248421026,70.0417219156667
2852,42.92,0.004893971220768864,70.05608079002269
2853,42.92,0.0048945310790276106,70.06403245582888
2854,42.92,0.004894267450845063,70.06028814701267
2855,42.92,0.004894228415643836,70.05973373011666
2856,42.92,0.004894999780187039,70.07068940660007
2857,42.92,0.004895768759917752,70.08161118479707
2858,42.92,0.004896548785736164,70.09268982261307
2859,42.92,0.004897118619090693,70.100783097998
2860,42.92,0.0048976768255731985,70.10871122403482
2861,42.92,0.004897970004681099,70.11287519889834
2862,42.92,0.004898054730079966,70.1140785391398
2863,42.92,0.004897931388970055,70.11232674650016
2864,42.92,0.004897813715253183,70.11065544622966
2865,42.92,0.004897535040882683,70.10669747789431
2866,42.92,0.004897306936071729,70.1034577384551
2867,42.92,0.004897263453080169,70.10284015558544
2868,42.92,0.004896506999419126,70.0920963359412
2869,42.92,0.004896314038889357,70.08935573677829
2870,42.92,0.004895862985803317,70.08294946819295
2871,42.92,0.004895395549896147,70.07631050606587
2872,42.92,0.0048953164187864814,70.0751866110245
2873,42.92,0.004895440852828777,70.07695394113773
2874,42.92,0.004895991605173849,70.0847762391036
2875,42.92,0.004896527951999005,70.09239392324238
2876,42.92,0.004897021640003591,70.09940571659308
2877,42.92,0.004897550519761653,70.10691732207461
2878,42.92,0.004898051281144213,70.11402955450595
2879,42.92,0.0048982868668211565,70.11737553560997
2880,42.92,0.0048982642152209125,70.11705381910483
2881,50.06,0.0048981724559227805,53.5275379111776
2882,50.06,0.004897441083407185,53.51960787042148
2883,50.06,0.004896699898199391,53.51157141486995
2884,50.06,0.00489568768914297,53.500596295885906
2885,50.06,0.004894707479086819,53.48996809994002
2886,50.06,0.0048941556811613945,53.48398506521151
2887,50.06,0.004893940636127393,53.481653371993175
2888,50.06,0.004894242713578481,53.484928741032
2889,50.06,0.004894738541342439,53.49030490146237
2890,50.06,0.004895611499256689,53.49977018737214
2891,50.06,0.004897216327902064,53.51717091388244
2892,50.06,0.004898786724300703,53.53419821452693
2893,50.06,0.00490031446138613,53.55076289215449
2894,50.06,0.004899662208310144,53.543690767671535
2895,50.06,0.004899512919158749,53.54207208184003
2896,50.06,0.004898922640459808,53.535671905504486
2897,50.06,0.004898775544631131,53.53407699728422
2898,50.06,0.004898474899767338,53.530817208672545
2899,50.06,0.00489882215565512,53.53458238426835
2900,50.06,0.004899724927135996,53.54437080396012
2901,50.06,0.004901025007100878,53.558467044125166
2902,50.06,0.0049018881439211875,53.56782565456098
2903,50.06,0.004903187703386989,53.58191615392557
2904,50.06,0.004904466133550777,53.59577750140605
2905,50.06,0.004905179588409634,53.60351309351393
2906,50.06,0.004906126804334812,53.61378319894903
2907,50.06,0.0049072704278110175,53.626182794638964
2908,50.06,0.004908466706381516,53.6391532482417
2909,50.06,0.004909883695417327,53.65451665470775
2910,50.06,0.004911269613987227,53.66954311897369
2911,50.06,0.004912800486480025,53.68614113149174
2912,50.06,0.004914403091435401,53.70351679423992
2913,50.06,0.004915682832688651,53.71739186064515
2914,50.06,0.004916143107329478,53.72238218463677
2915,50.06,0.004916693560571876,53.72835022056378
2916,50.06,0.004917117493278812,53.73294650867345
2917,50.06,0.004918010564757853,53.742629189743
2918,50.06,0.004918574574057182,53.74874416441189
2919,50.06,0.0049193587182660495,53.7572458179615
2920,50.06,0.004920584558416318,53.77053627490916
2921,50.06,0.004922202875592806,53.78808185552373
2922,50.06,0.004925214415496318,53.82073233137954
2923,50.06,0.004927935405650349,53.850232458805856
2924,50.06,0.004930597086659593,53.87908932718253
2925,50.06,0.004933191097605609,53.907212308335716
2926,50.06,0.004936114134536428,53.9389021472615
2927,50.06,0.004939617253820987,53.976880506927294
2928,50.06,0.004943089963750724,54.01452877077554
2929,50.06,0.004946582798422332,54.052394789774105
2930,50.06,0.004949759616337547,54.086834486758725
2931,50.06,0.004952621072851558,54.11785507046749
2932,50.06,0.004955187560803764,54.14567770717039
2933,50.06,0.00495739623492917,54.16962119369858
2934,50.06,0.004959922359518932,54.19700584613374
2935,50.06,0.004962760784236044,54.227775749373954
2936,50.06,0.004965667638668799,54.25928717519762
2937,50.06,0.004967217445905707,54.276087565358665
2938,50.06,0.00496819086783486,54.286639717903725
2939,50.06,0.004968940453222151,54.29476540048417
2940,50.06,0.004970813524049874,54.31506984555896
2941,50.06,0.004971841306286222,54.326211149505134
2942,50.06,0.004973110200592706,54.33996609180088
2943,50.06,0.004974303997697504,54.352906922019194
2944,50.06,0.0049753467727611835,54.364210624179975
2945,50.06,0.004976057758846525,54.3719177057423
2946,50.06,0.004976689989310809,54.378771062530774
2947,50.06,0.004976876882406212,54.38079697469876
2948,50.06,0.004976834662638736,54.38033931455494
2949,50.06,0.004977727183127471,54.39001417838399
2950,50.06,0.004978545538587415,54.39888507393411
2951,50.06,0.004979664243182078,54.411011688142366
2952,50.06,0.004980733253563449,54.42259958302018
2953,50.06,0.004981781221785538,54.43395934602905
2954,50.06,0.004982815534172287,54.44517104531339
2955,50.06,0.0049838561822639765,54.45645138479145
2956,50.06,0.004984928311215245,54.468072928975296
2957,50.06,0.004985835413036112,54.477905599380264
2958,50.06,0.004986672999812976,54.486984725453894
2959,50.06,0.004987635452299233,54.49741731896528
2960,50.06,0.004987605048996398,54.49708776001785
2961,50.06,0.004987555607366525,54.496551833586956
2962,50.06,0.0049882853021853074,54.50446140931396
2963,50.06,0.004988677830508293,54.508716238673024
2964,50.06,0.004988730357939889,54.50928561185291
2965,50.06,0.0049915596957637205,54.53995419053006
2966,50.06,0.004993480338576163,54.5607728211044
2967,50.06,0.004993906539087477,54.565392564933845
2968,50.06,0.004994558076204484,54.57245480282851
2969,50.06,0.004994851100528077,54.575630990815824
2970,50.06,0.004994586314522435,54.57276088746694
2971,50.06,0.004995247379637802,54.57992638700902
2972,50.06,0.00499588677807038,54.58685701996136
2973,50.06,0.004996785722460311,54.59660092611816
2974,50.06,0.004997613102081055,54.60556909731088
2975,50.06,0.0049983475345114214,54.6135297712166
2976,50.06,0.00499914645070545,54.62218937757514
2977,50.06,0.0049998417235147105,54.62972555538166
2978,50.06,0.005000251292557471,54.634164934643756
2979,50.06,0.005000617741787689,54.63813692698148
2980,50.06,0.005001245447251668,54.644940699875846
2981,50.06,0.005001715524181854,54.650035909746066
2982,50.06,0.005002507153851442,54.65861644397299
2983,50.06,0.005003553238258676,54.669954999228
2984,50.06,0.0050046597116344925,54.68194807201313
2985,50.06,0.005005279560676099,54.68866660168123
2986,50.06,0.005006187157636192,54.69850400052809
2987,50.06,0.005007026903953464,54.70760594422433
2988,50.06,0.0050081775025405326,54.720077151414145
2989,50.06,0.0050095182627688025,54.73460944125171
2990,50.06,0.005010711108662924,54.747538458571455
2991,50.06,0.005011586231657598,54.75702370984392
2992,50.06,0.005012844398073769,54.77066063181471
2993,50.06,0.005013673598005044,54.77964807335519
2994,50.06,0.00501498392427549,54.793850245982945
2995,50.06,0.005016028380831987,54.80517070634404
2996,50.06,0.005017263611367263,54.81855884334189
2997,50.06,0.005018231507451489,54.82904941936809
2998,50.06,0.005019136585977972,54.838859115762176
2999,50.06,0.005019813293986476,54.84619359909006
3000,50.06,0.005020421310635212,54.85278355927847
3001,50.06,0.005021324407077499,54.862571704503395
3002,50.06,0.0050218545925975475,54.868318068634416
3003,50.06,0.005022342073052476,54.87360156949968
3004,50.06,0.005022785602876219,54.87840870936349
3005,50.06,0.005023477166888189,54.88590412169797
3006,50.06,0.005024668278838437,54.898813770320956
3007,50.06,0.0050259858887343545,54.91309438660783
3008,50.06,0.005027393631923226,54.92835182584418
3009,50.06,0.005028545718092852,54.94083834547323
3010,50.06,0.0050296070232299876,54.95234092313923
3011,50.06,0.00503086841885757,54.96601205966242
3012,50.06,0.00503200509112637,54.97833138437947
3013,50.06,0.005031157404394629,54.96914410711411
3014,50.06,0.005034816003632071,55.00879603706037
3015,50.06,0.005034266470404247,55.00284022075306
3016,50.06,0.005037664528112832,55.039668049431114
3017,50.06,0.005040636290838818,55.07187540611695
3018,50.06,0.005040256396675292,55.067758207882655
3019,50.06,0.005040227689746875,55.067447089146526
3020,50.06,0.005041008279851874,55.07590692546665
3021,50.06,0.005042147234592559,55.088250588448616
3022,50.06,0.005042946796509813,55.09691598310631
3023,50.06,0.0050442762772169615,55.111324418086774
3024,50.06,0.0050449015481440025,55.11810085896425
3025,50.06,0.0050454053330383315,55.12356067207279
3026,50.06,0.005046066108593244,55.13072187197425
3027,50.06,0.005046451967429248,55.13490363630438
3028,50.06,0.0050466504760324615,55.13705498116161
3029,50.06,0.0050465708972347425,55.13619254295001
3030,50.06,0.005046506494708001,55.13549457798532
3031,50.06,0.005046567691627744,55.13615780205908
3032,50.06,0.005046828279548148,55.1389819326554
3033,50.06,0.005047755192831618,55.14902736838414
3034,50.06,0.00505034363161161,55.17707945273923
3035,50.06,0.005053498451615372,55.21126935396774
3036,50.06,0.005057615406780071,55.25588573709134
3037,50.06,0.005061747513209783,55.30066572878848
3038,50.06,0.0050662150148805376,55.34907976345301
3039,50.06,0.005070301797197611,55.39336736220558
3040,50.06,0.005074718058384836,55.441224805036285
3041,50.06,0.0050796799625081,55.49499438097073
3042,50.06,0.0050839543853568505,55.54131339736226
3043,50.06,0.0050878870655414,55.58392862289085
3044,50.06,0.005088721776434538,55.592973630580445
3045,50.06,0.005090103794716547,55.60794926094383
3046,50.06,0.005091175015598914,55.61955702722059
3047,50.06,0.005092246946804106,55.63117245086608
3048,50.06,0.005094400156993926,55.65450447048788
3049,50.06,0.005096413074734475,55.676316147024764
3050,50.06,0.005099094482255486,55.70537126163882
3051,50.06,0.005101530290101157,55.73176489931453
3052,50.06,0.005103841536550394,55.75680863979412
3053,50.06,0.0051058014985351265,55.77804585790502
3054,50.06,0.005108758534645462,55.81008664690524
3055,50.06,0.005112018107362066,55.845405203169506
3056,50.06,0.005115903946454494,55.887509084464725
3057,50.06,0.005119822677029977,55.929968823406384
3058,50.06,0.005123310035900837,55.9677541713829
3059,50.06,0.005127143098197883,56.009284712772455
3060,50.06,0.0051300586299429015,56.04087363549834
3061,50.06,0.005133466196885683,56.07779324154586
3062,50.06,0.005136390870832733,56.10948057781845
3063,50.06,0.0051427809056955485,56.17871228688733
3064,50.06,0.0051495006713638556,56.25151488437159
3065,50.06,0.005154767697807381,56.308577272475645
3066,50.06,0.005160418682469755,56.36979835601718
3067,50.06,0.005167388249850683,56.44530305217215
3068,50.06,0.005174823235097141,56.52584799517991
3069,50.06,0.0051808401896530935,56.591029680177066
3070,50.06,0.005187062759851459,56.65843748438423
3071,50.06,0.00519282676439541,56.72087654913768
3072,50.06,0.005197678467832624,56.77343214567567
3073,50.06,0.0052030108735038215,56.831193963515844
3074,50.06,0.0052083710797109165,56.88925593307425
3075,50.06,0.005213722346281241,56.947220078119386
3076,50.06,0.0052187005567079624,57.00114244488251
3077,50.06,0.005223241475508218,57.05032746350799
3078,50.06,0.005228061021811336,57.102529660284475
3079,50.06,0.005232872530178658,57.15464399506924
3080,50.06,0.005237676014015682,57.20667061708223
3081,50.06,0.005242130706546787,57.25491876180732
3082,50.06,0.005246218930726282,57.299197136529955
3083,50.06,0.0052507139549734716,57.34788077898304
3084,50.06,0.005254763991393087,57.391744355206896
3085,50.06,0.005258769934702871,57.43512982747912
3086,50.06,0.005263073340563924,57.48173628386717
3087,50.06,0.005267755703984597,57.5324461743943
3088,50.06,0.005273343081764824,57.59295635930126
3089,50.06,0.005279411377626778,57.658673569696084
3090,50.06,0.0052849206372262295,57.718335540303876
3091,50.06,0.005290420708600865,57.77789696250923
3092,50.06,0.005295576298329759,57.833726972525255
3093,50.06,0.0052999093054255505,57.88064850483805
3094,50.06,0.005304373932579229,57.92899465438578
3095,50.06,0.005308769092598561,57.976587892279355
3096,50.06,0.005312365904747757,58.01553567903667
3097,50.06,0.005316386189317046,58.05906847368445
3098,50.06,0.0053203272256007504,58.101742603529715
3099,50.06,0.005324697662392888,58.149065719200834
3100,50.06,0.005328672717804469,58.19210707027695
3101,50.06,0.00533221953215183,58.230511025727125
3102,50.06,0.005336123389152632,58.272780441295446
3103,50.06,0.0053397291583037665,58.311821812436634
3104,50.06,0.0053437583119956165,58.35544683763485
3105,50.06,0.005347781979984239,58.399011907977496
3106,50.06,0.0053521216221086325,58.44599746801487
3107,50.06,0.005356429198033897,58.49263520253165
3108,50.06,0.005361108709220689,58.5432991206025
3109,50.06,0.00536618295195024,58.598235845921266
3110,50.06,0.0053720314489308025,58.661553998973574
3111,50.06,0.0053773890894456495,58.719556908665524
3112,50.06,0.005382395241248079,58.77375363444466
3113,50.06,0.005386885342540896,58.82236284854609
3114,50.06,0.0053915181045549624,58.87251575849264
3115,50.06,0.0053959769465596035,58.920785162365405
3116,50.06,0.0053997787383983555,58.961941096825996
3117,50.06,0.005403612362469815,59.00344112298157
3118,50.06,0.005407472484804186,59.04522748759299
3119,50.06,0.005411243719876931,59.08605113855714
3120,50.06,0.005414693968206154,59.12339967543766
3121,50.06,0.005418059406285851,59.1598297554495
3122,50.06,0.005421481996869633,59.19687809708678
3123,50.06,0.005424519788658268,59.2297607882272
3124,50.06,0.005426846179831993,59.25494268141913
3125,50.06,0.005429203888744162,59.280463381202786
3126,50.06,0.00543151183888666,59.30544528815849
3127,50.06,0.005435309117204859,59.34654770572819
3128,50.06,0.0054383708313254986,59.37968788295718
3129,50.06,0.005441799714314282,59.41680193406577
3130,50.06,0.005446624309963171,59.46902241942449
3131,50.06,0.005449257680715008,59.49752517366916
3132,50.06,0.0054519137516874224,59.52627338539579
3133,50.06,0.005456147822324298,59.572100708401756
3134,50.06,0.005456872893246655,59.57994842743336
3135,50.06,0.005458755474102695,59.600324233099435
3136,50.06,0.005460006768333027,59.61386734368293
3137,50.06,0.005462569528384546,59.64160465034073
3138,50.06,0.005467625596301768,59.69632690310473
3139,50.06,0.005472955128089735,59.75400792377727
3140,50.06,0.005475827098434445,59.78509058206111
3141,50.06,0.00547906923997679,59.820179174054964
3142,50.06,0.0054822609056295836,59.854721128507826
3143,50.06,0.005485488033087529,59.88964651274576
3144,50.06,0.005487539821557944,59.91185167778167
3145,50.06,0.005489451451770434,59.932539870950365
3146,50.06,0.005490713734373427,59.94620057481086
3147,50.06,0.005491720494785184,59.957095921126125
3148,50.06,0.005492410874306415,59.964567315053685
3149,50.06,0.005493417182359417,59.975457706952675
3150,50.06,0.005494723333639704,59.98959298774883
3151,50.06,0.005496640343099995,60.01033892140877
3152,50.06,0.005499301730719874,60.039140327591525
3153,50.06,0.0055018250937805355,60.066447813119176
3154,50.06,0.005505235848466262,60.10335817881579
3155,50.06,0.0055069598438717915,60.12201468917724
3156,50.06,0.005507635759873919,60.129329201515546
3157,50.06,0.00550714909243396,60.124062668530144
3158,50.06,0.005505262045394594,60.10364167411154
3159,50.06,0.005503254113578213,60.08191237001995
3160,50.06,0.005501312229550275,60.060897685240974
3161,50.06,0.005498841093981982,60.03415535691013
3162,50.06,0.005497297879518688,60.01745477098105
3163,50.06,0.005497757702480626,60.02243095953447
3164,50.06,0.005498773321685293,60.033421930396926
3165,50.06,0.005499355173027982,60.039718675124135
3166,50.06,0.005499905920643575,60.045678807257815
3167,50.06,0.005501638561853146,60.06442919795584
3168,50.06,0.00550357523492851,60.08538746921042
3169,50.06,0.005505500791254936,60.1062253090647
3170,50.06,0.005507094036209695,60.12346687015187
3171,50.06,0.005508754256883044,60.14143312678261
3172,50.06,0.005510659735411945,60.16205335050204
3173,50.06,0.005512562036024686,60.18263905932844
3174,50.06,0.005514457410896888,60.203149697248584
3175,50.06,0.0055166318833560195,60.22668041333377
3176,50.06,0.005518856978127003,60.250758762076
3177,50.06,0.0055208292866097694,60.27210149965866
3178,50.06,0.0055226144191557105,60.291418653978425
3179,50.06,0.005524192023079594,60.308490022265104
3180,50.06,0.005525337419642567,60.32088438907006
3181,50.06,0.005527124994413346,60.340227693000074
3182,50.06,0.0055285346811839355,60.35548180217219
3183,50.06,0.005530521400110327,60.37697981434851
3184,50.06,0.005532806812416278,60.401709778118715
3185,50.06,0.005535088413160677,60.426398318093696
3186,50.06,0.00553678069318653,60.44470987351145
3187,50.06,0.005538974791296192,60.468451275449276
3188,50.06,0.005541460630781422,60.49534928604741
3189,50.06,0.0055442055777993726,60.52505072048741
3190,50.06,0.00554694594685365,60.554702360306464
3191,50.06,0.005549687864968937,60.58437050223776
3192,50.06,0.005551850600686089,60.6077715835231
3193,50.06,0.005554281989625534,60.63407933494867
3194,50.06,0.005556390043112042,60.656888415397425
3195,50.06,0.005558560705881501,60.680374766411035
3196,50.06,0.0055609892512870525,60.70665118880193
3197,50.06,0.00556311670800224,60.72966971885061
3198,50.06,0.005565537655005321,60.755863547854894
3199,50.06,0.005567948300015896,60.78194571195581
3200,50.06,0.005570351704291135,60.8079493348578
3201,50.06,0.005573336408182012,60.84024204933648
3202,50.06,0.0055762882006037675,60.87217837923675
3203,50.06,0.005579552020198871,60.907490275194334
3204,50.06,0.005581930011683813,60.93321799405522
3205,50.06,0.0055854869335010765,60.971700309752286
3206,50.06,0.005586968825426382,60.98773276082338
3207,50.06,0.005589353072443654,61.01352754888653
3208,50.06,0.005591989021279696,61.042045230628105
3209,50.06,0.005595163826352903,61.076392347342725
3210,50.06,0.005598061778130962,61.10774398073217
3211,50.06,0.005600409921914267,61.13314727700892
3212,50.06,0.005603655849269553,61.16826289465038
3213,50.06,0.005606611985926797,61.200243135510405
3214,50.06,0.005609857840580484,61.23535727257239
3215,50.06,0.005612468890618908,61.26360373553086
3216,50.06,0.005615133857522245,61.29243323131006
3217,50.06,0.005617460363415366,61.31760107045597
3218,50.06,0.005620122693712245,61.346401585513966
3219,50.06,0.00562244691462803,61.371544306414116
3220,50.06,0.005624762754994984,61.396596183837126
3221,50.06,0.0056270792373162345,61.4216548207091
3222,50.06,0.00562968109875684,61.44980033663363
3223,50.06,0.0056323402109811115,61.47856491913024
3224,50.06,0.005634903249563298,61.50629000744955
3225,50.06,0.005637512856783059,61.53451860877257
3226,50.06,0.005640697636154078,61.56896863498249
3227,50.06,0.00564382419519122,61.602788546833196
3228,50.06,0.005647288406794884,61.6402604446311
3229,50.06,0.0056504223978901145,61.67416003645458
3230,50.06,0.0056538987553048335,61.71176252240795
3231,50.06,0.005657082332288909,61.74619774416783
3232,50.06,0.005660239863239474,61.78035089342943
3233,50.06,0.0056633583657034236,61.81408155727189
3234,50.06,0.00566684669290215,61.85181195987245
3235,50.06,0.005670376420302405,61.88998972792158
3236,50.06,0.00567359709888851,61.924824428619274
3237,50.06,0.005676466745822047,61.955862087093884
3238,50.06,0.005679291271257273,61.98641144124054
3239,50.06,0.00568212083815233,62.0170150468436
3240,50.06,0.005684662984014747,62.044509771790956
3241,50.06,0.00568751669004152,62.07537392828887
3242,50.06,0.005690356121496292,62.10608342009735
3243,50.06,0.005692583099918546,62.1301688134774
3244,50.06,0.005694785645967718,62.15398979580522
3245,50.06,0.005696985345615564,62.17777982686218
3246,50.06,0.005698929884542907,62.19881012346027
3247,50.06,0.005701458033180165,62.22615199667152
3248,50.06,0.005703961520170288,62.2532269376469
3249,50.06,0.005707403790441897,62.29045436559652
3250,50.06,0.005710516498461986,62.32411729564531
3251,50.06,0.005713563133565993,62.35706534515694
3252,50.06,0.0057154430996405915,62.37739621085158
3253,50.06,0.005717651341531402,62.40127705502664
3254,50.06,0.005719555258320406,62.4218666663689
3255,50.06,0.005722006935665668,62.44837976488014
3256,50.06,0.005725446409268499,62.48557480881162
3257,50.06,0.005727640668663177,62.509303684639264
3258,50.06,0.005729159855148845,62.52573217722963
3259,50.06,0.005731373090767256,62.549665979358984
3260,50.06,0.005734381153396775,62.58219472428315
3261,50.06,0.0057374238912630045,62.615098124906076
3262,50.06,0.005740442136025949,62.64773634812105
3263,50.06,0.00574288915991505,62.67419736198211
3264,50.06,0.005745315312459414,62.700432478842316
3265,50.06,0.005747755416574609,62.7268182559723
3266,50.06,0.005750140676979019,62.75261078884506
3267,50.06,0.005751962501734316,62.772310591793044
3268,50.06,0.00575348905889892,62.7888175114756
3269,50.06,0.005755024659546471,62.80542213885809
3270,50.06,0.005756852935485118,62.82519139206416
3271,50.06,0.0057586728882213015,62.84487053162552
3272,50.06,0.005760561247221943,62.86528922714333
3273,50.06,0.0057619679972706695,62.880500238460534
3274,50.06,0.005763081190666944,62.89253701030025
3275,50.06,0.005763867637742386,62.90104070372395
3276,50.06,0.005765331803275548,62.916872373219334
3277,50.06,0.005766868602723653,62.93348933631175
3278,50.06,0.005768345682732619,62.94946049388626
3279,50.06,0.005769867348047369,62.965913658420256
3280,50.06,0.005771412184615823,62.98261728294526
3281,50.06,0.00577278863192687,62.997500120737115
3282,50.06,0.005773951756994939,63.0100763607043
3283,50.06,0.005775649238746396,63.02843022577601
3284,50.06,0.005778245864916647,63.056505814990125
3285,50.06,0.005780759494413572,63.08368379520295
3286,50.06,0.005782320374353488,63.10056030338359
3287,50.06,0.005785706854323619,63.13717523129944
3288,50.06,0.0057891541641181,63.17444745101517
3289,50.06,0.0057923449266191465,63.208945523566264
3290,50.06,0.00579555339186536,63.243634642065814
3291,50.06,0.005798454679668069,63.2750023300782
3292,50.06,0.005801340874710031,63.3062065528605
3293,50.06,0.005803942943837566,63.334338690050174
3294,50.06,0.005806593132947604,63.362990834239596
3295,50.06,0.005808441496689158,63.38297401382573
3296,50.06,0.005810237570677458,63.40239176147152
3297,50.06,0.005812816163193315,63.43026929332909
3298,50.06,0.005814544610020489,63.448955650556016
3299,50.06,0.0058161048579010634,63.465823509064876
3300,50.06,0.005817717580063141,63.48325857953462
3301,50.06,0.005819482423433904,63.502338123245174
3302,50.06,0.005821852148122746,63.527956809158226
3303,50.06,0.005823680808295743,63.54772600746451
3304,50.06,0.005825506418668585,63.567462120241345
3305,50.06,0.00582711065534289,63.584804935232484
3306,50.06,0.005829090749997521,63.60621089093753
3307,50.06,0.0058308080174976655,63.62477542544338
3308,50.06,0.0058328051127197,63.64636491211096
3309,50.06,0.005835093668372198,63.67110504663488
3310,50.06,0.005837487405520926,63.69698203909921
3311,50.06,0.005840155004653728,63.725819326503206
3312,50.06,0.005842196545369078,63.74788862995246
3313,50.06,0.005843659487632055,63.76370312547436
3314,50.06,0.00584533683531479,63.78183526602429
3315,50.06,0.005846730599297122,63.79690179102252
3316,50.06,0.005847184255776026,63.80180578241061
3317,50.06,0.005848546444073533,63.81653088977429
3318,50.06,0.005850248104678561,63.83492556609352
3319,50.06,0.0058498985974163855,63.83114745717279
3320,50.06,0.005848957056954854,63.820969557834715
3321,50.06,0.00584845023255045,63.81549085576966
3322,50.06,0.005847928246464845,63.809848248770365
3323,50.06,0.005847508555365498,63.80531143150221
3324,50.06,0.005847323711124441,63.803313282497896
3325,50.06,0.0058476159489813445,63.80647234593187
3326,50.06,0.0058481131823951895,63.81184738507687
3327,50.06,0.005847224211682334,63.80223770232244
3328,50.06,0.005845533491590498,63.783961115437435
3329,50.06,0.005843497326097284,63.761950152977306
3330,50.06,0.005841179167940259,63.73689067414343
3331,50.06,0.005838954304324559,63.71283954286673
3332,50.06,0.005836599226629058,63.68738059084295
3333,50.06,0.005834224850421474,63.66171282392729
3334,50.06,0.0058323052930573,63.64096165237558
3335,50.06,0.005830757332739688,63.62422749890291
3336,50.06,0.005830684760034647,63.623442953003874
3337,50.06,0.0058314639236446125,63.63186607746212
3338,50.06,0.005832247870925831,63.64034089455105
3339,50.06,0.005832186068145553,63.63967277991058
3340,50.06,0.00583299340362721,63.648400413393645
3341,50.06,0.005833262114736079,63.65130528764297
3342,50.06,0.005833522253490019,63.65411748894778
3343,50.06,0.005832344479955001,63.6413852794511
3344,50.06,0.005830652482577311,63.62309401808407
3345,50.06,0.005829278308213539,63.608238495522905
3346,50.06,0.005828315616667126,63.597831272392945
3347,50.06,0.005827575882973913,63.589834324140824
3348,50.06,0.005827923370764545,63.593590870100144
3349,50.06,0.005828286951034122,63.59752138070327
3350,50.06,0.005832019520392483,63.63787232640124
3351,50.06,0.005836892435343675,63.690550257444514
3352,50.06,0.005842408113651868,63.7501757006146
3353,50.06,0.0058484172595320285,63.81513442167164
3354,50.06,0.005851380978632559,63.84717169528295
3355,50.06,0.0058547121290128765,63.88318047427879
3356,50.06,0.0058592441066399915,63.93216923738516
3357,50.06,0.005864990302448229,63.994282169049946
3358,50.06,0.005870703468406232,64.05603694062124
3359,50.06,0.005876465634687756,64.11832022820889
3360,50.06,0.005882469887699949,64.18321901630082
3361,50.06,0.005889284856454634,64.2568791671231
3362,50.06,0.005894884461084674,64.31740175798491
3363,50.06,0.0058990327696022225,64.3622375093824
3364,50.06,0.005903173329209366,64.40698891818327
3365,50.06,0.005907271189581234,64.45127825001438
3366,50.06,0.005911406947515715,64.49597658935421
3367,50.06,0.005913667251668936,64.52040519819215
3368,50.06,0.005914768590703324,64.5323080371894
3369,50.06,0.005915782813541803,64.5432693216804
3370,50.06,0.005917639288346709,64.56333321166012
3371,50.06,0.005919313858961593,64.58143106655021
3372,50.06,0.005920844696389567,64.59797544631266
3373,50.06,0.005922084275625401,64.61137202178058
3374,50.06,0.00592314969622262,64.62288636037611
3375,50.06,0.005929202019702476,64.68829499994234
3376,50.06,0.005930273525194612,64.69987483726828
3377,50.06,0.005931128057168835,64.70910979776968
3378,50.06,0.005932172697552608,64.72039923314826
3379,50.06,0.005933351539628594,64.73313894196706
3380,50.06,0.005934656074573823,64.74723695386534
3381,50.06,0.005936781451133192,64.77020561442188
3382,50.06,0.0059389172869308855,64.79328714992303
3383,50.06,0.005941378939446758,64.81988952448845
3384,50.06,0.005943819133440402,64.84625979707162
3385,50.06,0.005946009994714361,64.86993544868919
3386,50.06,0.005947868372808993,64.89001797473637
3387,50.06,0.005949675720166511,64.90954892410961
3388,50.06,0.005951463876283131,64.92887237427735
3389,50.06,0.005953295350152658,64.94866381737798
3390,50.06,0.005954884038789044,64.96583155862083
3391,50.06,0.005956425195812941,64.98248557911994
3392,50.06,0.0059582174173034705,65.00185254466959
3393,50.06,0.005959522743088522,65.01595798584007
3394,50.06,0.005960019828758901,65.02132951272904
3395,50.06,0.00596482179740287,65.07321933283106
3396,50.06,0.00596922465485111,65.12079568093584
3397,50.06,0.005973790346535204,65.17013087675404
3398,50.06,0.005977931443955771,65.2148774416623
3399,50.06,0.005982710456603073,65.2665162562342
3400,50.06,0.005987505258871889,65.31832489298056
3401,50.06,0.005992407097803161,65.37128926079302
3402,50.06,0.005997111635893858,65.42212101545142
3403,50.06,0.006001307663670997,65.46745775780182
3404,50.06,0.006000857217977059,65.46259086472065
3405,50.06,0.006000598746364531,65.45979817485865
3406,50.06,0.00600039293439999,65.45757445130847
3407,50.06,0.0060003141182850845,65.45672287141768
3408,50.06,0.006000704445013624,65.46094020981822
3409,50.06,0.0060013436096280235,65.46784613978971
3410,50.06,0.006001139119055785,65.46563669864992
3411,50.06,0.00600052460062078,65.4589970571864
3412,50.06,0.005998816396073479,65.44054047875498
3413,50.06,0.005997579358482433,65.42717463890608
3414,50.06,0.005998164919981871,65.43350147117025
3415,50.06,0.005998328442890082,65.43526828947782
3416,50.06,0.005998687976420837,65.4391529433294
3417,50.06,0.006003352155494679,65.48954762059975
3418,50.06,0.006006019627807632,65.51836830580784
3419,50.06,0.00600881219431397,65.54854030797182
3420,50.06,0.006011471287579097,65.5772699625896
3421,50.06,0.006013748901843736,65.60187780828458
3422,50.06,0.006016361015468385,65.63009943891608
3423,50.06,0.006019545477890741,65.66450448616308
3424,50.06,0.00602288261531364,65.70055866520548
3425,50.06,0.006025814402525781,65.73223315517961
3426,50.06,0.006028676697963541,65.76315658347902
3427,50.06,0.006031097301981558,65.7893078829203
3428,50.06,0.006032536574574912,65.80485714952415
3429,50.06,0.006030104932144452,65.77858671516623
3430,50.06,0.006028352120854891,65.75964995860247
3431,50.06,0.0060264670728300655,65.73928444489209
3432,50.06,0.006024502499732287,65.71805963517895
3433,50.06,0.006022944388949102,65.7012260592549
3434,50.06,0.006021521696068594,65.68585544340449
3435,50.06,0.00601876907365654,65.6561162188878
3436,50.06,0.0060163662685370906,65.6301561935478
3437,50.06,0.006014054838147731,65.60518319783388
3438,50.06,0.0060136069102428,65.60034370500072
3439,50.06,0.00601234798090862,65.58674197136581
3440,50.06,0.006011426252091957,65.57678338747695
3441,50.06,0.006010683924248859,65.56876307439268
3442,50.06,0.006009735865577883,65.55851996159205
3443,50.06,0.006008694627741,65.54727007724487
3444,50.06,0.0060074569493870226,65.53389773484723
3445,50.06,0.006006079027339309,65.51901008482899
3446,50.06,0.006004954665357538,65.5068619561239
3447,50.06,0.006003878322499914,65.49523260756737
3448,50.06,0.006002690266217199,65.48239620479791
3449,50.06,0.006001652246572597,65.47118083927201
3450,50.06,0.006000337907218778,65.45697990234794
3451,50.06,0.0059985745589165905,65.43792750109846
3452,50.06,0.005996503050852705,65.41554539779932
3453,50.06,0.005994086893676424,65.38943926433498
3454,50.06,0.005991813685674824,65.3648774869621
3455,50.06,0.005989009805114601,65.33458160252104
3456,50.06,0.005986362902782057,65.30598161704884
3457,50.06,0.005983529626192777,65.27536757606555
3458,50.06,0.005980195329738419,65.23933957537594
3459,50.06,0.00597674965183289,65.20210766511688
3460,50.06,0.0059733463297797,65.16533302545227
3461,50.06,0.005970124010423777,65.13051384533003
3462,50.06,0.0059672723864560295,65.09969996313096
3463,50.06,0.005964951269313208,65.07461838848309
3464,50.06,0.005963018787905024,65.05373620027038
3465,50.06,0.005960996041818814,65.03187848388107
3466,50.06,0.0059588799621084895,65.00901205721729
3467,50.06,0.005957034276162832,64.98906738859085
3468,50.06,0.005955195430698104,64.96919652228979
3469,50.06,0.005953410650136248,64.94990977891071
3470,50.06,0.005951882083509982,64.9333916542419
3471,50.06,0.005952165720261706,64.93645671953531
3472,50.06,0.005951300250512152,64.92710418064938
3473,50.06,0.005950444645301245,64.91785821573373
3474,50.06,0.005950072108104623,64.91383244246461
3475,50.06,0.005949288716040325,64.90536680556647
3476,50.06,0.005948248519691201,64.89412600983881
3477,50.06,0.005946877187754381,64.87930676788216
3478,50.06,0.00594545081023661,64.86389260944662
3479,50.06,0.005946432936000241,64.87450596576122
3480,50.06,0.005946646211622421,64.8768107274789
3481,50.06,0.005947593129158561,64.88704356718274
3482,50.06,0.005948273184962414,64.8943925534812
3483,50.06,0.0059486602609908025,64.8985754625578
3484,50.06,0.005949037946871295,64.90265689270991
3485,50.06,0.005949401185607627,64.90658219640288
3486,50.06,0.005949305316453221,64.90554619625215
3487,50.06,0.005949214550395925,64.90456534190362
3488,50.06,0.005949691332206762,64.90971763383838
3489,50.06,0.005949655705098348,64.90933263355062
3490,50.06,0.005949984111929439,64.91288152289769
3491,50.06,0.005950551704865743,64.91901513968031
3492,50.06,0.00595193389863925,64.93395158454733
3493,50.06,0.005952646130989674,64.94164817814622
3494,50.06,0.005953322089201075,64.94895276651232
3495,50.06,0.005954429795930241,64.96092291284013
3496,50.06,0.0059557897095225895,64.97561840966412
3497,50.06,0.005957104573377859,64.98982702953987
3498,50.06,0.005957946511673945,64.99892511225673
3499,50.06,0.005958949147339951,65.00975967753183
3500,50.06,0.005960231864629254,65.02362077791858
3501,50.06,0.005961453146231749,65.03681794889789
3502,50.06,0.005962714737755859,65.05045065504895
3503,50.06,0.0059639583502268155,65.06388902667462
3504,50.06,0.0059649212644063265,65.07429415963838
3505,50.06,0.005965642659528432,65.08208944626925
3506,50.06,0.00596609783602183,65.08700800542819
3507,50.06,0.005966255766884585,65.08871457759146
3508,50.06,0.005966600882513305,65.0924438312849
3509,50.06,0.005966985699053168,65.09660208062196
3510,50.06,0.005968147582175477,65.10915712262695
3511,50.06,0.00596961165873757,65.12497753133283
3512,50.06,0.005971635333956034,65.14684468776724
3513,50.06,0.005973428263425555,65.16621836518604
3514,50.06,0.005975447920998098,65.18804184312799
3515,50.06,0.005977821776451469,65.21369243872817
3516,50.06,0.00598066648296798,65.24443054029499
3517,50.06,0.0059895077079131,65.33996145402222
3518,50.06,0.005996631058644379,65.41692849281779
3519,50.06,0.006003431580762163,65.49040577386154
3520,50.06,0.0060099575218579325,65.56091480589379
3521,50.06,0.006016110582826026,65.62739374078579
3522,50.06,0.0060236158566888,65.70848049793668
3523,50.06,0.0060269148196563874,65.7441217831884
3524,50.06,0.006030258556955534,65.78024641854401
3525,50.06,0.006034240133471451,65.82326155673006
3526,50.06,0.0060373829030241225,65.8572142215568
3527,50.06,0.0060388509128439976,65.87307363427715
3528,50.06,0.006041370221557768,65.90029041609502
3529,50.06,0.00604456391937129,65.93479249412583
3530,50.06,0.006047070458622017,65.96187083180381
3531,50.06,0.0060493033685874035,65.98599294906728
3532,50.06,0.006050065101927687,65.9942219119999
3533,50.06,0.006049950891508184,65.9929881044588
3534,50.06,0.006049906414734484,65.99250762471887
3535,50.06,0.006050326655773964,65.99704745905812
3536,50.06,0.006050004538826966,65.99356765291982
3537,50.06,0.006052853043626984,66.02433972096618
3538,50.06,0.006055993578114789,66.05826622841985
3539,50.06,0.006059700455123093,66.09831037367879
3540,50.06,0.0060626171771202605,66.12981840785622
3541,50.06,0.006066255909080318,66.16912558019298
3542,50.06,0.006069630754586489,66.20558172862548
3543,50.06,0.006073114507426189,66.24321391752963
3544,50.06,0.006076828358107042,66.28333120915619
3545,50.06,0.006080364419390775,66.32152756553195
3546,50.06,0.006084882104839325,66.37032675103018
3547,50.06,0.00608895970652781,66.41437163201086
3548,50.06,0.00609207198393312,66.44798902013589
3549,50.06,0.006090951631138116,66.43588752326207
3550,50.06,0.0060910183081192264,66.43660773624838
3551,50.06,0.0060911570597779975,66.43810646507754
3552,50.06,0.006090691649964176,66.43307932901062
3553,50.06,0.006090953309168848,66.43590564855253
3554,50.06,0.006089900377510375,66.42453236215977
3555,50.06,0.0060884661899066345,66.40904086200108
3556,50.06,0.006087396276480386,66.3974840544707
3557,50.06,0.006086100969696794,66.3834925788986
3558,50.06,0.0060846108308791344,66.3673965207282
3559,50.06,0.006084339032314919,66.36446062125219
3560,50.06,0.006088389584114037,66.40821339598484
3561,50.06,0.006093257010515105,66.46078904428929
3562,50.06,0.006098740455410552,66.52001765816574
3563,50.06,0.00610433046677959,66.58039626936055
3564,50.06,0.006110241005512821,66.6442357791194
3565,50.06,0.006116006079091499,66.70650296757181
3566,50.06,0.006121241617070362,66.7630497775275
3567,50.06,0.0061261078507093255,66.81560704367928
3568,50.06,0.006131581655840324,66.87472535123679
3569,50.06,0.006136906306272517,66.93223176630734
3570,50.06,0.006143846079466569,67.00718010144787
3571,50.06,0.006151043503550624,67.08490927150935
3572,50.06,0.006153471734902077,67.11113275270758
3573,50.06,0.0061569406522275355,67.1485946832326
3574,50.06,0.006160499130027807,67.18702337557261
3575,50.06,0.006164323148763248,67.2283192106264
3576,50.06,0.006168262486086037,67.27085985304659
3577,50.06,0.006172222077235726,67.31361867747674
3578,50.06,0.006175780751717334,67.35204762387077
3579,50.06,0.006179695481917699,67.39432099500297
3580,50.06,0.006182984334051677,67.42983538942867
3581,50.06,0.00618637866136749,67.46648835879134
3582,50.06,0.006189960440136775,67.5051650558935
3583,50.06,0.006193083037577269,67.538883069794
3584,50.06,0.006196182819845261,67.57235439238039
3585,50.06,0.006199139856682905,67.60428404774646
3586,50.06,0.006201645102963257,67.63133509889443
3587,50.06,0.006204357614801998,67.66062391076107
3588,50.06,0.006206865940216825,67.68770775958338
3589,50.06,0.006209300334596247,67.71399312517238
3590,50.06,0.006211701038326681,67.73991451656005
3591,50.06,0.006214119589544327,67.76602841430285
3592,50.06,0.006216672500098383,67.79359281610267
3593,50.06,0.006219396853868304,67.8230080852583
3594,50.06,0.0062221261037549176,67.85247596270774
3595,50.06,0.006224588673606046,67.87906425979847
3596,50.06,0.006226831850531444,67.9032835962374
3597,50.06,0.006229349610698334,67.93046737193863
3598,50.06,0.006232148276420746,67.96068377554644
3599,50.06,0.006234942274588586,67.99084951631848
3600,50.06,0.006237825126004915,68.02197429071089
3601,50.06,0.006240703169463579,68.05304687091363
3602,50.06,0.006243605313618318,68.08437936416868
3603,50.06,0.006246150542211607,68.11185824252212
3604,50.06,0.0062480367967830425,68.13222254080455
3605,50.06,0.006249636090278448,68.14948866679202
3606,50.06,0.006251232716506517,68.16672590901133
3607,50.06,0.006252849195464613,68.18417739285668
3608,50.06,0.006254433903961905,68.20128579607729
3609,50.06,0.0062557265158466255,68.21524068057442
3610,50.06,0.006257259034538564,68.23178549608444
3611,50.06,0.006259082092662998,68.25146682159068
3612,50.06,0.006260860962344223,68.27067098849092
3613,50.06,0.00626348959953408,68.29904880260183
3614,50.06,0.006265731431275745,68.32325061769092
3615,50.06,0.0062683739628713675,68.35177798779301
3616,50.06,0.006270810293801332,68.37807911219579
3617,50.06,0.0062731512577846585,68.40335052174886
3618,50.06,0.006276073611666158,68.43489794562325
3619,50.06,0.006279121455126428,68.46779974317619
3620,50.06,0.006281817223339371,68.49690058455519
3621,50.06,0.006284782013818276,68.52890523526735
3622,50.06,0.006287796384162388,68.56144478653871
3623,50.06,0.006290281192893607,68.58826758670217
3624,50.06,0.006293015404568621,68.61778237517836
3625,57.88,0.006295490225507144,51.56793407694303
3626,57.88,0.00629798890331672,51.58819619162186
3627,57.88,0.006300513327040215,51.60866691970818
3628,57.88,0.006303042225361562,51.629173767672185
3629,57.88,0.006305566906040611,51.64964625007595
3630,57.88,0.006308200003242966,51.67099770019669
3631,57.88,0.006310673163245306,51.691052076919696
3632,57.88,0.006312836037549282,51.70859027743331
3633,57.88,0.00631490487155878,51.72536581599755
3634,57.88,0.006317513560958548,51.7465187183619
3635,57.88,0.006319471868224469,51.762397795909244
3636,57.88,0.00632190108097223,51.7820951074046
3637,57.88,0.006324227324284761,51.80095734676987
3638,57.88,0.006326607314701126,51.82025524755425
3639,57.88,0.00632912721076063,51.84068739911061
3640,57.88,0.006331228969050447,51.85772902582957
3641,57.88,0.00633364075933372,51.87728433562094
3642,57.88,0.006336072119008687,51.896998166245545
3643,57.88,0.006339487951343419,51.92469399178871
3644,57.88,0.006343410407890884,51.95649719310239
3645,57.88,0.006346964773294993,51.985315575643156
3646,57.88,0.00634960766642122,52.0067436352867
3647,57.88,0.0063528725062784504,52.03321406826935
3648,57.88,0.006356271494210998,52.06077184505236
3649,57.88,0.006359063012298053,52.083404250905176
3650,57.88,0.006361833800152239,52.10586838623718
3651,57.88,0.00636423981771728,52.12537498930884
3652,57.88,0.006366354992093057,52.14252348010881
3653,57.88,0.006368063063432583,52.156371353718654
3654,57.88,0.0063701330354380414,52.17315316937472
3655,57.88,0.006372939523751009,52.1959059427703
3656,57.88,0.006375604484604896,52.21751113603674
3657,57.88,0.006378609001785022,52.24186893796501
3658,57.88,0.006380484533357093,52.2570738674059
3659,57.88,0.006382654947012836,52.274669291809104
3660,57.88,0.0063851328724671705,52.294757548875914
3661,57.88,0.006387882579648131,52.31704892372382
3662,57.88,0.006388222753411502,52.319806636848874
3663,57.88,0.00638928033637604,52.328380207912474
3664,57.88,0.006388869633088641,52.32505073843963
3665,57.88,0.006388274573765429,52.32022673268343
3666,57.88,0.0063877779569272,52.31620076996831
3667,57.88,0.006387551601823741,52.31436575716708
3668,57.88,0.006388105429518486,52.31885551845076
3669,57.88,0.0063901769229282816,52.3356485971274
3670,57.88,0.006393957907002195,52.36629980331935
3671,57.88,0.006396670500505169,52.38828968793599
3672,57.88,0.006399772850934132,52.41343893958811
3673,57.88,0.006402870027329692,52.43854600014001
3674,57.88,0.006405993433545269,52.4638654403737
3675,57.88,0.006409116559987866,52.489182360987655
3676,57.88,0.0064125742587645305,52.51721112327159
3677,57.88,0.00641568640984819,52.542438546629064
3678,57.88,0.006418315935286258,52.56375356107564
3679,57.88,0.006420920141095052,52.58486315799931
3680,57.88,0.00642326312943293,52.6038551861422
3681,57.88,0.006425894568987506,52.62518520201832
3682,57.88,0.006428802530122103,52.648756448511605
3683,57.88,0.006430930117110566,52.6660020281941
3684,57.88,0.00643274372061162,52.68070246004114
3685,57.88,0.006435986558338559,52.7069875501225
3686,57.88,0.00643845755740386,52.72701625581261
3687,57.88,0.006441806063383927,52.754157350528544
3688,57.88,0.00644635296910389,52.791011532359775
3689,57.88,0.006450178340345054,52.822017024369075
3690,57.88,0.006453138126873399,52.84600649908445
3691,57.88,0.006456158340914622,52.87048551410851
3692,57.88,0.0064584276638469775,52.88887835706697
3693,57.88,0.006460693202051293,52.90724039232727
3694,57.88,0.006462954961839659,52.92557167171291
3695,57.88,0.006464912237975672,52.94143504278384
3696,57.88,0.006466866249808589,52.95727185869497
3697,57.88,0.006468841236757326,52.97327857301086
3698,57.88,0.0064708129298652545,52.9892584913121
3699,57.88,0.006473077396894156,53.00761112136531
3700,57.88,0.00647577273624572,53.02945563265262
3701,57.88,0.006478463580368212,53.05126352521737
3702,57.88,0.006481076887328826,53.07244284063608
3703,57.88,0.00648375888530208,53.094178673145635
3704,57.88,0.006486791061862941,53.118752249728686
3705,57.88,0.006489812551767637,53.143238982886956
3706,57.88,0.006493274799416108,53.17129741176966
3707,57.88,0.006495594837148004,53.19009907512845
3708,57.88,0.006497796817499259,53.207943869122055
3709,57.88,0.006499298312312737,53.22011187403416
3710,57.88,0.0065011776328414116,53.23534166916877
3711,57.88,0.0065026737515313845,53.24746597602045
3712,57.88,0.006503915382454802,53.25752791083394
3713,57.88,0.006505757752843916,53.272458047831364
3714,57.88,0.006507235236033157,53.28443116139654
3715,57.88,0.0065087108398115085,53.29638898854792
3716,57.88,0.00650990400120194,53.30605795069863
3717,57.88,0.006511085421390889,53.31563173008935
3718,57.88,0.0065119342972550405,53.32251067466349
3719,57.88,0.006512477191349325,53.326910057743504
3720,57.88,0.006513687968786263,53.336721656289264
3721,57.88,0.006514903296772442,53.34657009243077
3722,57.88,0.006515738717363667,53.35333991883964
3723,57.88,0.006516572744658376,53.360098436724066
3724,57.88,0.006517399744102488,53.36679998689681
3725,57.88,0.006517881422854845,53.370703239344266
3726,57.88,0.006518996641630976,53.37974031921407
3727,57.88,0.006520801036032833,53.39436200683417
3728,57.88,0.006522530007476089,53.408372435036334
3729,57.88,0.00652457651343481,53.42495585095372
3730,57.88,0.006526881099736635,53.44363043550805
3731,57.88,0.0065282945987330445,53.45508427012543
3732,57.88,0.006529219466844604,53.4625786135987
3733,57.88,0.006530531215884381,53.4732078727833
3734,57.88,0.006532760710621192,53.49127363319995
3735,57.88,0.006534674463863971,53.50678081475315
3736,57.88,0.006536619299018007,53.52253975691386
3737,57.88,0.006537967768157008,53.533466305505286
3738,57.88,0.006539872837181082,53.54890286308024
3739,57.88,0.006542348677127415,53.568964172665865
3740,57.88,0.006545088121842214,53.59116124261757
3741,57.88,0.006548479206955093,53.61863813194005
3742,57.88,0.006551140208331276,53.64019917620693
3743,57.88,0.006554325119411702,53.666005014069206
3744,57.88,0.006555123352096779,53.67247267742934
3745,57.88,0.006557216609618218,53.689433173964474
3746,57.88,0.006560103306617411,53.71282228209796
3747,57.88,0.006562603316105309,53.733078128524916
3748,57.88,0.006565124721790033,53.75350717030778
3749,57.88,0.006567583524488074,53.773428829617956
3750,57.88,0.006569686253354141,53.790465391398
3751,57.88,0.006572135682796943,53.81031081914903
3752,57.88,0.006574435407863877,53.82894319206518
3753,57.88,0.006575743421417977,53.83954065729129
3754,57.88,0.006577488319298802,53.853677670427544
3755,57.88,0.00657897937762597,53.86575803505169
3756,57.88,0.006580956042438041,53.88177263319947
3757,57.88,0.006580889429751126,53.88123295031338
3758,57.88,0.0065806710320367705,53.87946353419003
3759,57.88,0.006581555853154691,53.88663217648529
3760,57.88,0.006582139482745866,53.89136061471137
3761,57.88,0.006583545751093982,53.90275385463955
3762,57.88,0.006584771901522218,53.91268778192092
3763,57.88,0.0065862944859992854,53.925023280877596
3764,57.88,0.006588102535838561,53.939671452493634
3765,57.88,0.006589938211411856,53.95454335168747
3766,57.88,0.0065922939456373114,53.97362842794593
3767,57.88,0.0065946359928164364,53.99260247622868
3768,57.88,0.006596957364521719,54.01140888304072
3769,57.88,0.00659892927875478,54.02738407903092
3770,57.88,0.00660062937401054,54.04115708994106
3771,57.88,0.006601989605659245,54.05217670431753
3772,57.88,0.006603398301234569,54.06358888814991
3773,57.88,0.006604753914925929,54.07457099449316
3774,57.88,0.006606416866925216,54.08804284721278
3775,57.88,0.006607777298483157,54.09906387814741
3776,57.88,0.006609431385293581,54.112463783766216
3777,57.88,0.006611594452462886,54.12998687851018
3778,57.88,0.0066137182463816575,54.1471917017208
3779,57.88,0.006615262963374573,54.159705358261526
3780,57.88,0.006617059267482838,54.17425702907022
3781,57.88,0.0066188716113513985,54.188938552002895
3782,57.88,0.006620270262097179,54.20026875178265
3783,57.88,0.006620923162874746,54.205557757722204
3784,57.88,0.006621228194656192,54.20802874948784
3785,57.88,0.006621524757831116,54.21043113673544
3786,57.88,0.00662180956295243,54.212738272673135
3787,57.88,0.006623560514557219,54.22692225318072
3788,57.88,0.006625708056453855,54.24431879537859
3789,57.88,0.006628297540484322,54.26529520975638
3790,57.88,0.006630587028052489,54.283841324197766
3791,57.88,0.006632905009776359,54.302618119411136
3792,57.88,0.006635162557237211,54.32090523417169
3793,57.88,0.006636832848996932,54.33443523819459
3794,57.88,0.006638551743957722,54.34835887171804
3795,57.88,0.006640173311773589,54.36149405247702
3796,57.88,0.006641900059641004,54.37548114837598
3797,57.88,0.006644322372759893,54.39510236980335
3798,57.88,0.006646724167406677,54.4145572381901
3799,57.88,0.006649020381255699,54.433156748520894
3800,57.88,0.006650904075221143,54.44841471432904
3801,57.88,0.006652422186914996,54.46071138851762
3802,57.88,0.0066539895139657735,54.4734066437933
3803,57.88,0.006655210082262842,54.48329313007674
3804,57.88,0.006656613540206276,54.494660957522136
3805,57.88,0.0066574421894654645,54.50137288529023
3806,57.88,0.0066580355359649734,54.50617888709737
3807,57.88,0.006659560899536835,54.518534020868614
3808,57.88,0.006661643071520312,54.53539909240169
3809,57.88,0.006664855952251225,54.56142240236672
3810,57.88,0.006667524833027083,54.58303928380498
3811,57.88,0.006670792573682258,54.60950644406448
3812,57.88,0.0066742249634629165,54.637306888379754
3813,57.88,0.006677663547370538,54.66515719725851
3814,57.88,0.006681566759100929,54.69677032220939
3815,57.88,0.006685343440855243,54.72735827434748
3816,57.88,0.006689428757641379,54.76044549737161
3817,57.88,0.006693214952998225,54.7911097342257
3818,57.88,0.0066969808030208754,54.82160882867615
3819,57.88,0.006700298509243383,54.84847816618507
3820,57.88,0.006703651744713984,54.875634958701
3821,57.88,0.006706999387730498,54.90274617071691
3822,57.88,0.006710708325500839,54.93278302621373
3823,57.88,0.006714663069781825,54.964810156827056
3824,57.88,0.006718570023205023,54.99644986192832
3825,57.88,0.006722047906751002,55.02461449693712
3826,57.88,0.0067254686350192,55.052315972462175
3827,57.88,0.00672810228740767,55.07364340593944
3828,57.88,0.006730641166993966,55.094203195914325
3829,57.88,0.006732582793696394,55.10992633336683
3830,57.88,0.0067354755110395365,55.13335114648594
3831,57.88,0.006738845065812926,55.16063704941758
3832,57.88,0.00674183221869222,55.18482610253048
3833,57.88,0.006745011501915977,55.21057071606885
3834,57.88,0.006749517487462408,55.24705800904498
3835,57.88,0.006753586488664792,55.280006364622956
3836,57.88,0.006757779108418911,55.31395526370903
3837,57.88,0.006761936651828334,55.34761969199668
3838,57.88,0.006765709165857544,55.37816607807685
3839,57.88,0.006768905077109223,55.40404337268564
3840,57.88,0.006772634180765695,55.43423759381879
3841,57.88,0.0067762675819668244,55.46365657616145
3842,57.88,0.0067794941178498285,55.48978095969075
3843,57.88,0.006783589061693569,55.52293622020462
3844,57.88,0.006787622565777194,55.555593603273266
3845,57.88,0.006791243085245399,55.58490688754314
3846,57.88,0.006794857566489006,55.61417094699752
3847,57.88,0.006798419981157372,55.64301312866704
3848,57.88,0.006802037268704722,55.6722992401806
3849,57.88,0.006805160066737866,55.697581618166716
3850,57.88,0.006809038172948174,55.72897867116831
3851,57.88,0.006812956754239742,55.76070301604636
3852,57.88,0.006817189855064077,55.79497322748497
3853,57.88,0.006822501153705853,55.83797162796049
3854,57.88,0.006826479838439436,55.8701811803593
3855,57.88,0.0068309774087415,55.906590894411444
3856,57.88,0.006834212606001184,55.93278084822989
3857,57.88,0.006838545062660144,55.96785304478962
3858,57.88,0.006842422099225415,55.99923810501647
3859,57.88,0.006845544608784057,56.02451490031947
3860,57.88,0.006848721275709917,56.05022984329337
3861,57.88,0.006851960318841711,56.07644945067719
3862,57.88,0.006854839109090128,56.099752633932766
3863,57.88,0.006857294470253522,56.11962808189242
3864,57.88,0.006859811858044897,56.14000545655501
3865,57.88,0.0068619095124403135,56.15698511140028
3866,57.88,0.00686326842740702,56.167984912087896
3867,57.88,0.006864656793973185,56.17922306102345
3868,57.88,0.006865977792648913,56.18991585373249
3869,57.88,0.006866970235384103,56.197949128553844
3870,57.88,0.006868226253579903,56.20811586453861
3871,57.88,0.006869824959890742,56.221056402537826
3872,57.88,0.006872017287186156,56.23880182797546
3873,57.88,0.006874327268226361,56.257499448034146
3874,57.88,0.006876951683406091,56.27874201755989
3875,57.88,0.006882499419063023,56.32364597550655
3876,57.88,0.006887366191916261,56.363037496247635
3877,57.88,0.006892610075266764,56.405480656177666
3878,57.88,0.006898819113484432,56.455734711209885
3879,57.88,0.006904917994106861,56.505096218252746
3880,57.88,0.006911231135312219,56.55619084243958
3881,57.88,0.006913376239371452,56.573551742188414
3882,57.88,0.006915068083700518,56.587244206407185
3883,57.88,0.006917529124811327,56.607161815987816
3884,57.88,0.0069212667784650595,56.637410962210865
3885,57.88,0.006923877905385405,56.6585428192385
3886,57.88,0.006925650155401589,56.672885543303565
3887,57.88,0.006927785177691226,56.69016405651247
3888,57.88,0.0069303999283056765,56.71132480130701
3889,57.88,0.006931854604659198,56.72309718056052
3890,57.88,0.0069329720266899045,56.73214019696575
3891,57.88,0.00693416035055018,56.74175696884623
3892,57.88,0.006935270938168143,56.75074461025433
3893,57.88,0.0069367204612081415,56.762475103239154
3894,57.88,0.006938496431506712,56.77684734824865
3895,57.88,0.006939249789302123,56.782943958804
3896,57.88,0.0069400528696034495,56.78944293678542
3897,57.88,0.006941175837011486,56.798530593517995
3898,57.88,0.006942593585917652,56.81000373445545
3899,57.88,0.0069443397019479155,56.824134117089145
3900,57.88,0.006946168105153173,56.83893032169593
3901,57.88,0.006947993282478466,56.853700335323296
3902,57.88,0.006949441305644766,56.86541821625914
3903,57.88,0.006952717651344033,56.891931286835174
3904,57.88,0.0069564126101856315,56.921831556100564
3905,57.88,0.006960351224203019,56.953703139865574
3906,57.88,0.00696391273731683,56.98252284886637
3907,57.88,0.006967530446263013,57.01179695949662
3908,57.88,0.006970778618672369,57.03808053338337
3909,57.88,0.006974059610688383,57.064629401466725
3910,57.88,0.006977827978824513,57.09512163877493
3911,57.88,0.00698108523936957,57.121477888596196
3912,57.88,0.006984238695146331,57.14699393802609
3913,57.88,0.006987435460483274,57.172860163697656
3914,57.88,0.006989876426694144,57.19261075851525
3915,57.88,0.006992365546640412,57.21275082187477
3916,57.88,0.006994474409667549,57.22981401103222
3917,57.88,0.006996903636470174,57.24946917916013
3918,57.88,0.006999292660687637,57.268798915221375
3919,57.88,0.00700092792599376,57.28202985874874
3920,57.88,0.007002904911278551,57.29802556924861
3921,57.88,0.0070041256274101,57.307902285437564
3922,57.88,0.0070047725625029655,57.31313656977773
3923,57.88,0.007005358094767279,57.317874040955
3924,57.88,0.007006185245157815,57.324566400320506
3925,57.88,0.007006473224475313,57.32689639700256
3926,57.88,0.007007003272731823,57.33118493092728
3927,57.88,0.007007532436985236,57.33546630531703
3928,57.88,0.007007805710070807,57.33767730670218
3929,57.88,0.007008078527397395,57.3398846187102
3930,57.88,0.007008363349139445,57.342189054069294
3931,57.88,0.007008631585134004,57.34435929557705
3932,57.88,0.007010203682303597,57.35707876879385
3933,57.88,0.007011918559137619,57.370953366617414
3934,57.88,0.007012858527871394,57.37855836357105
3935,57.88,0.0070119902996042495,57.37153379739528
3936,57.88,0.007011472303091215,57.36734283870153
3937,57.88,0.007010621367918607,57.36045815544269
3938,57.88,0.007009796523494238,57.353784547495934
3939,57.88,0.007008924960771748,57.34673293457695
3940,57.88,0.007008054851622845,57.33969306269206
3941,57.88,0.007007197530418429,57.332756636351355
3942,57.88,0.007006352952604665,57.325923295922706
3943,57.88,0.007005543930780688,57.3193776159604
3944,57.88,0.007004767376761094,57.313094612524104
3945,57.88,0.007003969762228766,57.306641194907485
3946,57.88,0.007003450320186165,57.302438433658374
3947,57.88,0.007003487607914229,57.30274012571611
3948,57.88,0.007003793542951254,57.30521542054581
3949,57.88,0.007003299609591711,57.30121904579766
3950,57.88,0.007002878598896843,57.29781267745917
3951,57.88,0.007002620629943576,57.29572546629309
3952,57.88,0.007002726266562785,57.29658016598378
3953,57.88,0.0070028317270035105,57.297433439938274
3954,57.88,0.007002398808534164,57.29393072134445
3955,57.88,0.0070025118270935355,57.29484514851433
3956,57.88,0.007002619734081954,57.29571821792803
3957,57.88,0.007003493332703391,57.30278644452916
3958,57.88,0.007004128575512379,57.307926138249954
3959,57.88,0.007004188729209187,57.308412835984356
3960,57.88,0.007004497013183777,57.310907130301324
3961,57.88,0.007004869338834377,57.313919576052406
3962,57.88,0.007005539429640963,57.31934119783503
3963,57.88,0.007005826984886824,57.32166776819769
3964,57.88,0.007006477654734474,57.32693224153624
3965,57.88,0.007006846599907052,57.32991731742797
3966,57.88,0.007007853863795817,57.33806690927891
3967,57.88,0.007008260115127626,57.341353808709506
3968,57.88,0.007009197963383958,57.34894173783296
3969,57.88,0.007010318805998157,57.35801020538045
3970,57.88,0.007011563700342879,57.36808230770686
3971,57.88,0.007013276176378599,57.38193742146408
3972,57.88,0.007017773726567438,57.41832534920217
3973,57.88,0.007023122040188697,57.461595795314494
3974,57.88,0.007028700738706968,57.50672938265544
3975,57.88,0.007034318593164291,57.55217894592499
3976,57.88,0.007039784015617025,57.596394524736674
3977,57.88,0.007044476366917706,57.63435530086222
3978,57.88,0.0070490287307532215,57.67118304742556
3979,57.88,0.007054895328427159,57.71864190645982
3980,57.88,0.007056163928278836,57.728904348494524
3981,57.88,0.007057872349766437,57.74272469813736
3982,57.88,0.0070586540285091145,57.74904809715999
3983,57.88,0.007058548438928819,57.74819392997503
3984,57.88,0.007058768447577289,57.749973690186415
3985,57.88,0.007059064483968358,57.75236847494308
3986,57.88,0.007059906550047003,57.759180351527704
3987,57.88,0.007060852538898662,57.76683288753803
3988,57.88,0.007061811447226497,57.77458991160199
3989,57.88,0.00706155137634839,57.77248608816037
3990,57.88,0.00706210617581487,57.776974093832415
3991,57.88,0.007062982772801042,57.78406523852696
3992,57.88,0.007063838319200951,57.79098607752573
3993,57.88,0.00706948679107299,57.83667823426455
3994,57.88,0.007075568408813203,57.88587331840556
3995,57.88,0.00708089887141325,57.9289914178614
3996,57.88,0.007085847617054727,57.969021155585295
3997,57.88,0.007090864404521068,58.009600631584014
3998,57.88,0.007097529086663005,58.06350849364201
3999,57.88,0.007103728420169193,58.11365131728452
4000,57.88,0.007109792003055016,58.16269517657461
4001,57.88,0.007116588988925679,58.21766986891092
4002,57.88,0.007122554206894598,58.265916161576584
4003,57.88,0.00712874161720883,58.31595856464221
4004,57.88,0.0071290336786483536,58.31832066849421
4005,57.88,0.007129498959648504,58.322083714794914
4006,57.88,0.007130543572161812,58.33053219177485
4007,57.88,0.007131957099980918,58.34196428781395
4008,57.88,0.007132463855639969,58.3460627297407
4009,57.88,0.007131552109251366,58.33868887615955
4010,57.88,0.007130802374114597,58.33262529116081
4011,57.88,0.007130683700071146,58.331665497351395
4012,57.88,0.007129082914018498,58.31871886893643
4013,57.88,0.0071283143532060375,58.31250297974028
4014,57.88,0.0071267781797501074,58.3000788243359
4015,57.88,0.007124877270951208,58.284704704132
4016,57.88,0.007122640009551977,58.26661012118064
4017,57.88,0.007121246679850988,58.25534104669134
4018,57.88,0.007119582612725747,58.24188221672624
4019,57.88,0.007117568029613036,58.22558834870198
4020,57.88,0.007115951273267027,58.212512012246656
4021,57.88,0.007119656744403823,58.24248178879687
4022,57.88,0.007123229335827608,58.271376502578164
4023,57.88,0.007127609772270094,58.30680452723978
4024,57.88,0.007132010165235101,58.34239345918198
4025,57.88,0.0071361269865727545,58.37568850621665
4026,57.88,0.0071401896034385135,58.408544744028255
4027,57.88,0.007138228745694507,58.392686444997665
4028,57.88,0.0071367862937049015,58.381020652917414
4029,57.88,0.007135529813450595,58.37085885870068
4030,57.88,0.007134163252874159,58.359806742905306
4031,57.88,0.007132568367744452,58.346907982017605
4032,57.88,0.007130941224189175,58.333748261134566
4033,57.88,0.007129271011762503,58.32024014472592
4034,57.88,0.007127623935127654,58.306919072575226
4035,57.88,0.007126111732311225,58.2946887588396
4036,57.88,0.00712436255193824,58.280541757246574
4037,57.88,0.007122689638235225,58.26701151077641
4038,57.88,0.0071219721060443685,58.26120820827089
4039,57.88,0.007121102367978765,58.254173867658466
4040,57.88,0.007121305629375155,58.255817824002264
4041,57.88,0.007121367808367028,58.256320720798335
4042,57.88,0.007126431260920517,58.2972730302785
4043,57.88,0.007131288518647327,58.336557052907686
4044,57.88,0.007135709725122042,58.37231389828834
4045,57.88,0.007140022546371245,58.40719368560404
4046,57.88,0.0071451410570006705,58.44858883630655
4047,57.88,0.0071498781646142,58.48689884984123
4048,57.88,0.007154851663159191,58.52711998709984
4049,57.88,0.007160137669391359,58.569867705439414
4050,57.88,0.007165097911588515,58.60998032989924
4051,57.88,0.007169663070953005,58.646897428558454
4052,57.88,0.007173745497629384,58.67991035641855
4053,57.88,0.007173085704007486,58.67457490217324
4054,57.88,0.00717203827792884,58.66610481562211
4055,57.88,0.007171297440745592,58.66011396526344
4056,57.88,0.007171595235049358,58.6625221089261
4057,57.88,0.0071716195863980505,58.662719028461716
4058,57.88,0.007171628901179577,58.66279435333909
4059,57.88,0.007171394432034072,58.66089829534727
4060,57.88,0.00717116035393117,58.65900539815046
4061,57.88,0.0071709587666582185,58.65737524033818
4062,57.88,0.007171339961432699,58.660457813226415
4063,57.88,0.007172520763325381,58.670006472093604
4064,57.88,0.007178338917595005,58.71705496739964
4065,57.88,0.007183148446516451,58.75594655842602
4066,57.88,0.007189216234039927,58.805012035442815
4067,57.88,0.007194347896353587,58.846507057509776
4068,57.88,0.0071991428162958065,58.885278542730944
4069,57.88,0.0072041778661021665,58.92599107003124
4070,57.88,0.007208293000896257,58.959264842384016
4071,57.88,0.0072129690582075365,58.99707354130086
4072,57.88,0.007217296048193999,59.032059323062626
4073,57.88,0.00722167850235257,59.06749306865039
4074,57.88,0.007226298701477337,59.1048485347727
4075,57.88,0.007230998588645091,59.14284773576769
4076,57.88,0.007235139869876096,59.17633006438038
4077,57.88,0.007239224957460463,59.20935763458219
4078,57.88,0.007239093139220568,59.20829190251954
4079,57.88,0.007238961540824301,59.2072279474165
4080,57.88,0.007238385424239039,59.20257011808345
4081,57.88,0.007236752611572449,59.18936898895573
4082,57.88,0.007235149565684127,59.17640845463469
4083,57.88,0.007233520252880584,59.16323548613159
4084,57.88,0.007231893657409935,59.15008441916771
4085,57.88,0.007230342605516334,59.137544060667246
4086,57.88,0.007229302935288561,59.12913822259206
4087,57.88,0.007228742927118135,59.12461048885104
4088,57.88,0.007228204595032334,59.12025800127593
4089,57.88,0.007232865882181782,59.1579448900758
4090,57.88,0.007237949151685924,59.199042904292334
4091,57.88,0.007243425650780352,59.24331941963676
4092,57.88,0.00724861306203121,59.28525800067885
4093,57.88,0.007253700356129347,59.32638649454026
4094,57.88,0.007258745275266114,59.36717174903649
4095,57.88,0.007263357544226918,59.40445870470234
4096,57.88,0.007268312280578064,59.4445136596944
4097,57.88,0.007272649302373358,59.47957438445533
4098,57.88,0.0072774466956956555,59.518356215173085
4099,57.88,0.007280039919146769,59.539319426835135
4100,57.88,0.0072826603997344225,59.56050280538962
4101,57.88,0.007282018432213337,59.55531329995206
4102,57.88,0.007281690876597004,59.55266541790915
4103,57.88,0.007280810341949413,59.54554737064706
4104,57.88,0.007277978095267852,59.52265198004712
4105,57.88,0.007274797813771217,59.49694289074658
4106,57.88,0.007271507673368912,59.470345439127236
4107,57.88,0.007267714637334129,59.43968224066949
4108,57.88,0.007263475627707743,59.40541331954603
4109,57.88,0.007259138020852689,59.37034684259793
4110,57.88,0.007255185523417337,59.33839328134186
4111,57.88,0.0072512880267366605,59.306883974949244
4112,57.88,0.007247701372713438,59.27788733067384
4113,57.88,0.0072442145922624055,59.24969780684847
4114,57.88,0.0072411241063481116,59.22471193858176
4115,57.88,0.007238406641520365,59.20274165725628
4116,57.88,0.0072351504373635404,59.17641550213082
4117,57.88,0.007231814769180744,59.149446604040534
4118,57.88,0.007229141684549326,59.1278344917027
4119,57.88,0.007227508336091268,59.114628642713654
4120,57.88,0.007226819657803155,59.1090605626175
4121,57.88,0.007225907863708665,59.10168853484839
4122,57.88,0.00722574921292262,59.10040581104348
4123,57.88,0.0072255653126572375,59.09891893926397
4124,57.88,0.0072254257621486755,59.09779064388475
4125,57.88,0.007225059369476292,59.09482827924758
4126,57.88,0.007224689880473249,59.09184087660788
4127,57.88,0.007224358265347987,59.08915968989773
4128,57.88,0.007223508617151654,59.0822900704026
4129,57.88,0.007223186876453912,59.07968871104686
4130,57.88,0.007222564673850684,59.07465802949873
4131,57.88,0.007222208620056355,59.07177923080997
4132,57.88,0.007221854597848869,59.068916854862444
4133,57.88,0.007221503820019196,59.06608070750753
4134,57.88,0.007220879987939659,59.06103682419071
4135,57.88,0.007220538262211946,59.05827385736251
4136,57.88,0.007219964198347851,59.053632352220156
4137,57.88,0.007218705193464856,59.043452832083574
4138,57.88,0.007217666440672159,59.035054100887066
4139,57.88,0.0072165042475475566,59.025657272434174
4140,57.88,0.00721538515421596,59.01660889143183
4141,57.88,0.007213902873151347,59.004623922080356
4142,57.88,0.007211545123637307,58.98556024461219
4143,57.88,0.007209968395969117,58.972811470616314
4144,57.88,0.0072076709543059374,58.95423518412023
4145,57.88,0.007205635157471281,58.93777435017583
4146,57.88,0.007203579509845573,58.92115290068233
4147,57.88,0.007201745024780843,58.90631962429526
4148,57.88,0.007199831793245536,58.89084952767063
4149,57.88,0.007197727314372443,58.873832925750555
4150,57.88,0.007196140802088988,58.86100447368198
4151,57.88,0.007194734848805002,58.849635957793055
4152,57.88,0.007193309560531936,58.838111047625965
4153,57.88,0.007192789061401565,58.83390226798072
4154,57.88,0.007192905875997525,58.83484683672353
4155,57.88,0.007192384670790952,58.830632342300845
4156,57.88,0.007191184433609242,58.82092713083097
4157,57.88,0.007190092951444096,58.81210128875857
4158,57.88,0.007189251663886056,58.80529852626509
4159,57.88,0.007188676948380092,58.800651290191574
4160,57.88,0.007188206354301228,58.79684598932491
4161,57.88,0.007187379986344523,58.790163828784316
4162,57.88,0.007186298070070962,58.78141523186521
4163,57.88,0.00718546031600368,58.77464095996021
4164,57.88,0.007184630405950308,58.76793009876549
4165,57.88,0.007183414379329489,58.75809697002269
4166,57.88,0.0071824685289248345,58.750448534864134
4167,57.88,0.007181486691683788,58.74250907483205
4168,57.88,0.0071815155540528005,58.74274246582879
4169,57.88,0.007180933004327126,58.738031765167996
4170,57.88,0.007182950300803243,58.75434429224098
4171,57.88,0.007183946769919611,58.76240203276812
4172,57.88,0.007184689590996322,58.76840868450327
4173,57.88,0.007186190702032665,58.78054703024217
4174,57.88,0.007188654205125711,58.800467384639234
4175,57.88,0.007191014186956243,58.819550500116776
4176,57.88,0.007193522230259781,58.83983070271547
4177,57.88,0.0071969579854552716,58.86761218203319
4178,57.88,0.00720042707374988,58.89566288457092
4179,57.88,0.007204537278130541,58.928897187570726
4180,57.88,0.00720874294521122,58.96290293368016
4181,57.88,0.007212270084340871,58.99142195842627
4182,57.88,0.007215688445556306,59.01906114369987
4183,57.88,0.007219397404766323,59.049049621520275
4184,57.88,0.007223142855828197,59.0793327923399
4185,57.88,0.007226709866853441,59.10817288314768
4186,57.88,0.007230072727611206,59.135362073403975
4187,57.88,0.007232907400084783,59.158280563216756
4188,57.88,0.007235779527867649,59.18150167073494
4189,57.88,0.007242169780961759,59.233166004959074
4190,57.88,0.007249457598979069,59.29208574962084
4191,57.88,0.0072515797127617,59.30924212371942
4192,57.88,0.007254570088387886,59.33341782367162
4193,57.88,0.007257302055481799,59.35550421826714
4194,57.88,0.007260487540385377,59.3812568032977
4195,57.88,0.007262894318357557,59.400713873534386
4196,57.88,0.007265672270338414,59.4231714338282
4197,57.88,0.007268494282511397,59.44598498313466
4198,57.88,0.0072711708294955005,59.46762238200074
4199,57.88,0.007273616793185406,59.48739556790951
4200,57.88,0.00727572965905967,59.50447586522299
4201,57.88,0.007277751274266079,59.52081838952233
4202,57.88,0.0072795287299142015,59.53518706692667
4203,57.88,0.007281141038648969,59.54822065193157
4204,57.88,0.007282817151119288,59.56176994290796
4205,57.88,0.0072844753109807935,59.575174038274604
4206,57.88,0.007286199942007546,59.5891153927919
4207,57.88,0.0072882094833525484,59.605359772960476
4208,57.88,0.007290694785845116,59.62544988468235
4209,57.88,0.007293483369455749,59.64799140101742
4210,57.88,0.007296040148439191,59.66865894901786
4211,57.88,0.007297900274610295,59.68369504612354
4212,57.88,0.007304638530548082,59.73816215041472
4213,57.88,0.0073120355015792,59.797952479842955
4214,57.88,0.0073200757265171204,59.86294068953466
4215,57.88,0.007327430430312063,59.92238645663599
4216,57.88,0.007334661927985635,59.9808350324266
4217,57.88,0.0073415768502929695,60.03672363159242
4218,57.88,0.007347243686996032,60.08252389062426
4219,57.88,0.007352488767963614,60.12491471888771
4220,57.88,0.007356435567783678,60.15681235223476
4221,57.88,0.007360560041682385,60.1901455018266
4222,57.88,0.007362744850200505,60.20780249780032
4223,57.88,0.0073656918177131435,60.231618850012694
4224,57.88,0.007369155228991812,60.259608633507256
4225,57.88,0.007372950863098565,60.29028294356784
4226,57.88,0.007376820803455884,60.32155737654933
4227,57.88,0.0073799120154564865,60.34653833859447
4228,57.88,0.0073822843057985595,60.36570932411737
4229,57.88,0.0073837372097018536,60.37745047986972
4230,57.88,0.007385487990751141,60.3915987578787
4231,57.88,0.0073875287847815704,60.408090567266385
4232,57.88,0.007389959507768175,60.42773328218393
4233,57.88,0.007392469997306563,60.44802043271509
4234,57.88,0.007394184062559546,60.46187162223501
4235,57.88,0.007396025436547758,60.476751496821215
4236,57.88,0.007397266342434425,60.48677902716153
4237,57.88,0.007398910614123034,60.500066020828434
4238,57.88,0.007401108280607002,60.517824766295256
4239,57.88,0.007401394311093226,60.520136091781374
4240,57.88,0.007401718329432938,60.52275438303584
4241,57.88,0.007401572966146215,60.52157974793758
4242,57.88,0.007400877640311169,60.51596103058456
4243,57.88,0.007400878654011078,60.51596922199537
4244,57.88,0.007400763556035241,60.51503914893862
4245,57.88,0.007401006370782748,60.51700126344986
4246,57.88,0.007401642705774598,60.52214329205473
4247,57.88,0.007402692524288996,60.5306265319161
4248,57.88,0.007404058630530563,60.54166554701909
4249,57.88,0.007404992323585931,60.54921035851446
4250,57.88,0.007405249922936635,60.551291915030625
4251,57.88,0.007405616776565087,60.55425630838411
4252,57.88,0.0074059974729137334,60.55733255541459
4253,57.88,0.007406377534345188,60.560403668233995
4254,57.88,0.007406987753838697,60.56533458151604
4255,57.88,0.007408018427786885,60.57366297918947
4256,57.88,0.007408907850775789,60.5808499715114
4257,57.88,0.007409529727264342,60.58587503930424
4258,57.88,0.007412744410523285,60.611851102286906
4259,57.88,0.0074163015567509484,60.640594108296796
4260,57.88,0.007419633948081615,60.667520720079494
4261,57.88,0.00742298117917463,60.69456695405382
4262,57.88,0.007426079414926204,60.7196010041552
4263,57.88,0.007429063299247943,60.74371085044395
4264,57.88,0.0074314679000148836,60.763139907427835
4265,57.88,0.007434785404041139,60.7899449345429
4266,57.88,0.007437428760724994,60.81130273123496
4267,57.88,0.007441275187096492,60.84238077145954
4268,57.88,0.007444762508159555,60.87055701375728
4269,57.88,0.007447105880745256,60.88949040729802
4270,57.88,0.0074461773495470155,60.88198831088414
4271,57.88,0.007448428382280959,60.90017556097156
4272,57.88,0.007451069127329817,60.92151133126723
4273,57.88,0.007454195503963915,60.94677050672333
4274,57.88,0.007456839483598766,60.96813201911701
4275,57.88,0.007459555603439635,60.99007618720677
4276,57.88,0.0074619921039013855,61.009761083717315
4277,57.88,0.007462872072145751,61.01687045751859
4278,57.88,0.007464191780275843,61.02753250774141
4279,57.88,0.007464708023280863,61.031703272977865
4280,57.88,0.007464257292610546,61.02806178709464
4281,57.88,0.007466443077426201,61.04572085299081
4282,57.88,0.007469467890720425,61.070158270025324
4283,57.88,0.007472286543896603,61.092929911432336
4284,57.88,0.007473925606148004,61.1061716517814
4285,57.88,0.0074751374498211376,61.11596191238095
4286,57.88,0.007477624429161479,61.136053639808
4287,57.88,0.007479983304731936,61.15511029996929
4288,57.88,0.007481479534971908,61.167197828843726
4289,57.88,0.007483774730316141,61.18573980997777
4290,57.88,0.007486694313127551,61.209325776654964
4291,57.88,0.007489961153805118,61.23571682052443
4292,57.88,0.0074894204319299745,61.23134863905144
4293,57.88,0.007494085611900088,61.269035701697305
4294,57.88,0.007498321487623057,61.3032542007247
4295,57.88,0.0075030348513771645,61.341329430148114
4296,57.88,0.007506717937597369,61.37108153278801
4297,57.88,0.007510976560064318,61.40548240384622
4298,57.88,0.007515213887192439,61.43971079057009
4299,57.88,0.007519444147397399,61.4738816322518
4300,57.88,0.0075222915382965215,61.4968817894294
4301,57.88,0.007522182863666515,61.4960039602922
4302,57.88,0.007522717659693502,61.50032382056797
4303,57.88,0.007524046735932686,61.5110595148494
4304,57.88,0.007526219503350627,61.52861007838286
4305,57.88,0.00753100811800037,61.56728976196176
4306,57.88,0.00753353369945104,61.58768972383396
4307,57.88,0.007535201581042106,61.601161668756056
4308,57.88,0.007537604548280559,61.62057098000832
4309,57.88,0.007539885272449429,61.638992769200605
4310,57.88,0.007541482117302076,61.65189067173782
4311,57.88,0.00754348813657141,61.66809343113214
4312,57.88,0.00754591246508385,61.68767476602886
4313,57.88,0.007548734216104558,61.71046589807836
4314,57.88,0.007551525752970297,61.733012790959584
4315,57.88,0.007554389033470491,61.75613894042632
4316,57.88,0.007555184026802315,61.76255990678722
4317,57.88,0.007556391486390371,61.77231223101952
4318,57.88,0.007556830435182293,61.77585749231568
4319,57.88,0.007557587799175928,61.78197448864976
4320,57.88,0.007559175572712395,61.79479840000708
4321,57.88,0.007561164455189384,61.81086184172997
4322,57.88,0.007563558257945754,61.830195534799984
4323,57.88,0.007565912174814162,61.84920694369449
4324,57.88,0.007568297404167629,61.86847110283845
4325,57.88,0.00756904265226835,61.87449002366052
4326,57.88,0.00757055957216254,61.88674122955851
4327,57.88,0.007572577001197741,61.903034640848674
4328,57.88,0.007574571029306245,61.919138956042765
4329,57.88,0.007579043631207713,61.95526053856207
4330,57.88,0.007582994115620819,61.98716497418292
4331,57.88,0.0075850868431878325,62.004065851142606
4332,57.88,0.007585587397315053,62.00810831180491
4333,57.88,0.0075859795310204954,62.0112751677843
4334,57.88,0.007586125720359971,62.012455785980414
4335,57.88,0.007586071599663124,62.012018709854566
4336,57.88,0.007586454264452904,62.015109090545764
4337,57.88,0.0075859892343679205,62.011353531576475
4338,57.88,0.007586722900408559,62.0172785781328
4339,57.88,0.007587225107119669,62.02133436392337
4340,57.88,0.00759002951895569,62.043982476108376
4341,57.88,0.007593753843387584,62.07405938625011
4342,57.88,0.007596061172861611,62.09269274583746
4343,57.88,0.007599068933739467,62.116982392135824
4344,57.88,0.007601281368588158,62.13484910977378
4345,62.68,0.007603483159609106,52.39454693311458
4346,62.68,0.007605761600062683,52.410057669288044
4347,62.68,0.007608431539694734,52.4282334366893
4348,62.68,0.007611087665660208,52.44631501378987
4349,62.68,0.0076127912176321335,52.457911863267604
4350,62.68,0.007614231027813113,52.46771325403924
4351,62.68,0.007613870598309888,52.46525966370035
4352,62.68,0.007616927493906639,52.48606910718756
4353,62.68,0.007620397481272012,52.50969037755474
4354,62.68,0.007623434803343586,52.530366148593544
4355,62.68,0.007626096190241873,52.548482675842
4356,62.68,0.007629135746033959,52.56917327769644
4357,62.68,0.007632359044759379,52.591114420322135
4358,62.68,0.007636216155802229,52.61736965725864
4359,62.68,0.007639980369715202,52.64299223609926
4360,62.68,0.0076433655110877,52.66603424932398
4361,62.68,0.00764656180567922,52.68779059101051
4362,62.68,0.007650177094608348,52.712398651379466
4363,62.68,0.007652905141282115,52.730967363917955
4364,62.68,0.007655584336441481,52.74920340729751
4365,62.68,0.007659482036736758,52.77573297492681
4366,62.68,0.007660680910226476,52.78389300146886
4367,62.68,0.007662800495015366,52.79831969212713
4368,62.68,0.007663716448501992,52.804553985734316
4369,62.68,0.007663280886014661,52.80158940030712
4370,62.68,0.007661133504139658,52.78697353389262
4371,62.68,0.0076601222217761505,52.78009034173289
4372,62.68,0.007658879491232572,52.7716317904257
4373,62.68,0.007657876029555182,52.76480178016456
4374,62.68,0.00765683060789404,52.75768614827759
4375,62.68,0.007655877948900497,52.75120188218986
4376,62.68,0.0076548310564794,52.74407619437424
4377,62.68,0.007657381713099206,52.76143723264437
4378,62.68,0.007660901231189567,52.78539259326861
4379,62.68,0.007664438952047333,52.80947157988941
4380,62.68,0.007667578796605697,52.83084225222498
4381,62.68,0.007671077932264589,52.854658110535404
4382,62.68,0.007673963756226857,52.87429944037232
4383,62.68,0.00767764784814545,52.89937363422816
4384,62.68,0.007680792882726695,52.92077873301053
4385,62.68,0.00768404671639691,52.94292409310113
4386,62.68,0.007686284508949662,52.9581542169117
4387,62.68,0.007687882147228439,52.969027468116224
4388,62.68,0.007690013325968366,52.983531817989935
4389,62.68,0.00769281019260295,53.00256654931055
4390,62.68,0.007697047619176723,53.03140502670507
4391,62.68,0.007699908324405874,53.0508737895553
4392,62.68,0.00770340598112303,53.0746771373527
4393,62.68,0.007702829935229587,53.07075686780257
4394,62.68,0.00770248687328171,53.068422162726925
4395,62.68,0.007703114593347357,53.07269410419369
4396,62.68,0.007704298261320198,53.08074951937949
4397,62.68,0.007705829246264916,53.09116854438065
4398,62.68,0.007707891638371186,53.10520394842604
4399,62.68,0.007709794247861722,53.118151886260904
4400,62.68,0.007717094067644365,53.16782904379577
4401,62.68,0.00772421986374632,53.21632081430834
4402,62.68,0.007730049094783436,53.2559885109395
4403,62.68,0.0077353833138513834,53.29228702631262
4404,62.68,0.00774012493677655,53.32455250254971
4405,62.68,0.007744954998237843,53.35741927977599
4406,62.68,0.007748097805267436,53.37880464546476
4407,62.68,0.00775231019737781,53.40746771406331
4408,62.68,0.007756949332114025,53.43903409358203
4409,62.68,0.007760308487223433,53.461890730485116
4410,62.68,0.007763176150393373,53.481402924939715
4411,62.68,0.007765313307022402,53.49594448084277
4412,62.68,0.007766952088226797,53.50709494369546
4413,62.68,0.0077694740367380425,53.524254468903365
4414,62.68,0.007772637606652385,53.54577943950646
4415,62.68,0.007776463987919169,53.57181389813444
4416,62.68,0.0077800682650342005,53.5963368846456
4417,62.68,0.007780545103641988,53.59958120537633
4418,62.68,0.007781105429670514,53.60339355262881
4419,62.68,0.00778119146046462,53.603978888501494
4420,62.68,0.007781706383262805,53.60748231423344
4421,62.68,0.007782840439019537,53.61519816936716
4422,62.68,0.007784243006400795,53.624740877538734
4423,62.68,0.007785502960142143,53.63331324289443
4424,62.68,0.007787287130946299,53.645452172725285
4425,62.68,0.007792377414081377,53.68008445968021
4426,62.68,0.007798523334817564,53.721898144137505
4427,62.68,0.007803824389261787,53.757963137207355
4428,62.68,0.007808610982050539,53.7905275396935
4429,62.68,0.007811587195430676,53.81077522316865
4430,62.68,0.007813511357469428,53.82386552140305
4431,62.68,0.007816173126819852,53.84197371613752
4432,62.68,0.007819088730213499,53.861808585162805
4433,62.68,0.007823631312900828,53.89271143902388
4434,62.68,0.007828000672726177,53.922435449942185
4435,62.68,0.007831849523997679,53.94861818812243
4436,62.68,0.007835543009561035,53.97374371272635
4437,62.68,0.007838991165731389,53.997200079013616
4438,62.68,0.007841516710177448,54.014380140114696
4439,62.68,0.007844417461884391,54.03411238527891
4440,62.68,0.007847921955240925,54.05795131593383
4441,62.68,0.007851850275608972,54.08467296785404
4442,62.68,0.00785201194222032,54.08577266707818
4443,62.68,0.007852249643399256,54.08738957259821
4444,62.68,0.007852970605867562,54.09229374019853
4445,62.68,0.007854144416137975,54.100278268147385
4446,62.68,0.00785605217499853,54.11325522003985
4447,62.68,0.007856609016667937,54.11704295203633
4448,62.68,0.007861381027727845,54.14950271041488
4449,62.68,0.007867027394483354,54.187909299686964
4450,62.68,0.007872478000793232,54.2249836730799
4451,62.68,0.007874275176955213,54.237207710103384
4452,62.68,0.007876096587502227,54.249596513444395
4453,62.68,0.007879035278620746,54.26958464366037
4454,62.68,0.007881624248628052,54.28719391709985
4455,62.68,0.007884855789944209,54.30917353394502
4456,62.68,0.007888356458963599,54.33298339239406
4457,62.68,0.007891467571225603,54.3541434519583
4458,62.68,0.00789433838197913,54.3736689285352
4459,62.68,0.00789778594041583,54.397116850393914
4460,62.68,0.007899268637728848,54.40720105904001
4461,62.68,0.007899916283763412,54.41160585265096
4462,62.68,0.007902049074770788,54.426111403877606
4463,62.68,0.007905023084912149,54.44633809581795
4464,62.68,0.007904891696032632,54.44544450424629
4465,62.68,0.007905860574486041,54.45203395437258
4466,62.68,0.007906804288546069,54.45845223917088
4467,62.68,0.007908164473029722,54.46770294320403
4468,62.68,0.007909655677446888,54.477844676500176
4469,62.68,0.007910389564554976,54.48283585070843
4470,62.68,0.007910959345330664,54.48671092794362
4471,62.68,0.007911442450770115,54.48999652100167
4472,62.68,0.007915794751384831,54.519596226861026
4473,62.68,0.007920483142050752,54.55148120105313
4474,62.68,0.007924010615826607,54.57547065740263
4475,62.68,0.007928374394987333,54.605147243204286
4476,62.68,0.007932110878721222,54.63055747824105
4477,62.68,0.007935957331375957,54.656715250179474
4478,62.68,0.007939703172019252,54.682188503856885
4479,62.68,0.007943922782945445,54.710883227022165
4480,62.68,0.007947688721310573,54.73649250492891
4481,62.68,0.007952148678840507,54.766820882400744
4482,62.68,0.007955589182115303,54.790216525201444
4483,62.68,0.007959801732261419,54.81886178818338
4484,62.68,0.007963366814815164,54.84310398419955
4485,62.68,0.007966062204710087,54.86143217710223
4486,62.68,0.00796807825713704,54.87514088821682
4487,62.68,0.007967930515159793,54.87413627839055
4488,62.68,0.007968931754315673,54.88094445403787
4489,62.68,0.007966200070729578,54.86236963837244
4490,62.68,0.00796394698673974,54.84704906786904
4491,62.68,0.007962030597111255,54.834017872898855
4492,62.68,0.007960142294392618,54.82117758762942
4493,62.68,0.007958629831992494,54.810892926524154
4494,62.68,0.007957751266956128,54.80491870993822
4495,62.68,0.00795555024513654,54.789951752679855
4496,62.68,0.007958029988042535,54.80681400698968
4497,62.68,0.007960858520788766,54.82604787048473
4498,62.68,0.007963297855902388,54.84263507326214
4499,62.68,0.007966352951972781,54.86340919967131
4500,62.68,0.007970277234880961,54.89009335102079
4501,62.68,0.007973613875039837,54.91278141576822
4502,62.68,0.00797735271171577,54.93820400008739
4503,62.68,0.007981263329077434,54.96479430101792
4504,62.68,0.007984443611326716,54.98641843406812
4505,62.68,0.007987662176929495,55.008302650117926
4506,62.68,0.007990404220582694,55.0269466410519
4507,62.68,0.007992899883692499,55.04391527445286
4508,62.68,0.007993920404134202,55.05085400770038
4509,62.68,0.007995444678302682,55.061217826681876
4510,62.68,0.00799670228834401,55.06976850970814
4511,62.68,0.00799774573126433,55.07686301180629
4512,62.68,0.007999159630111422,55.08647625371198
4513,62.68,0.007995726920877744,55.06313684009088
4514,62.68,0.007992084210358049,55.03836932363105
4515,62.68,0.007988413285231992,55.01340968064425
4516,62.68,0.007984892238879748,54.98946883187862
4517,62.68,0.007981630165992869,54.967288597144616
4518,62.68,0.00797873137045561,54.947578248379145
4519,62.68,0.007981004627787464,54.963035267945784
4520,62.68,0.007983499820386002,54.980001208546845
4521,62.68,0.007986927333308582,55.003306196684655
4522,62.68,0.00798978588553496,55.02274240668628
4523,62.68,0.007992752081221343,55.04291033248323
4524,62.68,0.007996588055546032,55.06899182485216
4525,62.68,0.008000524863586142,55.09575857385576
4526,62.68,0.008004509343218077,55.12284910609492
4527,62.68,0.008008487177620474,55.1498941154859
4528,62.68,0.008012448892107766,55.17682918726064
4529,62.68,0.008016219798910445,55.20246667299288
4530,62.68,0.008019815618705343,55.22691349851242
4531,62.68,0.008022777825997342,55.24705238618953
4532,62.68,0.008025825385604852,55.26777135318872
4533,62.68,0.008028164012007588,55.283670470918125
4534,62.68,0.008028478299929202,55.28580714380358
4535,62.68,0.008028872614506488,55.28848787144221
4536,62.68,0.00802480747290916,55.260851051597335
4537,62.68,0.00802140589370485,55.23772517918848
4538,62.68,0.008017544320595977,55.21147170359389
4539,62.68,0.008013135756915358,55.181499038263496
4540,62.68,0.00800896948645699,55.15317327528496
4541,62.68,0.008004544396661113,55.12308743341923
4542,62.68,0.008001141881219835,55.09995370772414
4543,62.68,0.00800253075183673,55.109396678707036
4544,62.68,0.008005003870283195,55.12621137855813
4545,62.68,0.008007171234711265,55.140947152301536
4546,62.68,0.008009532861156488,55.15700358578308
4547,62.68,0.008011579174229318,55.17091614164005
4548,62.68,0.008014184041772477,55.1886260894001
4549,62.68,0.008015893325973581,55.20024707438318
4550,62.68,0.00801796276799555,55.21431659564332
4551,62.68,0.008020345401279267,55.230515296730395
4552,62.68,0.008022612291533218,55.245926987170634
4553,62.68,0.008024653609167055,55.259805003655906
4554,62.68,0.008026523479640356,55.272517347737995
4555,62.68,0.008028086876060027,55.28314606517828
4556,62.68,0.008028576883795685,55.28647736153046
4557,62.68,0.008029456490624809,55.292457317431996
4558,62.68,0.008031920129766853,55.3092061360573
4559,62.68,0.008029414278706137,55.29217034253789
4560,62.68,0.008028061546093646,55.282973860358865
4561,62.68,0.008027211470374199,55.277194644667226
4562,62.68,0.008026753300904788,55.27407978604323
4563,62.68,0.008026657129161016,55.27342596323513
4564,62.68,0.008026572979475507,55.27285387212738
4565,62.68,0.008024999728615097,55.2621581079069
4566,62.68,0.008024237630362415,55.25697695489061
4567,62.68,0.00802379045167656,55.253936788302696
4568,62.68,0.008023548717088307,55.252293341856614
4569,62.68,0.008023376097777233,55.25111977880983
4570,62.68,0.008028798411254904,55.287983404659116
4571,62.68,0.008034384276682755,55.32595827569675
4572,62.68,0.008040147755633442,55.36513992619574
4573,62.68,0.008045967693284077,55.404704670356566
4574,62.68,0.008051891136024872,55.444972305872476
4575,62.68,0.008057324548221449,55.481908041970975
4576,62.68,0.008062497319290525,55.51707137648234
4577,62.68,0.008067942462895224,55.55408561441219
4578,62.68,0.00807265411679134,55.58611332193683
4579,62.68,0.008076874604340926,55.61480189444654
4580,62.68,0.008081266524998435,55.64465536762423
4581,62.68,0.008081307353173086,55.644932889541444
4582,62.68,0.008082119256747126,55.65045164548441
4583,62.68,0.0080830296515106,55.656639859131076
4584,62.68,0.008084465272226659,55.66639814749376
4585,62.68,0.008086032740236464,55.67705258550741
4586,62.68,0.008086557378878567,55.68061866232392
4587,62.68,0.008086703345368389,55.68161082553783
4588,62.68,0.008086557992339722,55.680622832142156
4589,62.68,0.008086388240112666,55.6794689919735
4590,62.68,0.00808699868433085,55.683618301701024
4591,62.68,0.008087138689458633,55.68456994302933
4592,62.68,0.00808740184675642,55.68635867180045
4593,62.68,0.008092527785268123,55.72120032485228
4594,62.68,0.008097677444164736,55.75620263748865
4595,62.68,0.008102936748977534,55.791949624562044
4596,62.68,0.00810778106479186,55.824875443464485
4597,62.68,0.008112948158158263,55.85999455700579
4598,62.68,0.008118212555436991,55.8957744223403
4599,62.68,0.008123358884010336,55.9307512470516
4600,62.68,0.008128463408864833,55.96544338996552
4601,62.68,0.008133488503083063,55.999595145331995
4602,62.68,0.008135179260329898,56.01108581792654
4603,62.68,0.008137918457524493,56.0297017350841
4604,62.68,0.00814031174017206,56.04596664243488
4605,62.68,0.008143291898202695,56.06621982102846
4606,62.68,0.008146403762935014,56.08736787498325
4607,62.68,0.00814928234631872,56.1069303763072
4608,62.68,0.008153583361829598,56.13615921970031
4609,62.68,0.008158956927892203,56.17267634198703
4610,62.68,0.008164489132071628,56.21027087002841
4611,62.68,0.008169730027620779,56.2458851784814
4612,62.68,0.008173421543148186,56.27097037770361
4613,62.68,0.008177207368492881,56.29669614137648
4614,62.68,0.008181407965961009,56.325240038222965
4615,62.68,0.008185518370731573,56.353170689325296
4616,62.68,0.008188732048091642,56.37500772553526
4617,62.68,0.008191459913403273,56.3935434792037
4618,62.68,0.008193466985168266,56.407181362323286
4619,62.68,0.008195318008675071,56.419758833701536
4620,62.68,0.008196988510801296,56.43110962162249
4621,62.68,0.00820423728099406,56.48036312884956
4622,62.68,0.008211394592644007,56.52899408729337
4623,62.68,0.00821245835048992,56.53622178551808
4624,62.68,0.008213934658453237,56.54625251335368
4625,62.68,0.008214095964098882,56.547348496620884
4626,62.68,0.008215480847717204,56.556757997091076
4627,62.68,0.008217039997323658,56.56735148684052
4628,62.68,0.008218889534110287,56.5799179159545
4629,62.68,0.008221053150821145,56.594618225282304
4630,62.68,0.008223750679065589,56.61294596028201
4631,62.68,0.008225404910330926,56.62418517638772
4632,62.68,0.008227723200768575,56.63993605930146
4633,62.68,0.008229456889668871,56.65171497830615
4634,62.68,0.008231349523567766,56.66457371732886
4635,62.68,0.008233033469960899,56.67601454818154
4636,62.68,0.008234714607904411,56.68743623727153
4637,62.68,0.008236430045020749,56.69909089289792
4638,62.68,0.008237976375991114,56.70959658937171
4639,62.68,0.008238904332909726,56.71590105823232
4640,62.68,0.008239656414565458,56.72101063028637
4641,62.68,0.008239877634812964,56.72251357752627
4642,62.68,0.00824602501612533,56.764277821579746
4643,62.68,0.008252247856115611,56.806553888964764
4644,62.68,0.008259722136363374,56.85733075422211
4645,62.68,0.008266588608730873,56.903977387311855
4646,62.68,0.008273247139049634,56.94921041795461
4647,62.68,0.008279561818174741,56.99210670000764
4648,62.68,0.008286190967334536,57.03713828532295
4649,62.68,0.00829332007258412,57.0855649982028
4650,62.68,0.008300169877748668,57.13209344447044
4651,62.68,0.008301842944463312,57.14345787603578
4652,62.68,0.008304092201987289,57.15873603195117
4653,62.68,0.00830613025718972,57.17257949496023
4654,62.68,0.008308180366314383,57.186504743749346
4655,62.68,0.008310210003445742,57.20029084845636
4656,62.68,0.008312513980339534,57.21594027061659
4657,62.68,0.008314934638805317,57.2323821118363
4658,62.68,0.008317247641065098,57.24809260169047
4659,62.68,0.008319792780799579,57.265379694081176
4660,62.68,0.008322909693119718,57.286550188756344
4661,62.68,0.008325967847049412,57.30732138490184
4662,62.68,0.00832859237478014,57.325147200744475
4663,62.68,0.008331190045351138,57.34279045633212
4664,62.68,0.008332853581548352,57.35408903907101
4665,62.68,0.008338093877530508,57.38968025090845
4666,62.68,0.008342719511907494,57.421096292399476
4667,62.68,0.00834658640808734,57.447358838047094
4668,62.68,0.008350996804727347,57.47731224682605
4669,62.68,0.0083556796020256,57.50911521820773
4670,62.68,0.008359957001719693,57.53816454013706
4671,62.68,0.008364227177787625,57.56716441061652
4672,62.68,0.008367355818648732,57.58841157075333
4673,62.68,0.008370994253532408,57.613120568075416
4674,62.68,0.008375418085506592,57.643162896098765
4675,62.68,0.008380041169802475,57.67455789985911
4676,62.68,0.00837978440955034,57.67281427315319
4677,62.68,0.008379520577403104,57.67102262061387
4678,62.68,0.008381862748902794,57.68692797453887
4679,62.68,0.008384009610883068,57.701506905435295
4680,62.68,0.008386783355980617,57.72034273316755
4681,62.68,0.00838926043061923,57.737163803908686
4682,62.68,0.008390771054490941,57.74742193253337
4683,62.68,0.00839252577722312,57.759337591075436
4684,62.68,0.008394207692780407,57.77075878135496
4685,62.68,0.00839630536297557,57.78500310336335
4686,62.68,0.008398305946788868,57.798588067687405
4687,62.68,0.008399724868383729,57.80822320246551
4688,62.68,0.008401135117502631,57.817799404134476
4689,62.68,0.008402170963915647,57.82483322214797
4690,62.68,0.00840290709708902,57.829831851437696
4691,62.68,0.008410397794911428,57.88069592632884
4692,62.68,0.00841753711112809,57.929172890073986
4693,62.68,0.00842450710048903,57.97649904128813
4694,62.68,0.008431283503643291,58.02250974092401
4695,62.68,0.00843742467419994,58.06420645780346
4696,62.68,0.008443769598943138,58.10728575156586
4697,62.68,0.00844925703773514,58.14454238741399
4698,62.68,0.008455169602644832,58.184684665549035
4699,62.68,0.008457251878628908,58.19882171823577
4700,62.68,0.008458627239219203,58.20815930779306
4701,62.68,0.008461545458858062,58.227971531459545
4702,62.68,0.008463699849786207,58.24259789162526
4703,62.68,0.008465899974626176,58.25753464039211
4704,62.68,0.008468741855355016,58.276828145106485
4705,62.68,0.008471754709952402,58.297282200037046
4706,62.68,0.008474425764961472,58.315415638451896
4707,62.68,0.008476370199559626,58.328616050564186
4708,62.68,0.008478308567853168,58.34177519859182
4709,62.68,0.008481034792248434,58.360282788223664
4710,62.68,0.008484251481794245,58.38211980537626
4711,62.68,0.008486783537646215,58.399308919241555
4712,62.68,0.008489099099901483,58.41502822384638
4713,62.68,0.008491223982189698,58.42945298681658
4714,62.68,0.008493353067031544,58.44390618129566
4715,62.68,0.008500522348695983,58.492573802176885
4716,62.68,0.008506995780325268,58.536516795855654
4717,62.68,0.00851064459576908,58.56128531259239
4718,62.68,0.008513473225652738,58.58048613211182
4719,62.68,0.00851582963576123,58.596481378914525
4720,62.68,0.008518210091468323,58.61263972517352
4721,62.68,0.008519717611384172,58.622872588781036
4722,62.68,0.008525136798944608,58.659656977059406
4723,62.68,0.008528647210336752,58.683484627484816
4724,62.68,0.008533147921284841,58.71403375478159
4725,62.68,0.008536908407386476,58.73955818073916
4726,62.68,0.008535296704660399,58.72861873153472
4727,62.68,0.00853395976469415,58.71954419501259
4728,62.68,0.008532832124355454,58.711890258638164
4729,62.68,0.008532066248737305,58.70669180957941
4730,62.68,0.008531301650430059,58.7015020177842
4731,62.68,0.008534121097405844,58.72063924965325
4732,62.68,0.00853732765108254,58.74240379256914
4733,62.68,0.008539611294013025,58.75790392659853
4734,62.68,0.008541889817101458,58.773369198000445
4735,62.68,0.008543980470156151,58.78755922003872
4736,62.68,0.008546073502709238,58.801765298330835
4737,62.68,0.008552543008134707,58.845675295003744
4738,62.68,0.008555957558117402,58.8688502547719
4739,62.68,0.008558430870686539,58.88563676670175
4740,62.68,0.008560892403656529,58.90234319906872
4741,62.68,0.008563891628256666,58.922698770000224
4742,62.68,0.008566927076768142,58.94329999343027
4743,62.68,0.008569515618147745,58.96086795528384
4744,62.68,0.008572343616239157,58.98006090162128
4745,62.68,0.008575269884660357,58.99992060392631
4746,62.68,0.008577757995599554,59.016806518382914
4747,62.68,0.008579888412566765,59.03126478653826
4748,62.68,0.00858195928402579,59.04531885005174
4749,62.68,0.008583806003735008,59.057851619633084
4750,62.68,0.008581880944917712,59.044787199805405
4751,62.68,0.00858174511803947,59.04386540710731
4752,62.68,0.008581975940516498,59.04543188971062
4753,62.68,0.008582112658725457,59.04635973076755
4754,62.68,0.008581561002899822,59.042615904213235
4755,62.68,0.008580947655761232,59.03845340027421
4756,62.68,0.008580427305167327,59.03492201461188
4757,62.68,0.00857997442383741,59.03184850778301
4758,62.68,0.008580285081741638,59.03395680711526
4759,62.68,0.008579858358547635,59.031060822888435
4760,62.68,0.00857826995268744,59.020280970555646
4761,62.68,0.00857610301278586,59.005574759841494
4762,62.68,0.008574142682248004,58.992270642524716
4763,62.68,0.008578346928337746,59.02080337364758
4764,62.68,0.008582289354510025,59.04755887990258
4765,62.68,0.008586443762378819,59.075752650314804
4766,62.68,0.00859075038206418,59.10497900968753
4767,62.68,0.008594954817330214,59.13351152158268
4768,62.68,0.008598593625995044,59.158205220852025
4769,62.68,0.008601770188123522,59.179761787655224
4770,62.68,0.008605234117296988,59.20326821732208
4771,62.68,0.008608315350615889,59.22417743308769
4772,62.68,0.00860514764797628,59.20268143450509
4773,62.68,0.008601822757841455,59.18011853082196
4774,62.68,0.008598737301997873,59.159180229721656
4775,62.68,0.008596370780691852,59.14312057221235
4776,62.68,0.008594528458838804,59.130618147070514
4777,62.68,0.008592932950398004,59.119790596189205
4778,62.68,0.008591408760496374,59.109446980985695
4779,62.68,0.008590347471484834,59.10224472216197
4780,62.68,0.00858922654882756,59.094637743335575
4781,62.68,0.008588254004314821,59.08803768932558
4782,62.68,0.008587328637481764,59.08175778194774
4783,62.68,0.008586469350907866,59.075926304985515
4784,62.68,0.00858462472732339,59.063407866559395
4785,62.68,0.008582821367170776,59.05116938938056
4786,62.68,0.008586226780921807,59.07428012104605
4787,62.68,0.008589269510887744,59.09492929961624
4788,62.68,0.00859248984109452,59.116783527145444
4789,62.68,0.008595947878027617,59.14025066270614
4790,62.68,0.008598290559646976,59.15614856155615
4791,62.68,0.008600299274111427,59.1697799994483
4792,62.68,0.00860193600737428,59.180887052852036
4793,62.68,0.008603885771123768,59.19411829058874
4794,62.68,0.008606530290670369,59.21206406062669
4795,62.68,0.008608560210222483,59.22583903894816
4796,62.68,0.00861037816778782,59.23817557376721
4797,62.68,0.00860924171575728,59.23046369690083
4798,62.68,0.008608179366375705,59.223254649824106
4799,62.68,0.008607133385993199,59.21615665818196
4800,62.68,0.00860656330364486,59.21228808647423
4801,62.68,0.008603087750202866,59.18870287282868
4802,62.68,0.008603982159585013,59.194772387531316
4803,62.68,0.008604964903442007,59.20144132532512
4804,62.68,0.008604710210613221,59.199712971941445
4805,62.68,0.00860405576434807,59.19527187301821
4806,62.68,0.00860383008022095,59.19374036923198
4807,62.68,0.008603461142631545,59.19123673791731
4808,62.68,0.008603078744292654,59.18864175810443
4809,62.68,0.00860281746192687,59.18686867729354
4810,62.68,0.008606854145409957,59.214261735939836
4811,62.68,0.00861189584101989,59.24847434530351
4812,62.68,0.008617330569137141,59.28535343425231
4813,62.68,0.00862161331457071,59.314414927736124
4814,62.68,0.008624868887477127,59.33650605624492
4815,62.68,0.00862809084622889,59.35836886679223
4816,62.68,0.008632026990865623,59.38507752889489
4817,62.68,0.008635835601713139,59.4109204945987
4818,62.68,0.008639881544928806,59.43837351449518
4819,62.68,0.008643819233760095,59.465091655467575
4820,62.68,0.00864834638863033,59.4958090492299
4821,62.68,0.008647903151999106,59.49280164472397
4822,62.68,0.008647151414712274,59.48770102300502
4823,62.68,0.008646552793947888,59.48363930534889
4824,62.68,0.008646179345876625,59.481105409010524
4825,62.68,0.008645651347573096,59.477522863046374
4826,62.68,0.008645678577969019,59.477707625425026
4827,62.68,0.008645803662215274,59.47855634085884
4828,62.68,0.00864550196315513,59.476509266762065
4829,62.68,0.008645924672183575,59.47937741138317
4830,62.68,0.008646407476356099,59.48265330593194
4831,62.68,0.008646686140606246,59.48454407997163
4832,62.68,0.008646874773215248,59.48582397639052
4833,62.68,0.008646974484258644,59.48650052828515
4834,62.68,0.008651911298586506,59.519997163129744
4835,62.68,0.00865726816612121,59.556343295422934
4836,62.68,0.00866273216194833,59.59341565275085
4837,62.68,0.008667675157661384,59.62695255230113
4838,62.68,0.008672281057897533,59.65820187630519
4839,62.68,0.00867756043236599,59.69401991159972
4840,62.68,0.008682460465671825,59.72726376158918
4841,62.68,0.008687181711271936,59.75929415325057
4842,62.68,0.008691853025565311,59.79098532346231
4843,62.68,0.008696593367499696,59.82314431163811
4844,62.68,0.00870040470466215,59.84900048116788
4845,62.68,0.008699263498682323,59.84125855514761
4846,62.68,0.008698201540400527,59.834054219276666
4847,62.68,0.008696796100454268,59.824519662968626
4848,62.68,0.00869515225829688,59.813367723366596
4849,62.68,0.008693537818875868,59.80241519738701
4850,62.68,0.008692359755844821,59.79442305911322
4851,62.68,0.00869107321546687,59.785694961797056
4852,62.68,0.008690561929740789,59.782226307122876
4853,62.68,0.008689702320123562,59.776394547606884
4854,62.68,0.008689137836079889,59.77256496896888
4855,62.68,0.008688214179540826,59.76629867369012
4856,62.68,0.008687109937583327,59.75880722191879
4857,62.68,0.00868577014216926,59.74971768175175
4858,62.68,0.008690266239298597,59.780220287211606
4859,62.68,0.008695476234013752,59.81556560177748
4860,62.68,0.008700325938319863,59.84846613226126
4861,62.68,0.008705343781298747,59.88250678760297
4862,62.68,0.008709733613881616,59.91228662516549
4863,62.68,0.008713332832844064,59.93670277230622
4864,62.68,0.008717200318145699,59.962938456543405
4865,62.68,0.008721067433697372,59.98917131079624
4866,62.68,0.008724875095528212,60.01500054216583
4867,62.68,0.008728241355399475,60.03783526853951
4868,62.68,0.008731339438309364,60.05885062478681
4869,62.68,0.008730294381328134,60.051761668840584
4870,62.68,0.008729146420738713,60.043974657711075
4871,62.68,0.008728065733058104,60.03664395593287
4872,62.68,0.008727152868473895,60.03045164033236
4873,62.68,0.008726601187033497,60.02670936181475
4874,62.68,0.008726457429521372,60.025734195345116
4875,62.68,0.008726373360102468,60.02516391761256
4876,62.68,0.008726280294507146,60.02453261490728
4877,62.68,0.008726634612680303,60.02693610169326
4878,62.68,0.008726090962372072,60.02324829558201
4879,62.68,0.00872498431556908,60.01574143048794
4880,62.68,0.008724100940012393,60.00974909215717
4881,62.68,0.008722954907142214,60.00197500474579
4882,62.68,0.008721934907550013,59.99505583739043
4883,62.68,0.008727156108545079,60.03047361902736
4884,62.68,0.008731843034642804,60.06226667149082
4885,62.68,0.008736059416949493,60.090867457738284
4886,62.68,0.008739970624048701,60.11739782156672
4887,62.68,0.008743420441301237,60.140798228731306
4888,62.68,0.00874654625523185,60.16200067243337
4889,62.68,0.008749663878674038,60.18314735058771
4890,62.68,0.008753999143499768,60.21255287962444
4891,62.68,0.008757521182439703,60.236442107211474
4892,62.68,0.008761125228494787,60.26088729510645
4893,62.68,0.008759602024526171,60.250555883187985
4894,62.68,0.0087573198195321,60.23507631339648
4895,62.68,0.008754770129719687,60.21778233504129
4896,62.68,0.00875374772030635,60.21084752033503
4897,62.68,0.008752420482535491,60.20184507749578
4898,62.68,0.00875183120304177,60.19784807620832
4899,62.68,0.008751655734627488,60.196657896784664
4900,62.68,0.008750006315804425,60.18547007114442
4901,62.68,0.00874803535591058,60.17210119120546
4902,62.68,0.008747027303702718,60.16526361290858
4903,62.68,0.00874565309263594,60.15594235833055
4904,62.68,0.008744311914817216,60.14684512864794
4905,62.68,0.008743227183647822,60.13948735221363
4906,62.68,0.008742038328523308,60.13142326961021
4907,62.68,0.008746765099917609,60.16348509141204
4908,62.68,0.008752093411206238,60.199626598837455
4909,62.68,0.008757072497170717,60.23339878700489
4910,62.68,0.008761958711480514,60.2665405260946
4911,62.68,0.008766977712334336,60.30058238220821
4912,62.68,0.008772079838119484,60.33518748584753
4913,62.68,0.008774174242187816,60.34939259288195
4914,62.68,0.008776215639381923,60.36323809477503
4915,62.68,0.008776781165160025,60.367073681446115
4916,62.68,0.008777589321642498,60.372554859495345
4917,62.68,0.008777715384500201,60.37340985720926
4918,62.68,0.008778323185964795,60.37753215197209
4919,62.68,0.008778218846539723,60.37682449075826
4920,62.68,0.008778305962069743,60.37741533437618
4921,62.68,0.00877864355820297,60.37970501092854
4922,62.68,0.008778964039212689,60.38187860539716
4923,62.68,0.008778803046779724,60.38078670864607
4924,62.68,0.00877875528010189,60.380462741260544
4925,62.68,0.008778675517468904,60.379921767969755
4926,62.68,0.00877931750308829,60.384275896595796
4927,62.68,0.008781520347493054,60.39921614499154
4928,62.68,0.008782900271178635,60.40857508358762
4929,62.68,0.008783500092678654,60.41264318896589
4930,62.68,0.008789448356379126,60.45298504455593
4931,62.68,0.008795730070058344,60.49558757281692
4932,62.68,0.008800442050606412,60.52754362746069
4933,62.68,0.008804224510136823,60.55319544295356
4934,62.68,0.008808243708878654,60.58045243499961
4935,62.68,0.008812059821234605,60.60633183503006
4936,62.68,0.008816437198451762,60.63601713094926
4937,62.68,0.008820189863510275,60.661465597320905
4938,62.68,0.0088243564454498,60.689720660718294
4939,62.68,0.008827827263649555,60.71325721953033
4940,62.68,0.00882750726152968,60.711087209273785
4941,62.68,0.008826996984383986,60.70762689439275
4942,62.68,0.008826460940420958,60.7039918423535
4943,62.68,0.008825983503832393,60.7007542167984
4944,62.68,0.00882587658728845,60.70002918636733
4945,62.68,0.008825754783140299,60.69920319870624
4946,62.68,0.00882498185456819,60.69396174856887
4947,62.68,0.008824505268062218,60.690729872499425
4948,62.68,0.008823730811687382,60.685478041074184
4949,62.68,0.008822940159668826,60.680116368608736
4950,62.68,0.008822167535654757,60.67487693701054
4951,62.68,0.008821349739274642,60.66933116193687
4952,62.68,0.00882040047250898,60.662893820266795
4953,62.68,0.008819807968925916,60.65887581661834
4954,62.68,0.00882388307809455,60.68651060832645
4955,62.68,0.00882779355798325,60.713028653518286
4956,62.68,0.008831205261351404,60.73616408867154
4957,62.68,0.008834454340239795,60.7581965024149
4958,62.68,0.00883813431589584,60.783150607368064
4959,62.68,0.008841851925876816,60.80835961697855
4960,62.68,0.008845420912390755,60.83256053544267
4961,62.68,0.00884914114055613,60.85778671597334
4962,62.68,0.008852634100625938,60.881471562655854
4963,62.68,0.00885608276821947,60.90485581633238
4964,62.68,0.00885427972215415,60.892630000000615
4965,62.68,0.008853573365014076,60.887840423527976
4966,62.68,0.00885269926736482,60.88191343873866
4967,62.68,0.008851478592454701,60.87363639365437
4968,62.68,0.008850643378499522,60.8679730298579
4969,62.68,0.00885025214367365,60.865320165351775
4970,62.68,0.00884997672949002,60.86345264938413
4971,62.68,0.008850121359212886,60.86443334823299
4972,62.68,0.008850324684754003,60.86581204833818
4973,62.68,0.008850525552541118,60.8671740821498
4974,62.68,0.008851508237504233,60.8738374085788
4975,62.68,0.008852445480379112,60.880192584901764
4976,62.68,0.008852361835967734,60.87962541679873
4977,62.68,0.008856544686536554,60.90798790948087
4978,62.68,0.008860340185043203,60.93372357354707
4979,62.68,0.008865186414101951,60.966583345253554
4980,62.68,0.008869494636234014,60.99579474644098
4981,62.68,0.008874184011018903,61.02759005553152
4982,62.68,0.008878142405959655,61.05442874321617
4983,62.68,0.008882154926068165,61.08163406630518
4984,62.68,0.00888701617793359,61.11459341945018
4985,62.68,0.008892143832653443,61.1493584370468
4986,62.68,0.008899446584490166,61.19886943328597
4987,62.68,0.008905719245278243,61.241395731385886
4988,62.68,0.008911013792711264,61.27729012797762
4989,62.68,0.008912090059658236,61.284586608553305
4990,62.68,0.008913634279856883,61.29505550375891
4991,62.68,0.008914986899014741,61.304225415670444
4992,62.68,0.008916361894009722,61.313546981459744
4993,62.68,0.008917750672685324,61.322961950332214
4994,62.68,0.0089191899218953,61.33271903114412
4995,62.68,0.008920555499522632,61.3419766301296
4996,62.68,0.008921483269224014,61.3482661946711
4997,62.68,0.008922487782351357,61.35507599971922
4998,62.68,0.008923473298997536,61.36175700256484
4999,62.68,0.008924815986553007,61.370859300642024
5000,62.68,0.008926433532794315,61.38182485915604
5001,62.68,0.008932367180417374,61.422049354602
5002,62.68,0.008938466434903144,61.46339571867496
5003,62.68,0.00894454710961278,61.504615336114334
5004,62.68,0.008949583605955894,61.5387560859801
5005,62.68,0.008954256040084393,61.570428490587005
5006,62.68,0.00895945880764451,61.605695243511036
5007,62.68,0.008963124989312241,61.63054596075145
5008,62.68,0.00896628126392852,61.65194011056574
5009,62.68,0.00896864657301658,61.66797272504603
5010,62.68,0.008973223185886284,61.698993728938575
5011,62.68,0.008978047974627468,61.73169642072143
5012,62.68,0.008983350643554102,61.76763763458389
5013,62.68,0.008987686601112157,61.797026080161054
5014,62.68,0.008990113180205971,61.81347287935729
5015,62.68,0.008993218459241501,61.83451956730338
5016,62.68,0.008996201566112114,61.85473801235977
5017,62.68,0.008998840329785708,61.87262246145533
5018,62.68,0.009000963691697112,61.88701362189717
5019,62.68,0.009002585662504108,61.898006521143735
5020,62.68,0.009004813272447317,61.91310404457268
5021,62.68,0.009007045327674717,61.92823158878522
5022,62.68,0.009008833178859896,61.940348504712816
5023,62.68,0.00901050422471324,61.951673726456626
5024,62.68,0.009011939416390344,61.961400439782196
5025,62.68,0.009016408906583387,61.991691197231624
5026,62.68,0.009020705453565835,62.02080947443426
5027,62.68,0.0090253356338377,62.052188385402204
5028,62.68,0.009029960005808683,62.08352747363093
5029,62.68,0.009035426231998826,62.12057116440727
5030,62.68,0.009040876026820405,62.157502863649306
5031,62.68,0.009041470083633419,62.16152857803365
5032,62.68,0.009044128451815065,62.17954331270356
5033,62.68,0.009046053478867193,62.192588382952096
5034,62.68,0.009048824877691925,62.211368806443545
5035,62.68,0.009050966961432967,62.22588455430058
5036,62.68,0.009054359608865458,62.248874497126835
5037,62.68,0.009056777330607663,62.265257800699956
5038,62.68,0.009059456943221172,62.28341561907166
5039,62.68,0.0090625101930783,62.30410512186773
5040,62.68,0.009065771474308695,62.32620407055405
5041,62.68,0.009068890875837805,62.34734140658621
5042,62.68,0.009071284536272069,62.36356091613964
5043,62.68,0.009073797073477217,62.38058580562246
5044,62.68,0.009075973597103087,62.395333765874874
5045,62.68,0.009078621623472475,62.41327645604172
5046,62.68,0.009080430204266804,62.42553108312029
5047,62.68,0.009081817950585365,62.434934161780205
5048,62.68,0.009083190999014475,62.4442376099134
5049,62.68,0.009084323984413934,62.45191441782156
5050,62.68,0.009085922033966916,62.46274232995316
5051,62.68,0.00908691252375382,62.46945356889151
5052,62.68,0.009087872556149929,62.47595841827882
5053,62.68,0.009088862450334875,62.48266558015314
5054,62.68,0.009089880924466165,62.48956636735473
5055,62.68,0.009090877102096237,62.49631606052964
5056,62.68,0.009091539918185914,62.50080702011359
5057,62.68,0.009092057966017373,62.50431708505651
5058,62.68,0.009092015478048632,62.50402920542818
5059,62.68,0.009091468191603403,62.50032103178826
5060,62.68,0.009092278261836052,62.50580971117812
5061,62.68,0.00909384713492579,62.51643966470962
5062,62.68,0.009095211916945282,62.525686749192246
5063,62.68,0.00909681038857944,62.5365171474707
5064,62.68,0.00909803276028497,62.5447992545493
5065,62.68,0.009099486633925942,62.554649847501196
5066,62.68,0.00910115001153083,62.56591986045774
5067,62.68,0.009102881257983789,62.577649647453285
5068,62.68,0.00910424548405379,62.58689270045298
5069,62.68,0.009105258225774222,62.59375431257392
5070,62.68,0.009107191979452098,62.60685598050526
5071,62.68,0.009109950565516176,62.625545956505356
5072,62.68,0.00911156857840308,62.63650824355834
5073,62.68,0.009113475707230005,62.64942926355248
5074,62.68,0.009114402811078852,62.655710471930995
5075,62.68,0.009115290913150742,62.66172742260602
5076,62.68,0.009121122863139387,62.701238851372764
5077,62.68,0.009121929819867416,62.706705921206265
5078,62.68,0.009128079068077003,62.74836614615808
5079,62.68,0.009133739771594429,62.786715837153395
5080,62.68,0.009139772426506942,62.82758463806758
5081,62.68,0.009145801673900604,62.868429573742226
5082,62.68,0.009151801262757024,62.909072813960655
5083,62.68,0.009153476231767026,62.92041948147602
5084,62.68,0.009156733419971778,62.94248433314744
5085,62.68,0.009160769625878855,62.969826092312665
5086,62.68,0.009164809687869323,62.99719362283995
5087,62.68,0.009168186381190614,63.020067200463124
5088,62.68,0.009171120760839445,63.03994436522133
5089,66.42,0.009174542384975198,55.340351537024105
5090,66.42,0.009177763561626773,55.35949895336493
5091,66.42,0.009180489218298244,55.3757007320868
5092,66.42,0.009183154237744396,55.39154193725757
5093,66.42,0.00918594048634506,55.408103600465864
5094,66.42,0.009188853215839456,55.42541691891844
5095,66.42,0.009192383521306035,55.44640090625121
5096,66.42,0.009195158708638913,55.46289633832947
5097,66.42,0.009198034558556107,55.4799899455492
5098,66.42,0.009204822156619408,55.52033376117394
5099,66.42,0.00921265091053303,55.56686487383724
5100,66.42,0.009220731478109099,55.61489145979449
5101,66.42,0.009227041794957647,55.65239576401295
5102,66.42,0.009235049617715539,55.69998782875335
5103,66.42,0.009235386645271444,55.7019908232853
5104,66.42,0.00924219352193742,55.742444436613944
5105,66.42,0.009246356770000129,55.767186401022485
5106,66.42,0.009251483280757904,55.79765253659892
5107,66.42,0.009256235839581912,55.82589588614706
5108,66.42,0.009259660436286229,55.846247202636555
5109,66.42,0.009262512248650503,55.86319447085616
5110,66.42,0.009264540765081597,55.87524910203634
5111,66.42,0.009266281785330658,55.88559520095047
5112,66.42,0.009268506200902386,55.898813817427786
5113,66.42,0.00927077383183823,55.91228914583194
5114,66.42,0.00927322146540537,55.926834025787954
5115,66.42,0.009275735629027936,55.94177413819753
5116,66.42,0.009277785330590347,55.95395415308002
5117,66.42,0.009280489446385973,55.97002279604412
5118,66.42,0.009282692202295544,55.98311211091686
5119,66.42,0.009285121468697097,55.99754730065767
5120,66.42,0.009287011670488789,56.00877918316433
5121,66.42,0.009288689093351303,56.01874664277876
5122,66.42,0.009293898165569628,56.04969927356197
5123,66.42,0.009298396061530158,56.07642563984098
5124,66.42,0.009303487590368052,56.10667889572907
5125,66.42,0.009308376227974948,56.13572613692275
5126,66.42,0.009307931886037851,56.13308597056417
5127,66.42,0.009315263359462382,56.17664723880943
5128,66.42,0.009321721017907316,56.21501574003458
5129,66.42,0.009322555790406304,56.21997552536902
5130,66.42,0.009323727521694055,56.22693732297475
5131,66.42,0.009325150328295307,56.235390840417324
5132,66.42,0.009325772539993,56.23908766076892
5133,66.42,0.009327054602502724,56.2467049082401
5134,66.42,0.009328504683955678,56.255320386339946
5135,66.42,0.00932959631947767,56.26180617653203
5136,66.42,0.009330523661462569,56.267315823472956
5137,66.42,0.009331024144550544,56.270289353112126
5138,66.42,0.009331625573865207,56.27386263024044
5139,66.42,0.009331475770293914,56.272972601638514
5140,66.42,0.009330911786922752,56.269621801022865
5141,66.42,0.009329987037314592,56.26412756303233
5142,66.42,0.009329018315135352,56.258372052441466
5143,66.42,0.00932818892533544,56.253444349249946
5144,66.42,0.009327050511263273,56.246680600595155
5145,66.42,0.009331362992624444,56.2723025549075
5146,66.42,0.009335036256077997,56.29412641683859
5147,66.42,0.009338468945608,56.31452073378247
5148,66.42,0.009340692601007805,56.32773181106284
5149,66.42,0.00934345443841135,56.34414018046603
5150,66.42,0.00934582383580757,56.358216907678106
5151,66.42,0.009347790163123853,56.36989889195918
5152,66.42,0.009348850608881574,56.376198988171325
5153,66.42,0.009349690674816672,56.38118979533338
5154,66.42,0.00935144059363666,56.39158596923408
5155,66.42,0.009353836022721594,56.405816991567725
5156,66.42,0.009355451210823621,56.41541261352545
5157,66.42,0.009353840756624899,56.40584511514187
5158,66.42,0.009352953420556484,56.400573546414975
5159,66.42,0.009353104419822594,56.40147061795956
5160,66.42,0.00935287273496238,56.40009420119063
5161,66.42,0.009352284207841838,56.39659781541292
5162,66.42,0.009351666903287963,56.392930458531744
5163,66.42,0.009350458747591906,56.38575288161345
5164,66.42,0.009349622896242174,56.380787125296315
5165,66.42,0.009347958739418379,56.37090040322676
5166,66.42,0.009346479176631079,56.36211030682582
5167,66.42,0.009344365081647779,56.349550377197254
5168,66.42,0.009345749453369887,56.35777499891271
5169,66.42,0.009348237266979737,56.37255513347373
5170,66.42,0.0093509570673087,56.38871337100283
5171,66.42,0.009353300981376681,56.40263836985927
5172,66.42,0.009355004214440759,56.412757071199415
5173,66.42,0.009356459419847045,56.421402227013004
5174,66.42,0.009358211982941796,56.43181388709606
5175,66.42,0.009359316507620277,56.43837563856455
5176,66.42,0.009361585139095595,56.45185303446674
5177,66.42,0.009364078938162688,56.466667985307794
5178,66.42,0.00936620542560031,56.479300749793836
5179,66.42,0.009367738168941467,56.48840622254331
5180,66.42,0.009364679334351644,56.47023475078873
5181,66.42,0.009362376270150597,56.456552931685536
5182,66.42,0.00936097394996184,56.448222115831356
5183,66.42,0.009359489894108706,56.43940568955771
5184,66.42,0.009358166901263764,56.431546065732306
5185,66.42,0.009356791326104943,56.42337402644414
5186,66.42,0.009354701186805753,56.4109568247151
5187,66.42,0.009352698673046583,56.399060115953034
5188,66.42,0.009350539403121904,56.38623205189447
5189,66.42,0.009348083709659965,56.37164285071747
5190,66.42,0.00934606234355988,56.35963389019989
5191,66.42,0.009342674401860923,56.339505915005404
5192,66.42,0.00933937008477552,56.319874550801096
5193,66.42,0.009335979131064775,56.29972825382161
5194,66.42,0.009333354777545247,56.28413632491627
5195,66.42,0.009336065854032573,56.30024349406318
5196,66.42,0.009339139824481528,56.318506537718285
5197,66.42,0.009342279592294523,56.337160312429305
5198,66.42,0.009345503670855035,56.35631479531944
5199,66.42,0.009348808541617171,56.37594906743407
5200,66.42,0.0093521460757325,56.39577718424472
5201,66.42,0.009355044940845056,56.41299902116623
5202,66.42,0.009357587991169453,56.42810687156351
5203,66.42,0.009355174674008591,56.413769747840426
5204,66.42,0.009353350416207544,56.40293205697129
5205,66.42,0.009351522204365227,56.39207081279092
5206,66.42,0.009349870372832171,56.38225737426568
5207,66.42,0.009348307616889928,56.3729730815553
5208,66.42,0.009346408758397198,56.361691950410474
5209,66.42,0.009344521251651276,56.35047819281244
5210,66.42,0.009342934754765494,56.341052695686145
5211,66.42,0.009341350903805138,56.33164287094515
5212,66.42,0.00933943232687191,56.32024434083841
5213,66.42,0.009337883122542695,56.31104025374384
5214,66.42,0.009336728491016176,56.30418036157236
5215,66.42,0.009335526718140292,56.297040366754416
5216,66.42,0.009334116159277211,56.28865989416105
5217,66.42,0.009333462897777913,56.28477869633761
5218,66.42,0.009332568422555143,56.27946437151812
5219,66.42,0.009331724494572364,56.27445034803142
5220,66.42,0.009330801567984,56.26896695532857
5221,66.42,0.009329736627277707,56.262639792843636
5222,66.42,0.009328357186279286,56.254444049099696
5223,66.42,0.00933287331455452,56.28127582094855
5224,66.42,0.009337089699118216,56.30632637238951
5225,66.42,0.009336667313042885,56.303816890544
5226,66.42,0.009340275029557086,56.3252509622212
5227,66.42,0.009340774254755081,56.32821692670904
5228,66.42,0.00934136118327805,56.331703942524534
5229,66.42,0.0093421300963647,56.33627214159886
5230,66.42,0.009342551420370944,56.33877527015775
5231,66.42,0.009342756997275674,56.339996622140156
5232,66.42,0.009343216968022523,56.34272934930122
5233,66.42,0.00934377195247545,56.346026556048656
5234,66.42,0.009344035027569999,56.34758950407037
5235,66.42,0.009343927765480872,56.34695225245628
5236,66.42,0.00934399323538071,56.34734121376076
5237,66.42,0.009343209238624903,56.34268342829467
5238,66.42,0.009342788876501118,56.34018601958537
5239,66.42,0.00934258021419775,56.338946337074745
5240,66.42,0.009342631843594651,56.339253072288834
5241,66.42,0.009343142248887357,56.34228543653741
5242,66.42,0.009343684715702535,56.345508275830824
5243,66.42,0.009343641603450685,56.345252142652726
5244,66.42,0.009343125987732048,56.34218882761092
5245,66.42,0.009342229817915776,56.3368645977274
5246,66.42,0.009347233097668554,56.366589363931375
5247,66.42,0.009345484110919178,56.35619858892191
5248,66.42,0.009344512939318879,56.350428808744965
5249,66.42,0.009342985861073108,56.34135632283566
5250,66.42,0.009341951082826422,56.335208603040485
5251,66.42,0.009342424723479126,56.33802255145309
5252,66.42,0.009343766118522912,56.345991896103065
5253,66.42,0.009346533700115716,56.362434232090806
5254,66.42,0.009348782272514117,56.375793003225795
5255,66.42,0.009350356293393121,56.385144206405904
5256,66.42,0.009351984310119882,56.39481614797764
5257,66.42,0.009353609611675317,56.404471909132994
5258,66.42,0.009354715593046594,56.41104241029636
5259,66.42,0.009355520539236892,56.415824483491996
5260,66.42,0.00935563724455156,56.41651781249837
5261,66.42,0.009355236857802141,56.414139172993686
5262,66.42,0.009354867392427286,56.411944230205954
5263,66.42,0.009355644494568854,56.41656088376992
5264,66.42,0.009355330788543038,56.41469720214872
5265,66.42,0.009354457509699016,56.40950917049504
5266,66.42,0.009353066070663867,56.401242789481984
5267,66.42,0.00935115067476741,56.389863580757094
5268,66.42,0.009354934931350544,56.41234546981725
5269,66.42,0.009357088062110486,56.42513688354719
5270,66.42,0.009359762293024309,56.44102395046124
5271,66.42,0.009362202540339199,56.4555208505231
5272,66.42,0.009363380317964656,56.462517693251066
5273,66.42,0.009364825390125906,56.47110242131619
5274,66.42,0.009366191934950259,56.4792206065344
5275,66.42,0.00936749377627834,56.4869543772583
5276,66.42,0.009364052551555984,56.46651123059628
5277,66.42,0.009361523855578086,56.451488965049194
5278,66.42,0.00935823706056743,56.43196286831071
5279,66.42,0.009355152326076864,56.41363698190999
5280,66.42,0.00935392467653304,56.40634367357813
5281,66.42,0.009352597697304014,56.39846022843737
5282,66.42,0.009351327166196605,56.39091210464014
5283,66.42,0.009350219864355204,56.384333688092546
5284,66.42,0.00934952806013518,56.38022370730119
5285,66.42,0.009348889530165388,56.37643021867408
5286,66.42,0.009348579868152431,56.37459052258408
5287,66.42,0.009347478288799943,56.36804604611238
5288,66.42,0.009345567496590714,56.35669398663621
5289,66.42,0.00934426218080472,56.3489390366962
5290,66.42,0.00934722775546794,56.36655762586857
5291,66.42,0.009350255932540555,56.38454796747068
5292,66.42,0.009353555394745033,56.40414981233513
5293,66.42,0.009355832158202603,56.417675765087594
5294,66.42,0.009358510462202648,56.433587092590734
5295,66.42,0.009361865770255566,56.45352019020088
5296,66.42,0.009365163117901322,56.473108752212454
5297,66.42,0.00936835363391154,56.49206246445503
5298,66.42,0.009367293211210907,56.48576289446584
5299,66.42,0.00936686614042859,56.48322582257842
5300,66.42,0.00936714775629775,56.484898800217955
5301,66.42,0.009367222937931933,56.48534542675993
5302,66.42,0.009367497712883515,56.48697776316428
5303,66.42,0.00936746508071302,56.486783907577674
5304,66.42,0.009367402735748718,56.486413539279724
5305,66.42,0.009367588342605484,56.48751616052549
5306,66.42,0.009368584770491194,56.49343555660107
5307,66.42,0.009369405249928395,56.498309696368466
5308,66.42,0.00937120628284833,56.50900886727652
5309,66.42,0.009371742672808634,56.512195320198636
5310,66.42,0.009372278168189285,56.51537645342189
5311,66.42,0.009372165591595004,56.51470768779427
5312,66.42,0.0093719812807311,56.51361278143894
5313,66.42,0.009375288307975628,56.533258217201684
5314,66.42,0.009377358892184313,56.54555844322453
5315,66.42,0.009379434055973199,56.55788579311666
5316,66.42,0.009379921044599825,56.56077869962481
5317,66.42,0.00938125778408715,56.56871944193435
5318,66.42,0.009383253398653606,56.58057409089763
5319,66.42,0.00938518535208531,56.59205049904361
5320,66.42,0.00938791649997204,56.60827425259375
5321,66.42,0.009390625522278423,56.624366435575105
5322,66.42,0.009393081019446114,56.638952504653105
5323,66.42,0.009395198730645534,56.65153197674483
5324,66.42,0.009393340342095298,56.64049291848829
5325,66.42,0.00939195779810235,56.632280393704406
5326,66.42,0.009390984486816084,56.626498752809674
5327,66.42,0.009389952525910366,56.620368703349385
5328,66.42,0.009389399462527766,56.61708339052125
5329,66.42,0.009388777355545353,56.613387937308346
5330,66.42,0.009387524427234025,56.60594524363044
5331,66.42,0.009386220583709975,56.59820007005148
5332,66.42,0.009385006928112173,56.590990607734796
5333,66.42,0.009384238215072588,56.58642421748114
5334,66.42,0.009384107382566969,56.58564703132842
5335,66.42,0.009384285892274332,56.58670743494565
5336,66.42,0.009383654715723921,56.58295804569987
5337,66.42,0.009382871121564416,56.57830323699905
5338,66.42,0.009381875636597172,56.57238971009374
5339,66.42,0.009386583406062934,56.60035533350046
5340,66.42,0.00939102119953621,56.626716833173
5341,66.42,0.009394927736865004,56.649922244157736
5342,66.42,0.009399576649468284,56.67753710013215
5343,66.42,0.009403753347909955,56.702346625162484
5344,66.42,0.009408921259254207,56.733043485365684
5345,66.42,0.009413414313467833,56.75973135545844
5346,66.42,0.009411919078975504,56.75084999491473
5347,66.42,0.009411511929931376,56.74843161280128
5348,66.42,0.009411837636751541,56.75036624499822
5349,66.42,0.009412439364989065,56.753940382965276
5350,66.42,0.009413289659169531,56.75899093824036
5351,66.42,0.009416072420794074,56.77551981830437
5352,66.42,0.00941849905703096,56.78993328729124
5353,66.42,0.009421215998019513,56.806070945277064
5354,66.42,0.009423620149771354,56.82035063121479
5355,66.42,0.009426202055075434,56.835685980023435
5356,66.42,0.009429022575918865,56.85243845378093
5357,66.42,0.009431231065661409,56.865555666458015
5358,66.42,0.009433512705054235,56.879107251393854
5359,66.42,0.00943557471364105,56.89135427533216
5360,66.42,0.009437633283254237,56.903580794152866
5361,66.42,0.009439504484569409,56.914694402143105
5362,66.42,0.009441249878326827,56.92506074313556
5363,66.42,0.009443020937789499,56.93557946074813
5364,66.42,0.009443727417361629,56.93977538421372
5365,66.42,0.009444432718682306,56.9439643004419
5366,66.42,0.009445146984275163,56.94820644761853
5367,66.42,0.009448207306912346,56.966382125620996
5368,66.42,0.009451323082899699,56.98488696770458
5369,66.42,0.009453156464105076,56.99577547955298
5370,66.42,0.009455118438466036,57.00742764038005
5371,66.42,0.009456785615826432,57.01732894564668
5372,66.42,0.009458947802967396,57.030170017985974
5373,66.42,0.009461206928760539,57.043586707988894
5374,66.42,0.009463540346970344,57.057444511371855
5375,66.42,0.009465791813417251,57.07081551904513
5376,66.42,0.009468806298572935,57.088717792493405
5377,66.42,0.009471390409090195,57.10406404252413
5378,66.42,0.009473406490850116,57.11603685450547
5379,66.42,0.009475419210232185,57.12798962222263
5380,66.42,0.009477606494221377,57.140978975724046
5381,66.42,0.009479668664789767,57.15322525117582
5382,66.42,0.009481814691187269,57.16596942260501
5383,66.42,0.009484210488060078,57.18019675292793
5384,66.42,0.00948399392338048,57.178910697906296
5385,66.42,0.009483297579069154,57.17477549730581
5386,66.42,0.009482176732348335,57.16811939443185
5387,66.42,0.009482075952792456,57.167520917961454
5388,66.42,0.009481411761757694,57.1635766339819
5389,66.42,0.009484196044540727,57.18011098107132
5390,66.42,0.009487594736737574,57.200293775187426
5391,66.42,0.009490883320469703,57.21982249436176
5392,66.42,0.009488617052270422,57.20636465135451
5393,66.42,0.009485695213809434,57.18901367480349
5394,66.42,0.009483242289975826,57.17444716581753
5395,66.42,0.009481448157294597,57.1637927682992
5396,66.42,0.009480288670011716,57.156907159255255
5397,66.42,0.00948035995203434,57.157330467895875
5398,66.42,0.009479660562722834,57.153177136911104
5399,66.42,0.009478609236360111,57.146933806633726
5400,66.42,0.009477205171799789,57.138595698525826
5401,66.42,0.009475866373662498,57.13064514382161
5402,66.42,0.0094741277658211,57.12032023841792
5403,66.42,0.009471420985431682,57.10424562540739
5404,66.42,0.009468632442923902,57.08768531191827
5405,66.42,0.009466230281499784,57.07341948195454
5406,66.42,0.009463899550674911,57.05957775652434
5407,66.42,0.009461065585299728,57.0427472881377
5408,66.42,0.009458137127944757,57.02535548823053
5409,66.42,0.009455485830282127,57.009609571408134
5410,66.42,0.009452529170270806,56.99204996776105
5411,66.42,0.009454729231009906,57.00511614402844
5412,66.42,0.009456367581837525,57.01484626201283
5413,66.42,0.00945840623183535,57.02695367463527
5414,66.42,0.009460638283569923,57.040209598205514
5415,66.42,0.009462301917434583,57.0500896860877
5416,66.42,0.009464303509939175,57.06197679386658
5417,66.42,0.009466405931209334,57.0744626248926
5418,66.42,0.009464392649462545,57.06250617615126
5419,66.42,0.00946194138698809,57.04794855081763
5420,66.42,0.009459435948497399,57.03306906665422
5421,66.42,0.00945766611027556,57.02255814882369
5422,66.42,0.009456114531453967,57.01334340643124
5423,66.42,0.009454709251200637,57.004997484209795
5424,66.42,0.009453214140477848,56.99611802041985
5425,66.42,0.009451940467121696,56.988553640158216
5426,66.42,0.009451173411123481,56.98399805926457
5427,66.42,0.009450543703718815,56.980258189719166
5428,66.42,0.009449650759954964,56.974954931067856
5429,66.42,0.00944837995540512,56.96740750356851
5430,66.42,0.009447911509613617,56.96462535238067
5431,66.42,0.009447820575129797,56.96408528197999
5432,66.42,0.009447754164225539,56.96369085985206
5433,66.42,0.009446721288764063,56.95755648099908
5434,66.42,0.009445997474421522,56.9532576435152
5435,66.42,0.00944775738479086,56.9637099871681
5436,66.42,0.009448429796358463,56.96770351424092
5437,66.42,0.009448968719095823,56.97090423016622
5438,66.42,0.009450028521902954,56.977198488875814
5439,66.42,0.00945173091124916,56.98730907928081
5440,66.42,0.009453378595465188,56.99709472078083
5441,66.42,0.009455690143189,57.01082297967629
5442,66.42,0.00945807927057469,57.0250118777761
5443,66.42,0.009456004121163323,57.01268768398283
5444,66.42,0.009453910850211408,57.00025578532223
5445,66.42,0.009452065481154211,56.9892961032048
5446,66.42,0.009451210627768493,56.98421909088849
5447,66.42,0.009451804265868722,56.98774473545344
5448,66.42,0.009452794056983904,56.99362313664249
5449,66.42,0.009454107976248835,57.00142651684074
5450,66.42,0.009455431310968251,57.00928578269424
5451,66.42,0.009456772807787844,57.017252879374034
5452,66.42,0.009455911594107889,57.012138169200476
5453,66.42,0.009454675125844357,57.00479481416024
5454,66.42,0.0094534161713169,56.997317884193386
5455,66.42,0.009452477259535198,56.99174166843607
5456,66.42,0.009450943758350703,56.98263413871929
5457,66.42,0.009449735597894256,56.97545879047038
5458,66.42,0.009447893412241793,56.96451787001189
5459,66.42,0.009451769987529094,56.98754115496442
5460,66.42,0.009455703530964163,57.010902489246796
5461,66.42,0.0094593672919309,57.032661322276354
5462,66.42,0.009462818429854152,57.05315717021718
5463,66.42,0.009460071644312841,57.036844395349625
5464,66.42,0.009457732612362045,57.02295310009304
5465,66.42,0.00945564707652731,57.010567208120634
5466,66.42,0.009452488345558499,56.991807508645834
5467,66.42,0.009449871021263066,56.97626308056116
5468,66.42,0.009447662610540475,56.96314711167214
5469,66.42,0.009444784500292147,56.946053593604894
5470,66.42,0.009442849052235075,56.93455859664536
5471,66.42,0.009441320534482028,56.925480386948415
5472,66.42,0.009439572597831685,56.91509894534467
5473,66.42,0.009437453384964838,56.90251232250032
5474,66.42,0.00943541010752165,56.89037662226157
5475,66.42,0.009433760353585095,56.880578130914316
5476,66.42,0.009432113464162064,56.87079660188683
5477,66.42,0.009430577449115869,56.86167355373731
5478,66.42,0.00942904168273202,56.85255193812091
5479,66.42,0.009427510561263754,56.8434578665983
5480,66.42,0.00942590774128937,56.833937895688834
5481,66.42,0.009424529467244976,56.825751579714044
5482,66.42,0.009422685002841557,56.81479625080471
5483,66.42,0.009424939020364424,56.82818414122244
5484,66.42,0.009426929527990725,56.84000681720208
5485,66.42,0.009427423732457512,56.84294214696792
5486,66.42,0.009426618460539925,56.83815922825165
5487,66.42,0.009427715538628171,56.844675328939786
5488,66.42,0.009428315186170055,56.848236928885775
5489,66.42,0.00942982742704833,56.85721883682091
5490,66.42,0.009431598114049509,56.86773572282713
5491,66.42,0.00942863191469073,56.850118131702544
5492,66.42,0.00942579709541168,56.83328071121875
5493,66.42,0.009423964411746035,56.822395398761316
5494,66.42,0.009422369655571031,56.81292321661605
5495,66.42,0.009420720787725816,56.80312958355343
5496,66.42,0.009419168919757227,56.79391204526535
5497,66.42,0.009418792447421678,56.7916759279949
5498,66.42,0.009417662589013519,56.784964938397806
5499,66.42,0.009415772792662782,56.77374011215775
5500,66.42,0.009413479216339794,56.76011686313952
5501,66.42,0.009411287024803709,56.74709572096921
5502,66.42,0.009409532847185447,56.736676221323926
5503,66.42,0.009408410643532766,56.73001050303489
5504,66.42,0.009407482442607962,56.72449711341161
5505,66.42,0.00940529390606514,56.7114974342371
5506,66.42,0.009403329604700948,56.69982961192704
5507,66.42,0.0094050050171696,56.70978145754578
5508,66.42,0.009406928160458619,56.72120474368359
5509,66.42,0.00940931570237591,56.73538641617143
5510,66.42,0.009412080708310054,56.75181003926504
5511,66.42,0.009413527614244698,56.760404335175465
5512,66.42,0.009414513276841681,56.76625892681491
5513,66.42,0.009416113177654449,56.77576190236873
5514,66.42,0.009415753757590588,56.77362704916885
5515,66.42,0.009412558047578479,56.75464533154235
5516,66.42,0.009406970536285213,56.72145645123356
5517,66.42,0.009401300263158252,56.6877753789383
5518,66.42,0.009395652559834917,56.654227768489484
5519,66.42,0.009390248118385087,56.62212458246607
5520,66.42,0.009386343300995161,56.59892904437667
5521,66.42,0.009382511706959933,56.57616819140587
5522,66.42,0.009379545813639308,56.5585496785836
5523,66.42,0.00937689562421766,56.542806424655346
5524,66.42,0.00937427263002568,56.52722459182588
5525,66.42,0.00937163374421537,56.51154822456864
5526,66.42,0.00937060090866358,56.50541260341739
5527,66.42,0.009369069823641198,56.496317064651954
5528,66.42,0.009367431285322468,56.48658314171229
5529,66.42,0.009365688313541587,56.47622876447102
5530,66.42,0.009363533540893797,56.46342794528343
5531,66.42,0.009365752281402136,56.47660877585632
5532,66.42,0.009362744424132834,56.458740031646904
5533,66.42,0.009364842010921727,56.471201160109885
5534,66.42,0.009361745754087788,56.452807205971276
5535,66.42,0.009358286559904621,56.43225693404942
5536,66.42,0.009355725315778897,56.41704103045896
5537,66.42,0.009353006659964849,56.40088983646672
5538,66.42,0.009350258560886235,56.38456358234672
5539,66.42,0.00934826881755494,56.372742575122956
5540,66.42,0.009347295295987467,56.36695888467466
5541,66.42,0.009346378037475917,56.36150943665156
5542,66.42,0.009345952990662041,56.35898422111475
5543,66.42,0.009346017865037777,56.35936964189586
5544,66.42,0.009345896418042812,56.358648121275
5545,66.42,0.009345705450994616,56.35751357915311
5546,66.42,0.009345158959750317,56.35426685116496
5547,66.42,0.009344679817249488,56.3514202403338
5548,66.42,0.00934426580531142,56.3489605701261
5549,66.42,0.009343366881909891,56.3436200001934
5550,66.42,0.009342230575236464,56.33686909704784
5551,66.42,0.009340906994054227,56.329005548066434
5552,66.42,0.009338891809760847,56.31703304164222
5553,66.42,0.009336200900203036,56.30104583280705
5554,66.42,0.00933274208602595,56.28049615543282
5555,66.42,0.009334289277742302,56.28968843499972
5556,66.42,0.009335875250149266,56.299111074249474
5557,66.42,0.00933699151278278,56.305743027639046
5558,66.42,0.009337946237536244,56.31141523156579
5559,66.42,0.009339362883086748,56.319831764436124
5560,66.42,0.00934084156691801,56.32861683702301
5561,66.42,0.00933753141984506,56.308950721751906
5562,66.42,0.009334112655622014,56.288639078048455
5563,66.42,0.009333665240005534,56.28598086541575
5564,66.42,0.009333027099344866,56.2821894991331
5565,66.42,0.009331805096122069,56.27492922604023
5566,66.42,0.009330602108353299,56.26778190178056
5567,66.42,0.0093291144382493,56.25894315360641
5568,66.42,0.009328152819391798,56.25322983055481
5569,66.42,0.009326448100374146,56.24310143974605
5570,66.42,0.0093248201467828,56.2334290907729
5571,66.42,0.009323287606325711,56.22432358530327
5572,66.42,0.009321069094540757,56.21114234031004
5573,66.42,0.009318445931283066,56.195556746856255
5574,66.42,0.00931519832107351,56.17626080597016
5575,66.42,0.009311741533520544,56.15572180270427
5576,66.42,0.009308184356181729,56.134586084164454
5577,66.42,0.009304359558809741,56.11185997905754
5578,66.42,0.009304979690430313,56.11554468351776
5579,66.42,0.009305637396241644,56.11945263878139
5580,66.42,0.009306774003797785,56.126206112415744
5581,66.42,0.009307758006446955,56.13205282141123
5582,66.42,0.009307720755763001,56.13183148706574
5583,66.42,0.009306871126033695,56.12678319038258
5584,66.42,0.00930583045786407,56.120599770452905
5585,66.42,0.009306144766441064,56.122467324599455
5586,66.42,0.00930581474759163,56.12050642333505
5587,66.42,0.009300944504329618,56.09156824340636
5588,66.42,0.009295856798130104,56.06133745778211
5589,66.42,0.00929173276654934,56.03683240007922
5590,66.42,0.009288314705198506,56.01652198543486
5591,66.42,0.009285211519024112,55.998082395683824
5592,66.42,0.009282045903890503,55.97927165704307
5593,66.42,0.009278622626894419,55.95892962608949
5594,66.42,0.009275845379482776,55.94242631425386
5595,66.42,0.009273756806675153,55.93001523633031
5596,66.42,0.009272071417929436,55.91999996846842
5597,66.42,0.009270388840038866,55.91000135050594
5598,66.42,0.00926865705342684,55.89971025700816
5599,66.42,0.009266415344033068,55.88638887778621
5600,66.42,0.009263519557537007,55.869180499152726
5601,66.42,0.009260016066253362,55.848360588618675
5602,66.42,0.00925678842018074,55.82917971627149
5603,66.42,0.00925897296366951,55.842161783727725
5604,66.42,0.009257379946845789,55.83269498547443
5605,66.42,0.009255006541624913,55.818590495643704
5606,66.42,0.009257758543541262,55.83494487096075
5607,66.42,0.009254915647432747,55.8180503345271
5608,66.42,0.009257316716858721,55.83231922855029
5609,66.42,0.009258968737146846,55.84213666689528
5610,66.42,0.009259664559732757,55.84627170686777
5611,66.42,0.009255970687236853,55.82432015875426
5612,66.42,0.009253044314291048,55.806929442007515
5613,66.42,0.009250737037331248,55.79321774718559
5614,66.42,0.009248158262566527,55.77789247548196
5615,66.42,0.009245638285186939,55.76291650684595
5616,66.42,0.009243192879082268,55.74838359336813
5617,66.42,0.009240777632939233,55.734029808342136
5618,66.42,0.00923799540280986,55.71749490479444
5619,66.42,0.009235968786416818,55.70545055176307
5620,66.42,0.009233971574722557,55.693580877679494
5621,66.42,0.00923189112435486,55.68121642607047
5622,66.42,0.00922986463734594,55.669172609027505
5623,66.42,0.009227761942359271,55.65667579099718
5624,66.42,0.009225563644173738,55.64361069131504
5625,66.42,0.009222708437665181,55.62664126625372
5626,66.42,0.0092240433341498,55.6345750112756
5627,66.42,0.009226050825436247,55.64650615338459
5628,66.42,0.009227828324744608,55.6570703186256
5629,66.42,0.009229644952649283,55.66786697435142
5630,66.42,0.009231443419819563,55.678555635253005
5631,66.42,0.009233073903642038,55.68824588386798
5632,66.42,0.009234939560184457,55.69933374339669
5633,66.42,0.009236304438632416,55.70744536667965
5634,66.42,0.009238044500453778,55.71778669529493
5635,66.42,0.009240100422867941,55.730005135563346
5636,66.42,0.00924324366084216,55.74868538770864
5637,66.42,0.009242223076938302,55.74262008158103
5638,66.42,0.009241638909912968,55.73914838186762
5639,66.42,0.009241726651475114,55.73966982964286
5640,66.42,0.009242446047184754,55.74394519018401
5641,66.42,0.009243480005639156,55.750089976479245
5642,66.42,0.009244127805939929,55.753939825365606
5643,66.42,0.009244507688707026,55.75619744837835
5644,66.42,0.009244614259293935,55.75683079120118
5645,66.42,0.009244456488972421,55.75589317124627
5646,66.42,0.009244329335009436,55.755137502209685
5647,66.42,0.00924445971720413,55.7559123564465
5648,66.42,0.009244988433594187,55.7590544856926
5649,66.42,0.00924430201591179,55.75497514626918
5650,66.42,0.00924665862136515,55.76898027512882
5651,66.42,0.009245758895451015,55.763633284072924
5652,66.42,0.00924453714020149,55.75637247692479
5653,66.42,0.009243965265068294,55.75297385280922
5654,66.42,0.009243765568780322,55.751787066725456
5655,66.42,0.009242865136218465,55.74643582706453
5656,66.42,0.009242399944151514,55.74367120067273
5657,66.42,0.009242731720438968,55.745642940389516
5658,66.42,0.0092436842491813,55.75130378778018
5659,66.42,0.009244335403594005,55.75517356748227
5660,66.42,0.00924515479534784,55.760043162355146
5661,66.42,0.009242075614134168,55.7417437119839
5662,66.42,0.009238607886598691,55.72113493265539
5663,66.42,0.009235431602714688,55.7022580105135
5664,66.42,0.009231696196924965,55.6800579367836
5665,66.42,0.009227499707789459,55.65511726253733
5666,66.42,0.009222989623559986,55.628312452703874
5667,66.42,0.00921806340773052,55.59903400778645
5668,66.42,0.00921327817547388,55.570593046278674
5669,66.42,0.009209156978911595,55.54609842605785
5670,66.42,0.009204928431202939,55.52096542429427
5671,66.42,0.009201266293389031,55.49919869179381
5672,66.42,0.009197111374820282,55.4745027011507
5673,66.42,0.00919379040700004,55.45476331027537
5674,66.42,0.009191141148689682,55.4390163224001
5675,66.42,0.009188535913234734,55.42353087407265
5676,66.42,0.00919076599498388,55.43678642690725
5677,66.42,0.009192762098842419,55.44865114128115
5678,66.42,0.009195015864275317,55.46204728945915
5679,66.42,0.009197330569367765,55.4758055570696
5680,66.42,0.00919950811431985,55.48874847279727
5681,66.42,0.009201169907312496,55.49862579624887
5682,66.42,0.009204933065354191,55.52099296824531
5683,66.42,0.009202131200878802,55.5043394850576
5684,66.42,0.00919923413874865,55.48712001868383
5685,66.42,0.009196415179695458,55.470364627165495
5686,66.42,0.009193911859025149,55.45548520861326
5687,66.42,0.009191701101452327,55.442344649622555
5688,66.42,0.00918894189165475,55.42594400711221
5689,66.42,0.009185904584030796,55.4078901954431
5690,66.42,0.009182860269013838,55.389794557332706
5691,66.42,0.009179578420865583,55.37028680883482
5692,66.42,0.009176895465040014,55.354338806438584
5693,66.42,0.009174221120424904,55.338441855782484
5694,66.42,0.009171580524870666,55.32274538551326
5695,66.42,0.009168650664280955,55.305329285771
5696,66.42,0.009165340359913439,55.285651502708546
5697,66.42,0.00916152210992221,55.26295402980733
5698,66.42,0.009157788134252344,55.240757257470285
5699,66.42,0.00916058630902582,55.25739114745636
5700,66.42,0.00916361647787169,55.275403971465245
5701,66.42,0.009166426372272189,55.29210722053498
5702,66.42,0.009169365950417408,55.30958120767258
5703,66.42,0.009172548562537198,55.32849969904162
5704,66.42,0.009175281327369795,55.34474399818345
5705,66.42,0.009177609304247634,55.358582016410374
5706,66.42,0.009179444766525605,55.36949234509297
5707,66.42,0.009181437311722761,55.38133633198393
5708,66.42,0.009179203088805541,55.36805577146568
5709,66.42,0.009177363332210343,55.357119908114086
5710,66.42,0.00917569717421304,55.34721589285123
5711,66.42,0.00917510743388551,55.34371033209891
5712,66.42,0.009174592832759593,55.340651411786844
5713,66.42,0.009174390383754559,55.33944800191062
5714,66.42,0.009174178012218164,55.33818560908104
5715,66.42,0.009174010271789658,55.33718851481265
5716,66.42,0.009174250446151513,55.33861617571867
5717,66.42,0.009174984878529392,55.34298183226394
5718,66.42,0.009175681622053379,55.34712344709439
5719,66.42,0.009176293415675586,55.35076009128007
5720,66.42,0.009176737660530745,55.35340078204183
5721,66.42,0.00917723083939031,55.35633234311413
5722,66.42,0.009177476124918711,55.35779037127438
5723,66.42,0.009177466462222447,55.35773293422096
5724,66.42,0.009177009294758598,55.35501543480393
5725,66.42,0.009176926186828926,55.354521423393166
5726,66.42,0.009180751452014116,55.37725948765876
5727,66.42,0.009181418625953244,55.381225261320466
5728,66.42,0.009182869621713661,55.389850150753304
5729,66.42,0.009185767529598909,55.407075537313865
5730,66.42,0.009188480807604992,55.423203326335155
5731,66.42,0.009186525598785033,55.411581532551104
5732,66.42,0.009184341812469165,55.39860098519821
5733,66.42,0.009182819558579448,55.38955257025682
5734,66.42,0.009179042160704108,55.36709918674686
5735,66.42,0.00917578232502818,55.34772204958234
5736,66.42,0.00917276356183141,55.32977771855568
5737,66.42,0.009169793209111946,55.31212098472057
5738,66.42,0.009166866328203831,55.29472249876864
5739,66.42,0.009163853764780983,55.27681451504387
5740,66.42,0.009160846225646696,55.25893622733077
5741,66.42,0.009157620430801417,55.23976033122787
5742,66.42,0.009154676332299215,55.22225882178988
5743,66.42,0.00915173714390125,55.20478633811076
5744,66.42,0.00914900979482375,55.18857302216477
5745,66.42,0.009145498226982499,55.16769754194376
5746,66.42,0.009145128916970486,55.165502063567914
5747,66.42,0.009144976440279298,55.164595617643855
5748,66.42,0.009144741853615478,55.16320104215813
5749,66.42,0.009145031292951843,55.16492170675791
5750,66.42,0.00914463392988352,55.16255945465204
5751,66.42,0.009143570644849018,55.156238401374715
5752,66.42,0.009142651409288978,55.15077368117806
5753,66.42,0.009141733706810259,55.145318059044435
5754,66.42,0.009141050993619454,55.141259407437204
5755,66.42,0.00913606435189998,55.11161412810078
5756,66.42,0.009131290323076769,55.08323238043394
5757,66.42,0.009126819415053396,55.056652305830866
5758,66.42,0.009122626468078302,55.03172440015926
5759,66.42,0.00911860330279877,55.007805569109
5760,66.42,0.009118606556983957,55.00782491626383
5761,66.42,0.009120423776822439,55.01862882879737
5762,66.42,0.009121764780738605,55.02660145610629
5763,66.42,0.009119941115126148,55.01575926749728
5764,66.42,0.009118936422629668,55.00978607027955
5765,66.42,0.009117534957828714,55.00145391133788
5766,66.42,0.009116099508962609,54.99291966783465
5767,66.42,0.009113594593137871,54.978026977756414
5768,66.42,0.0091107496087231,54.961112305437375
5769,66.42,0.009107384801994668,54.941106866042425
5770,66.42,0.009106313416067862,54.934736902287696
5771,66.42,0.009108345968312366,54.94682149672092
5772,66.42,0.00910905542014089,54.95103954345906
5773,66.42,0.009109656427733594,54.954612827436456
5774,66.42,0.009110615381822531,54.960314264243785
5775,66.42,0.009111729913522893,54.96694066195531
5776,66.42,0.009112986752404333,54.97441311248241
5777,66.42,0.009113654585676293,54.978383657902874
5778,66.42,0.009113821392416779,54.97937539175527
5779,66.42,0.009113784270098792,54.979154684535914
5780,66.42,0.009110954163915755,54.96232848030077
5781,66.42,0.009109377773637836,54.952956093446616
5782,66.42,0.009108580202822679,54.9482141393451
5783,66.42,0.009108152052666237,54.94566856935269
5784,66.42,0.009107798085376812,54.94356405154874
5785,66.42,0.009106661239928166,54.93680490399293
5786,66.42,0.009105673046031814,54.93092954876359
5787,66.42,0.009103922729136914,54.920522908743976
5788,66.42,0.009101878509359784,54.908368774071214
5789,66.42,0.00909968848217356,54.89534763795877
5790,66.42,0.009097619731781493,54.883047488260736
5791,66.42,0.009096263692768173,54.87498485612925
5792,66.42,0.009094160288851964,54.862478530864855
5793,66.42,0.009096357675623336,54.875543653255185
5794,66.42,0.00909754458135014,54.8826006655317
5795,66.42,0.009097895776199735,54.88468876761786
5796,66.42,0.009098056576337296,54.88564483753363
5797,66.42,0.009099206475523059,54.892481782768286
5798,66.42,0.00910012739183266,54.89795724860985
5799,66.42,0.009101059232249933,54.903497649340174
5800,66.42,0.009101935899413147,54.90870999405225
5801,66.42,0.009104158747360588,54.92192617611396
5802,66.42,0.009105067250360043,54.927327751817
5803,66.42,0.00910291942846131,54.914557683502316
5804,66.42,0.009104011322870576,54.92104965080119
5805,66.42,0.009100528082940398,54.900339621313755
5806,66.42,0.00909640807452791,54.875843311703896
5807,66.42,0.009092961690687152,54.855351922022564
5808,66.42,0.009088978167889112,54.83166655125933
5809,66.42,0.009085313469395668,54.80987659322854
5810,66.42,0.00908128917010957,54.78594819060809
5811,66.42,0.009077634568428876,54.76421773808
5812,66.42,0.009073654615685047,54.74055244481488
5813,66.42,0.00906973397491237,54.717239536011256
5814,66.42,0.009065823788529765,54.693988502546475
5815,66.42,0.009062072873831064,54.67168427110987
5816,66.42,0.009059548472184457,54.656673159677815
5817,66.42,0.009060895407549875,54.664682596139
5818,66.42,0.009061277369722329,54.66695389545091
5819,66.42,0.009061904816478884,54.670684937971494
5820,66.42,0.009062869144510518,54.67641919315105
5821,66.42,0.009064068693398104,54.68355213506302
5822,66.42,0.009065166704811714,54.69008127547227
5823,66.42,0.00906625162732661,54.69653256262641
5824,66.42,0.00906733474043104,54.70297306833398
5825,66.42,0.009068526841693673,54.71006162378714
5826,66.42,0.009068828857330144,54.711857485921364
5827,66.42,0.009068053757404044,54.70724854028074
5828,66.42,0.009067412862085839,54.703437601572155
5829,66.42,0.009067480995178291,54.703842739927325
5830,66.42,0.009063657460390357,54.68110680121933
5831,66.42,0.009061685617947736,54.66938149907011
5832,66.42,0.009059460096960808,54.656147642740024
5833,65.6,0.009058338884455758,56.227232979329486
5834,65.6,0.009060153193859482,56.23833312233516
5835,65.6,0.00906264844322739,56.25359922611921
5836,65.6,0.009064794088326273,56.266726330879266
5837,65.6,0.009066967044290159,56.28002043313845
5838,65.6,0.009069219869138898,56.29380307501059
5839,65.6,0.009070928187266673,56.30425439312775
5840,65.6,0.00907245012213106,56.31356538956149
5841,65.6,0.009073586533696526,56.32051777609587
5842,65.6,0.00907414116609665,56.32391092045811
5843,65.6,0.009074243276069956,56.32453561082883
5844,65.6,0.009079347887666546,56.355764444761206
5845,65.6,0.009083601568362775,56.381787094191296
5846,65.6,0.009086799102815216,56.40134834984632
5847,65.6,0.009090468951680393,56.42379879461819
5848,65.6,0.009093820106619481,56.44429938866836
5849,65.6,0.009097369315100613,56.46601133215147
5850,65.6,0.009096289681228893,56.45940680103026
5851,65.6,0.00909545398178993,56.45429449411803
5852,65.6,0.009094811429567381,56.4503637365863
5853,65.6,0.009093709152832764,56.443620635551405
5854,65.6,0.009092182511478851,56.43428147465242
5855,65.6,0.009090994479663574,56.42701371135072
5856,65.6,0.00908980662204583,56.41974698633967
5857,65.6,0.009090009408282508,56.42098753410928
5858,65.6,0.009090079475640842,56.421416172013615
5859,65.6,0.009090584418326997,56.424505162133
5860,65.6,0.00909037774900065,56.42324086180186
5861,65.6,0.009089614172748192,56.41856967420848
5862,65.6,0.009088512147159692,56.411827998496335
5863,65.6,0.009087773411189184,56.40730874510519
5864,65.6,0.009087332548698538,56.40461174223841
5865,65.6,0.009086578287853607,56.399997497305066
5866,65.6,0.009089093138403557,56.415382233382246
5867,65.6,0.009088929397433027,56.414380542752575
5868,65.6,0.009089602501649547,56.41849827602395
5869,65.6,0.009090847125924024,56.4261122755868
5870,65.6,0.00909168216900558,56.43122064189027
5871,65.6,0.009092322920435466,56.43514042211557
5872,65.6,0.009093155502218639,56.44023370765158
5873,65.6,0.009094748903908587,56.4499812408603
5874,65.6,0.009093646964519364,56.4432402021801
5875,65.6,0.009093815112301843,56.44426883623572
5876,65.6,0.009096511577693901,56.46076422796843
5877,65.6,0.009095110334009272,56.45219225959941
5878,65.6,0.00909349926096533,56.44233663402344
5879,65.6,0.009090325609207528,56.422921896303144
5880,65.6,0.009087168790092323,56.40360993813178
5881,65.6,0.009083384096289338,56.38045667855024
5882,65.6,0.00908029179894269,56.36153902043374
5883,65.6,0.0090775276776086,56.34462887828677
5884,65.6,0.00907533928645401,56.33124079163532
5885,65.6,0.009071730245762017,56.30916128663821
5886,65.6,0.00906864067126445,56.29025958794889
5887,65.6,0.009063575822570172,56.2592729646582
5888,65.6,0.009060508559172654,56.240507278641736
5889,65.6,0.009060377871778004,56.239707721927644
5890,65.6,0.009060566203444639,56.24085995114745
5891,65.6,0.009058870412254241,56.23048493104007
5892,65.6,0.00906172231390926,56.2479331186303
5893,65.6,0.009064070694011406,56.26230059823805
5894,65.6,0.009065663773841208,56.27204706090795
5895,65.6,0.009067280616439646,56.28193885388117
5896,65.6,0.009068452052264793,56.28910563033331
5897,65.6,0.009069330358786968,56.2944790412524
5898,65.6,0.00907008055706721,56.2990686840768
5899,65.6,0.009070449100645452,56.30132339517792
5900,65.6,0.009071302131820889,56.306542140669734
5901,65.6,0.009068467220551983,56.289198428860296
5902,65.6,0.009066051504192419,56.27441918781627
5903,65.6,0.009061377438176945,56.24582314665618
5904,65.6,0.00905712722251109,56.219819863721746
5905,65.6,0.009053001218339136,56.19457618515816
5906,65.6,0.009048297460975895,56.165797299933594
5907,65.6,0.009043743555530209,56.13793484129892
5908,65.6,0.009039486656815022,56.11188921475561
5909,65.6,0.009035344215777735,56.086543554529236
5910,65.6,0.00903116200302721,56.06095421217853
5911,65.6,0.009027055347761333,56.03582684676911
5912,65.6,0.009023228839607142,56.012413321332446
5913,65.6,0.009020183923042971,55.99378197260627
5914,65.6,0.00901775887851572,55.978943391317294
5915,65.6,0.009016026738302934,55.968344545643575
5916,65.6,0.0090137135549,55.954190246291645
5917,65.6,0.009016221261015062,55.96953481951109
5918,65.6,0.009018899565364752,55.98592314315215
5919,65.6,0.009021638742976457,56.002683801359595
5920,65.6,0.009024373352246581,56.01941636134173
5921,65.6,0.00902649745965615,56.03241327513946
5922,65.6,0.009028958912497867,56.0474742168613
5923,65.6,0.009025781507484525,56.02803254191976
5924,65.6,0.009023278767939139,56.01271882316885
5925,65.6,0.009021135733078755,55.99960596257495
5926,65.6,0.009017793939513599,55.97915792652765
5927,65.6,0.00901481752428798,55.960945414567355
5928,65.6,0.0090117471722612,55.94215792872661
5929,65.6,0.009008724176113859,55.92366003490062
5930,65.6,0.009005764143208186,55.905547245153784
5931,65.6,0.009003076567449373,55.88910150555261
5932,65.6,0.009000466296295513,55.873128672044416
5933,65.6,0.00899778074504358,55.85669504482983
5934,65.6,0.008994817868878305,55.83856422783359
5935,65.6,0.0089918949965198,55.820678040480864
5936,65.6,0.008988953219062033,55.80267599817711
5937,65.6,0.008989999959877912,55.80908148918249
5938,65.6,0.008990834932965222,55.81419106030857
5939,65.6,0.00899133374049222,55.81724347862996
5940,65.6,0.008991783002552075,55.81999270274498
5941,65.6,0.008991864766316046,55.82049304929667
5942,65.6,0.008992761235952246,55.82597891215252
5943,65.6,0.008993771341064827,55.83216013809606
5944,65.6,0.008994221630962059,55.83491563068568
5945,65.6,0.008994813266254375,55.83853606272644
5946,65.6,0.008995143105158865,55.84055446428153
5947,65.6,0.008994393390065294,55.83596668795449
5948,65.6,0.008995544432419194,55.84301032566298
5949,65.6,0.00899716730020938,55.852941187432506
5950,65.6,0.00899447174460209,55.83644616805914
5951,65.6,0.008992618962121005,55.82510828166859
5952,65.6,0.00899113310065457,55.81601567753661
5953,65.6,0.008989361971886028,55.80517734822035
5954,65.6,0.008985522382890045,55.78168097642242
5955,65.6,0.008982294841599485,55.761929810429734
5956,65.6,0.00897884292482184,55.74080533922052
5957,65.6,0.008974842811613115,55.71632581673527
5958,65.6,0.00897055425902146,55.69008078482788
5959,65.6,0.008966601495350491,55.66589039388261
5960,65.6,0.008963144271861139,55.64473239482083
5961,65.6,0.008964234066750754,55.651401898787114
5962,65.6,0.008965284882800515,55.65783283189176
5963,65.6,0.008966108877809827,55.66287561843656
5964,65.6,0.008966642241723083,55.66613975784068
5965,65.6,0.008967845937924422,55.67350625056006
5966,65.6,0.008969816118712445,55.685563486766355
5967,65.6,0.00897101452158992,55.69289751117874
5968,65.6,0.008971337250358067,55.69487255229563
5969,65.6,0.00897169840913995,55.69708277568179
5970,65.6,0.008972430339782006,55.70156204491323
5971,65.6,0.0089751823059985,55.71840343509897
5972,65.6,0.008973767056298428,55.70974245598958
5973,65.6,0.00897272732663318,55.703379542116785
5974,65.6,0.008971034879378788,55.693022097188106
5975,65.6,0.008969264745074142,55.68218916331078
5976,65.6,0.008968288507094588,55.67621471973965
5977,65.6,0.008967701210509433,55.672620535661096
5978,65.6,0.008968311304635308,55.67635423779701
5979,65.6,0.008966698167513429,55.66648201835163
5980,65.6,0.008965072534140334,55.656533272169625
5981,65.6,0.008967451403074958,55.67109174234325
5982,65.6,0.00897086140007979,55.69196043479657
5983,65.6,0.008972674946211361,55.7030589850521
5984,65.6,0.00897342367141491,55.707641019336776
5985,65.6,0.008974197893919246,55.71237908008171
5986,65.6,0.008974802268786731,55.7160777049108
5987,65.6,0.008975274046630502,55.718964863799044
5988,65.6,0.008975406597799426,55.71977604203472
5989,65.6,0.008979679566602785,55.74592530288483
5990,65.6,0.008983578014387386,55.7697823007789
5991,65.6,0.008987152454565113,55.791656237916186
5992,65.6,0.008990986480677348,55.81511844661014
5993,65.6,0.008994512092411604,55.83669307103477
5994,65.6,0.008998682328315327,55.8622120965981
5995,65.6,0.008999562260764869,55.86759664544837
5996,65.6,0.00900000934117914,55.87033244780317
5997,65.6,0.00899863693231428,55.861934305565555
5998,65.6,0.008998840263835165,55.863178548619885
5999,65.6,0.00899954031357542,55.86746234473804
6000,65.6,0.008999827325984271,55.869218649538595
6001,65.6,0.009000162911945928,55.87127218672266
6002,65.6,0.009000546171304984,55.87361744706788
6003,65.6,0.00900094544859847,55.876060722149454
6004,65.6,0.009000932471527334,55.87598131233666
6005,65.6,0.00900139776698713,55.87882856488522
6006,65.6,0.009002340067242185,55.88459470930106
6007,65.6,0.009004466911205048,55.897609276281635
6008,65.6,0.009006128179641627,55.90777483610244
6009,65.6,0.009007183259362403,55.914231005139456
6010,65.6,0.009007661868260635,55.91715966766401
6011,65.6,0.009007078699806737,55.91359119268211
6012,65.6,0.009006341458550194,55.90907991902249
6013,65.6,0.009005423285809595,55.903461487700945
6014,65.6,0.00900445843872377,55.89755743171438
6015,65.6,0.009003253969159535,55.89018706153279
6016,65.6,0.009001974913412134,55.88236025400851
6017,65.6,0.009000601147754353,55.8739538615455
6018,65.6,0.008999383185102058,55.866500833396294
6019,65.6,0.008998080836230233,55.85853139233337
6020,65.6,0.008996432419630983,55.84844421780005
6021,65.6,0.008994786752225528,55.83837381386327
6022,65.6,0.008993143829428821,55.8283201527282
6023,65.6,0.008991272780158948,55.81687043632615
6024,65.6,0.00898946516974817,55.80580886377774
6025,65.6,0.008987689307460973,55.794941510404094
6026,65.6,0.008985676007242729,55.782621086418416
6027,65.6,0.00898364504498336,55.77019249961302
6028,65.6,0.00898127306332779,55.75567692429839
6029,65.6,0.008978950167730631,55.74146163017271
6030,65.6,0.008975998883171746,55.723400668322554
6031,65.6,0.008973046834374193,55.70533486052932
6032,65.6,0.008969793867152567,55.685427310692205
6033,65.6,0.008966522559357131,55.66540731295488
6034,65.6,0.008963541533890245,55.647163626250126
6035,65.6,0.008960303930672004,55.62734950468804
6036,65.6,0.008957070505938027,55.60756075246965
6037,65.6,0.008954055625178406,55.589109319670925
6038,65.6,0.00895158449440054,55.573985570639714
6039,65.6,0.008948875429710111,55.55740548865291
6040,65.6,0.008946187906868438,55.54095710690311
6041,65.6,0.008944327284103649,55.5295694998167
6042,65.6,0.008942772911121626,55.520056187965835
6043,65.6,0.0089409541777395,55.50892483754607
6044,65.6,0.008939566051301718,55.5004289246758
6045,65.6,0.00893813751681967,55.49168565868271
6046,65.6,0.008936785995523734,55.48341371116873
6047,65.6,0.008935436728265984,55.47515552407809
6048,65.6,0.008934433687043778,55.46901638973664
6049,65.6,0.008933093244307997,55.460812152046145
6050,65.6,0.00893107933400424,55.44848586146427
6051,65.6,0.008929465625948563,55.43860898226672
6052,65.6,0.008928096659870672,55.430230033884385
6053,65.6,0.008926476548457468,55.42031386836223
6054,65.6,0.008925276255615197,55.41296724046174
6055,65.6,0.008923741593592528,55.40357399965058
6056,65.6,0.00892222081941021,55.39426571737833
6057,65.6,0.008920247015971257,55.38218448826092
6058,65.6,0.008918218288178143,55.36976700012444
6059,65.6,0.008916194081040428,55.35737710253158
6060,65.6,0.008913841150424595,55.34297503314761
6061,65.6,0.008911485373771007,55.32855543580442
6062,65.6,0.008909716944409368,55.317730892657615
6063,65.6,0.008908906175138072,55.312768159607316
6064,65.6,0.00890767302285347,55.3052199882061
6065,65.6,0.00890579126795349,55.29370163898785
6066,65.6,0.008904911971452578,55.2883193819832
6067,65.6,0.008903325068143052,55.27860575883711
6068,65.6,0.008901852595602958,55.26959253627584
6069,65.6,0.008899726972436045,55.2565812077539
6070,65.6,0.008897620244680236,55.243685454984735
6071,65.6,0.008895126231597144,55.22841893058741
6072,65.6,0.00889079561877719,55.201909798795
6073,65.6,0.00888587062272892,55.171761805820694
6074,65.6,0.008880934438879507,55.141544855213766
6075,65.6,0.008875770746645171,55.1099347012732
6076,65.6,0.008870645833946535,55.07856142916619
6077,65.6,0.008865558801538274,55.04741954539229
6078,65.6,0.00886050362064169,55.01647215318823
6079,65.6,0.008855685745245992,54.98697706365944
6080,65.6,0.008850922948747885,54.95781872492923
6081,65.6,0.008846480043335027,54.93061839595623
6082,65.6,0.008842284581506753,54.90493261286714
6083,65.6,0.008838101560991202,54.879322658787544
6084,65.6,0.008833999352144349,54.854207132884184
6085,65.6,0.00883016729356166,54.83074529054347
6086,65.6,0.008826082727371539,54.80573715231502
6087,65.6,0.008821796611403981,54.77949465848785
6088,65.6,0.008817543308638228,54.753452716664
6089,65.6,0.008813297099439461,54.72745385669958
6090,65.6,0.008808998565090235,54.70113426166222
6091,65.6,0.00880470719974426,54.67485820404303
6092,65.6,0.00880036213501743,54.64825298048452
6093,65.6,0.008795983815779574,54.621443765776725
6094,65.6,0.008791612798608494,54.594678891634416
6095,65.6,0.008787472200927992,54.56932459377087
6096,65.6,0.008783095635151937,54.54252502054434
6097,65.6,0.00877891285578493,54.51691173631655
6098,65.6,0.008774481461610714,54.48977568663913
6099,65.6,0.008770057458020512,54.462684513520934
6100,65.6,0.008765351072956442,54.433863709991016
6101,65.6,0.008760703896938709,54.405405066795566
6102,65.6,0.00875578830214316,54.375302208867495
6103,65.6,0.00875074854326951,54.34443848913614
6104,65.6,0.008745383993681266,54.311585193872425
6105,65.6,0.008740337051725446,54.28067646449416
6106,65.6,0.008735598595962681,54.25165653112941
6107,65.6,0.008730971761812164,54.223319786138404
6108,65.6,0.008726638703495831,54.19678187513093
6109,65.6,0.008722538033636937,54.17166689649415
6110,65.6,0.00871834479374311,54.14598462531443
6111,65.6,0.008713974319586905,54.119216486724184
6112,65.6,0.008709291555197346,54.0905352313026
6113,65.6,0.008704634572234344,54.06201146097145
6114,65.6,0.008699724750586817,54.03193861109329
6115,65.6,0.008694768998926187,54.00158396323285
6116,65.6,0.008689550934546264,53.96962209893742
6117,65.6,0.008684308129907892,53.93750816207816
6118,65.6,0.008679040564493706,53.9052420194037
6119,65.6,0.008673781784211965,53.873029151817754
6120,65.6,0.008668531774411013,53.84086947224789
6121,65.6,0.0086633037795362,53.808844116114955
6122,65.6,0.008658047919333701,53.77664752886593
6123,65.6,0.00865305051629218,53.74603371247774
6124,65.6,0.008648061447812102,53.715470469143675
6125,65.6,0.008643115234501664,53.6851692809759
6126,65.6,0.008638177270379535,53.65491815431014
6127,65.6,0.008633501311516238,53.62627169658396
6128,65.6,0.008628849253577608,53.59777124216368
6129,65.6,0.008624210114796886,53.56934951713601
6130,65.6,0.008619918616533115,53.543057242459405
6131,65.6,0.00861564253466741,53.51685906186424
6132,65.6,0.008611422494206305,53.49100388059262
6133,65.6,0.008607455824711834,53.46670072726209
6134,65.6,0.008603265319814212,53.44102583786169
6135,65.6,0.008599063606637578,53.41528193359581
6136,65.6,0.008594911249920394,53.389840099370346
6137,65.6,0.008590712917519923,53.36411622764039
6138,65.6,0.008586713833714102,53.339612866195274
6139,65.6,0.008583797525690834,53.321743739968554
6140,65.6,0.008580895565422835,53.303962362821814
6141,65.6,0.008578022022280278,53.28635494656703
6142,65.6,0.008574796837798387,53.26659268369854
6143,65.6,0.008571311695243538,53.245237304900584
6144,65.6,0.008567524655423832,53.222031768433176
6145,65.6,0.008563723991549945,53.19874246868896
6146,65.6,0.008559658949483887,53.17383282991328
6147,65.6,0.008555330684116142,53.14730986647551
6148,65.6,0.008550983445880712,53.1206702735889
6149,65.6,0.00854632711179439,53.09213615398273
6150,65.6,0.008541290606786435,53.061271863963356
6151,65.6,0.008536487149900024,53.031835260597994
6152,65.6,0.008531783107520285,53.00300745571833
6153,65.6,0.008527277738676968,52.97539677949178
6154,65.6,0.008521224578748479,52.93830000812151
6155,65.6,0.008514666863148328,52.898110265036124
6156,65.6,0.008508333616814957,52.85929541501906
6157,65.6,0.00850212818726095,52.821263165022415
6158,65.6,0.008496583399683556,52.78727926819505
6159,65.6,0.008491047859583777,52.75335145268766
6160,65.6,0.00848558552153056,52.719871714961805
6161,65.6,0.008480584732925706,52.68922039532109
6162,65.6,0.008478725405339513,52.67782389992309
6163,65.6,0.00847607168189251,52.66155814676578
6164,65.6,0.00847368276528762,52.646915385603556
6165,65.6,0.008470504446613132,52.62743384650568
6166,65.6,0.008467244841658375,52.60745385822489
6167,65.6,0.008463370082845723,52.5837029703469
6168,65.6,0.0084590607468351,52.55728793650572
6169,65.6,0.00845469414550359,52.53052151376906
6170,65.6,0.008450289748924669,52.50352303782827
6171,65.6,0.008445681134317533,52.47527232349404
6172,65.6,0.008441044588321697,52.44684997347956
6173,65.6,0.00843644895367369,52.41867800029441
6174,65.6,0.008431620228086151,52.38907669993903
6175,65.6,0.008426637062111188,52.35852816574026
6176,65.6,0.008422148830327646,52.331013336230214
6177,65.6,0.00841800095640209,52.305584701308206
6178,65.6,0.008414000130524386,52.281057230705244
6179,65.6,0.008413782665317416,52.279724029179384
6180,65.6,0.008413559943577825,52.27835860077569
6181,65.6,0.008413695142142262,52.27918745558795
6182,65.6,0.008414283061790397,52.28279177988383
6183,65.6,0.008414867144226647,52.286372572953574
6184,65.6,0.008415764556897808,52.29187426470428
6185,65.6,0.008417302227361437,52.30130109418515
6186,65.6,0.00841336550166517,52.27716654522423
6187,65.6,0.008409720208439653,52.25481838768795
6188,65.6,0.008406373257079127,52.23429904360467
6189,65.6,0.008403111603369089,52.21430242901012
6190,65.6,0.008400587412104065,52.1988269225089
6191,65.6,0.008397789602029292,52.18167374788084
6192,65.6,0.008394413776224224,52.16097659720168
6193,65.6,0.008390782131965745,52.138710778886335
6194,65.6,0.00838667150615051,52.11350798773836
6195,65.6,0.008383222760655118,52.09236301888542
6196,65.6,0.008379036856766525,52.06669806925955
6197,65.6,0.008374868169898799,52.04113834323525
6198,65.6,0.008370510995970424,52.01442257354881
6199,65.6,0.00836608329297056,51.98727398040728
6200,65.6,0.00836213029929589,51.96303575939433
6201,65.6,0.008357939229547954,51.93733741637979
6202,65.6,0.008353634802663322,51.91094364673043
6203,65.6,0.00835408406098506,51.913698413741436
6204,65.6,0.008355221087717465,51.92067042894638
6205,65.6,0.008356017906523718,51.925556343788735
6206,65.6,0.008357528304401923,51.93481773212423
6207,65.6,0.008359036183270994,51.94406363024006
6208,65.6,0.008360126826309865,51.95075112553717
6209,65.6,0.008361093925085212,51.95668106518497
6210,65.6,0.008356642847214393,51.92938833179489
6211,65.6,0.008352398703659655,51.903364101293015
6212,65.6,0.008348480694809552,51.879339351774654
6213,65.6,0.008344652377040464,51.85586428845228
6214,65.6,0.008340567856446076,51.830817887096295
6215,65.6,0.008336811114361695,51.80778114668567
6216,65.6,0.008332938352037815,51.78403267040505
6217,65.6,0.008329542300824729,51.763207232367016
6218,65.6,0.00832656127179406,51.744926629511035
6219,65.6,0.008323081381571638,51.723586634965436
6220,65.6,0.008319169689379366,51.69959838714968
6221,65.6,0.008315266387216476,51.67566129394293
6222,65.6,0.008311594068534857,51.6531404417252
6223,65.6,0.008308149212517366,51.63201428789787
6224,65.6,0.008304681667205395,51.61074875495771
6225,65.6,0.008300446298448186,51.584774047627924
6226,65.6,0.008300800860399919,51.5869485217207
6227,65.6,0.008301179494564279,51.58927062430163
6228,65.6,0.008301291719236917,51.58995887967727
6229,65.6,0.008301511795232383,51.59130856868506
6230,65.6,0.008301724911145742,51.592615571783384
6231,65.6,0.008301205898377694,51.58943255454894
6232,65.6,0.008299740004143945,51.58044244564949
6233,65.6,0.00829719938737437,51.56486112599949
6234,65.6,0.008294363240030017,51.5474672018618
6235,65.6,0.008289508634454244,51.51769382929673
6236,65.6,0.008283563032226585,51.48122873216746
6237,65.6,0.008277962727259837,51.44688075562117
6238,65.6,0.00827337432558198,51.418738562990626
6239,65.6,0.00826940712882298,51.394406096284264
6240,65.6,0.008265870350841574,51.37271330855161
6241,65.6,0.008261878139351904,51.348226832016074
6242,65.6,0.008257684164350788,51.32250249233265
6243,65.6,0.008253288871226795,51.2955429719899
6244,65.6,0.008249160996056172,51.270223377461065
6245,65.6,0.008245368104655175,51.24695821670932
6246,65.6,0.008241995838879152,51.22627289010179
6247,65.6,0.008239305352545528,51.209769409160046
6248,65.6,0.00823743464898147,51.19829440418141
6249,65.6,0.00823544686518717,51.186101147571996
6250,65.6,0.008236463025557741,51.1923343824408
6251,65.6,0.008237041271801504,51.1958813969028
6252,65.6,0.008237081669548982,51.1961292000756
6253,65.6,0.008237087987005941,51.19616795188381
6254,65.6,0.00823709429392678,51.19620663906181
6255,65.6,0.008237509265073833,51.198752104956746
6256,65.6,0.008238764449180593,51.20645148331266
6257,65.6,0.008240482189251074,51.216988159372036
6258,65.6,0.00823899398622823,51.20785947470069
6259,65.6,0.008238063317706688,51.20215070247929
6260,65.6,0.008237096231815323,51.19621852623146
6261,65.6,0.008237365766942735,51.197871876430156
6262,65.6,0.008237566497476959,51.199103172789094
6263,65.6,0.00823774686429088,51.2002095558703
6264,65.6,0.008238069318242504,51.20218751015211
6265,65.6,0.008237969449101453,51.201574906323266
6266,65.6,0.008237858130768771,51.20089207217693
6267,65.6,0.00823806975587871,51.20219019464073
6268,65.6,0.008237901372406733,51.201157319323755
6269,65.6,0.008237399554434786,51.19807913153025
6270,65.6,0.008236851372482203,51.19471653811804
6271,65.6,0.008237548386648561,51.19899207962288
6272,65.6,0.008236904910111037,51.19504494261672
6273,65.6,0.008235955443533793,51.189220823293326
6274,65.6,0.008234811772351107,51.18220541093612
6275,65.6,0.008234315411541895,51.17916066794565
6276,65.6,0.008233804221894691,51.17602495788408
6277,65.6,0.008232912494147818,51.170554960773785
6278,65.6,0.008232015873251218,51.165054932711506
6279,65.6,0.008235719763380514,51.18777513584188
6280,65.6,0.008234573534003965,51.18074402593766
6281,65.6,0.00823398109778362,51.17710994033986
6282,65.6,0.008234545986177604,51.180575043917564
6283,65.6,0.008235253068734459,51.18491237741248
6284,65.6,0.008235269469295729,51.18501298040624
6285,65.6,0.008235655043404011,51.18737813634411
6286,65.6,0.008235704504655722,51.187681537142836
6287,65.6,0.008235531427518868,51.18661986259869
6288,65.6,0.008236122287653793,51.190244262446804
6289,65.6,0.008236708370824101,51.193839353164016
6290,65.6,0.008238193511416284,51.20294931891427
6291,65.6,0.008239622586917074,51.211715336576965
6292,65.6,0.00824162251157877,51.22398290362034
6293,65.6,0.0082441238998693,51.23932634628085
6294,65.6,0.008246621116398171,51.25464407797791
6295,65.6,0.008248559378648244,51.26653314398274
6296,65.6,0.00825035513875252,51.277548053810186
6297,65.6,0.0082517054691834,51.285830726782265
6298,65.6,0.008251802452775217,51.28642560453328
6299,65.6,0.008255815625724248,51.31104143576214
6300,65.6,0.008254821780682906,51.3049454601075
6301,65.6,0.008257861413824025,51.323589684010905
6302,65.6,0.008259569742019008,51.334067992388164
6303,65.6,0.008259634820791,51.334467162480216
6304,65.6,0.008260183614054005,51.33783326231913
6305,65.6,0.008260440137576595,51.33940668302757
6306,65.6,0.008260169539226066,51.337746932476826
6307,65.6,0.008258644351592138,51.328391966994424
6308,65.6,0.008257121707633383,51.31905255835476
6309,65.6,0.008255679388726435,51.31020579614308
6310,65.6,0.008254218154501624,51.30124297161074
6311,65.6,0.008252780055718296,51.29242201317964
6312,65.6,0.008251344355365226,51.28361572599557
6313,65.6,0.008249310605976355,51.27114106180789
6314,65.6,0.008247281648577066,51.25869571061702
6315,65.6,0.008245254083235606,51.246258818065705
6316,65.6,0.00824289580357362,51.231793254720046
6317,65.6,0.008241139340581438,51.221019132809076
6318,65.6,0.008239391216800767,51.210296103884
6319,65.6,0.008237388033494818,51.19800846119229
6320,65.6,0.008235088562408179,51.1839032757484
6321,65.6,0.008232768573280093,51.169672126268395
6322,65.6,0.008230234039541016,51.15412480928986
6323,65.6,0.008227773528147105,51.13903143996414
6324,65.6,0.008225582744623736,51.125592547148834
6325,65.6,0.008223619379904727,51.113548626939135
6326,65.6,0.008221443345386171,51.10020003306109
6327,65.6,0.008219214200981888,51.08652554807285
6328,65.6,0.008217046065709336,51.073225225283004
6329,65.6,0.008214824254706208,51.05959553632565
6330,65.6,0.008212411683451182,51.04479552067335
6331,65.6,0.008209846720375162,51.02906052696159
6332,65.6,0.008207898002267925,51.01710585709343
6333,65.6,0.008206540996594092,51.008781082010856
6334,65.6,0.008204872968743296,50.99854824097222
6335,65.6,0.008203160301766196,50.988041496169934
6336,65.6,0.008201174332183038,50.975858042908094
6337,65.6,0.008199477404555561,50.965447732777605
6338,65.6,0.008197501485990055,50.953325798630104
6339,65.6,0.008195261148968291,50.939581608951215
6340,65.6,0.008192671692482176,50.923695492911556
6341,65.6,0.00819007792950152,50.90778282597002
6342,65.6,0.008187213477606458,50.890209337513284
6343,65.6,0.008184951785278727,50.87633368213319
6344,65.6,0.00818185424128426,50.85732985123449
6345,65.6,0.008177839129050646,50.832696343092096
6346,65.6,0.008173536046663037,50.80629573255592
6347,65.6,0.008169370046710808,50.78073581745711
6348,65.6,0.008165761944053947,50.75859853074331
6349,65.6,0.008162273491171287,50.73719510663454
6350,65.6,0.00815883000913194,50.71606736898223
6351,65.6,0.008155484360068585,50.69553967158218
6352,65.6,0.008152142421118906,50.67503452047231
6353,65.6,0.008148635824695506,50.653518845845035
6354,65.6,0.008145417075846923,50.63376912738388
6355,65.6,0.008142324363381146,50.614792557548135
6356,65.6,0.00813922313413365,50.59576354254425
6357,65.6,0.008136304235532464,50.577853129756804
6358,65.6,0.008133585905352946,50.56117325907585
6359,65.6,0.008130834972546332,50.5442931897927
6360,65.6,0.008127857590210156,50.526023431650536
6361,65.6,0.008124928300856402,50.508048612267395
6362,65.6,0.008121615122900038,50.48771795926778
6363,65.6,0.008118356274990877,50.46772048313589
6364,65.6,0.008115304724493299,50.44899487177772
6365,65.6,0.008112009222329646,50.42877206555144
6366,65.6,0.008108709628016065,50.40852393595491
6367,65.6,0.008105755431432627,50.39039517728807
6368,65.6,0.00810284198842466,50.372516341003724
6369,65.6,0.008100260649073253,50.356675376883494
6370,65.6,0.008097707777042941,50.341008981158176
6371,65.6,0.008095483615410615,50.32735970298412
6372,65.6,0.008093510179420678,50.31524900210097
6373,65.6,0.008091766199764632,50.304546379524005
6374,65.6,0.008089967205116516,50.29350607355262
6375,65.6,0.008088555844431742,50.284844606321464
6376,65.6,0.008087146837584002,50.27619754579051
6377,65.6,0.008085724710395975,50.26746992664754
6378,65.6,0.008084427042369283,50.25950608115048
6379,65.6,0.008083743295297628,50.25530988223762
6380,65.6,0.008081797400136162,50.243367751030576
6381,65.6,0.008079758104532927,50.23085233386262
6382,65.6,0.008078044876790258,50.22033797411019
6383,65.6,0.008076278415272824,50.209496850071154
6384,65.6,0.008074498859577997,50.19857530300244
6385,65.6,0.008072454240626848,50.18602692493152
6386,65.6,0.008070179762547756,50.1720677436872
6387,65.6,0.008067892369565543,50.15802919800383
6388,65.6,0.008065309847296729,50.142179216222246
6389,65.6,0.008062397071358597,50.12430217840903
6390,65.6,0.008058912433372754,50.102915144548575
6391,65.6,0.008055524000001178,50.08211834150875
6392,65.6,0.008052468135169681,50.06336251480986
6393,65.6,0.00804956688688608,50.04555550188245
6394,65.6,0.008046391551931124,50.02606603719263
6395,65.6,0.00804601669805807,50.023765258661804
6396,65.6,0.008045295220089843,50.01933696265686
6397,65.6,0.008045159081046565,50.01850136568965
6398,65.6,0.008044797386442587,50.016281347495806
6399,65.6,0.008044310981474713,50.013295874889764
6400,65.6,0.008044787137371378,50.01621844045287
6401,65.6,0.008045085277867235,50.01804837489521
6402,65.6,0.008041417486608457,49.99553599048255
6403,65.6,0.008038087054769619,49.97509404343506
6404,65.6,0.00803561021154045,49.959891220703355
6405,65.6,0.008033683309574229,49.94806384566184
6406,65.6,0.008031431412708281,49.934241551676095
6407,65.6,0.008029776727774952,49.92408492160192
6408,65.6,0.00802817014649988,49.9142235057885
6409,65.6,0.00802688477124157,49.90633366026125
6410,65.6,0.008025848521903425,49.89997296731714
6411,65.6,0.008023520045040342,49.88568026293228
6412,65.6,0.008021533240197097,49.87348473320047
6413,65.6,0.008019232258709387,49.85936060860911
6414,65.6,0.00801635194728329,49.84168023514202
6415,65.6,0.008013800563854952,49.82601880339232
6416,65.6,0.008010955732122394,49.80855591671853
6417,65.6,0.008008589161806325,49.7940286985888
6418,65.6,0.008006404275870425,49.780616655139056
6419,65.6,0.008004598732277206,49.769533155482726
6420,65.6,0.008002897482909707,49.75908981763298
6421,65.6,0.008001075520044112,49.747905401910984
6422,65.6,0.007999268495623522,49.73681262436312
6423,65.6,0.008002632973216364,49.75746608582454
6424,65.6,0.00800579216051034,49.77685913438145
6425,65.6,0.00800898417250978,49.79645348376131
6426,65.6,0.008006758981679598,49.78279404273977
6427,65.6,0.008004610021354861,49.769602454748146
6428,65.6,0.00800354451416822,49.76306170880261
6429,65.6,0.008001126400613009,49.74821774144622
6430,65.6,0.007998982345062933,49.735056026596716
6431,65.6,0.007997098278538405,49.72349023254875
6432,65.6,0.007994928496157698,49.710170417503576
6433,65.6,0.007992814519627708,49.6971930940076
6434,65.6,0.00799060405082156,49.68362332854686
6435,65.6,0.007988692540697284,49.67188875273171
6436,65.6,0.007986879049051663,49.66075583704658
6437,65.6,0.00798499167619971,49.649169301026916
6438,65.6,0.007983086264465311,49.63747195431772
6439,65.6,0.007981855497528,49.6299162229238
6440,65.6,0.007980604385435075,49.622235561479364
6441,65.6,0.007979267249441906,49.614026759786235
6442,65.6,0.007977248152022975,49.60163126770148
6443,65.6,0.007975465597487979,49.59068787597996
6444,65.6,0.007978133306889911,49.60706535413777
6445,65.6,0.007979817498857565,49.617404796126856
6446,65.6,0.007981365697359147,49.62690931031619
6447,65.6,0.007982513575388551,49.633956195009766
6448,65.6,0.007983157264235931,49.637907824075825
6449,65.6,0.00798410447522794,49.64372277185663
6450,65.6,0.007982052241292361,49.63112404337463
6451,65.6,0.00797996315208688,49.6182989749196
6452,65.6,0.007977802179985902,49.605032522706345
6453,65.6,0.007975609682767493,49.59157244120667
6454,65.6,0.00797367977568011,49.57972436383381
6455,65.6,0.007972161894860124,49.57040574536301
6456,65.6,0.0079716498059017,49.567261903671394
6457,65.6,0.007970151600988629,49.558064021111
6458,65.6,0.007968674458860018,49.54899540580976
6459,65.6,0.00796687257498951,49.537933046687975
6460,65.6,0.007965055640424913,49.52677822230945
6461,65.6,0.00796323991707355,49.515630769724424
6462,65.6,0.007962101675001599,49.50864261317467
6463,65.6,0.007960962044187147,49.50164590523723
6464,65.6,0.00795976679821367,49.49430772353644
6465,65.6,0.007958461760382361,49.48629544576466
6466,65.6,0.007957405444697542,49.47981017291966
6467,65.6,0.007959497854196753,49.49265654487133
6468,65.6,0.00796100997141472,49.50194015262901
6469,65.6,0.007962588376880353,49.51163068796435
6470,65.6,0.007964036516598704,49.5205214210432
6471,65.6,0.007965934530884735,49.53217405962683
6472,65.6,0.00796770541569394,49.54304613820724
6473,65.6,0.00796949709952581,49.554045847020625
6474,65.6,0.007968552740278913,49.54824813730566
6475,65.6,0.007967276378736692,49.540412136519244
6476,65.6,0.007966707204798014,49.5369177813928
6477,65.6,0.007966434840239766,49.53524563919305
6478,65.6,0.007966161637762263,49.53356835125839
6479,65.6,0.007965991239784082,49.53252221625707
6480,65.6,0.007965761734301757,49.53111319795155
6481,65.6,0.007965154654172192,49.5273861054967
6482,65.6,0.007964640344194113,49.5242285581518
6483,65.6,0.007963747791530276,49.51874882081738
6484,65.6,0.007962857101538419,49.513280503689764
6485,65.6,0.007961735236949725,49.50639288734543
6486,65.6,0.007960204644516255,49.49699587280445
6487,65.6,0.007959066991076647,49.49001126281586
6488,65.6,0.00795789815077312,49.48283515516454
6489,65.6,0.007956952437354642,49.47702891793953
6490,65.6,0.00795984359668236,49.49477922658328
6491,65.6,0.00796235085692876,49.51017245011973
6492,65.6,0.007964395386517435,49.52272466667218
6493,65.6,0.007966478903063057,49.53551615652263
6494,65.6,0.007967894966238198,49.54420985139045
6495,65.6,0.007969440104399709,49.553695937034675
6496,65.6,0.007970982665612985,49.56316615556803
6497,65.6,0.007973448021041366,49.57830157185998
6498,65.6,0.007971631591854482,49.56715008300375
6499,65.6,0.007969755483406194,49.55563214151406
6500,65.6,0.007969079796642674,49.551483899368556
6501,65.6,0.007968834800455243,49.54997979265743
6502,65.6,0.007969039908876345,49.551239016221096
6503,65.6,0.007969232368072633,49.55242058156468
6504,65.6,0.007969373819567268,49.553288994706215
6505,65.6,0.007969542673183066,49.554325637175744
6506,65.6,0.007969838434503605,49.55614140237642
6507,65.6,0.00796935357352574,49.55316469821016
6508,65.6,0.007968851716117232,49.55008364313037
6509,65.6,0.007967945786849936,49.54452185573485
6510,65.6,0.007967487955191702,49.541711075742576
6511,65.6,0.007966969675746652,49.53852918186138
6512,65.6,0.007966105048314855,49.53322092817524
6513,65.6,0.007965258491186695,49.528023600357145
6514,65.6,0.00796434866307903,49.52243781298217
6515,65.6,0.007963749048837407,49.518756539939005
6516,65.6,0.007963381232917491,49.51649836657289
6517,65.6,0.007967117044709328,49.53943393060495
6518,65.6,0.00797045142797245,49.559904743036334
6519,65.6,0.007973923716373768,49.581221967509855
6520,65.6,0.007977408874453206,49.60261796575304
6521,65.6,0.007981290711150153,49.626448965069855
6522,65.6,0.007982158333545193,49.63177534905366
6523,65.6,0.007983052652183924,49.637265607462496
6524,65.6,0.007983912272050194,49.642542834005674
6525,65.6,0.007984844862564436,49.648268012781394
6526,65.6,0.007984259104701935,49.64467204372054
6527,65.6,0.007983732227597557,49.64143753807584
6528,65.6,0.007982879862091553,49.63620484328973
6529,65.6,0.007982053377824675,49.631131020604876
6530,65.6,0.007981145858103665,49.62555970242367
6531,65.6,0.007980303585659735,49.620388926839766
6532,65.6,0.007979140798046774,49.613250461157286
6533,65.6,0.007977976036827103,49.60609985289099
6534,65.6,0.007976406824683873,49.59646623027905
6535,65.6,0.007974941081585332,49.5874677758951
6536,65.6,0.007973377711146411,49.57786992396402
6537,65.6,0.007971548141759611,49.56663776156757
6538,65.6,0.007972134223334044,49.570235863101296
6539,65.6,0.00797156038530686,49.56671292783825
6540,65.6,0.007970127426705494,49.55791560833204
6541,65.6,0.007968655841192305,49.54888110613342
6542,65.6,0.007967186709957823,49.53986162937669
6543,65.6,0.007965080340566406,49.526929865923805
6544,65.6,0.007964521298320431,49.52349768887774
6545,65.6,0.007962280654051494,49.509741444043165
6546,65.6,0.007960331750342527,49.4977762359716
6547,65.6,0.007958708481587255,49.48781019277017
6548,65.6,0.007954397066540756,49.461340051396704
6549,65.6,0.007949888861847108,49.433661322914155
6550,65.6,0.007945382270409869,49.40599210324847
6551,65.6,0.007941330452655795,49.38111472966871
6552,65.6,0.007937152696638475,49.355463784495576
6553,63.78,0.007933256105850718,52.5673365353988
6554,63.78,0.007928934083163785,52.53905845761234
6555,63.78,0.007924054953653246,52.50713488170129
6556,63.78,0.007919439811311336,52.47693808791192
6557,63.78,0.007914602738305408,52.44528873080735
6558,63.78,0.00791034625886011,52.41743784190069
6559,63.78,0.007906754373428512,52.39393521492095
6560,63.78,0.007903178389496073,52.37053636924259
6561,63.78,0.007898929727580153,52.342735623651805
6562,63.78,0.00789230637595493,52.2993955566875
6563,63.78,0.007885149071454647,52.25256053100884
6564,63.78,0.007882518598607195,52.235347322055105
6565,63.78,0.007876415846017561,52.195411759809986
6566,63.78,0.007871190111446533,52.161214666134335
6567,63.78,0.007866675342857034,52.13166966149122
6568,63.78,0.007862279140384863,52.1029001559016
6569,63.78,0.007858816272359138,52.08023826877663
6570,63.78,0.007855834705065437,52.06072593612284
6571,63.78,0.007852823379050192,52.04101866532631
6572,63.78,0.007849764649383133,52.021000973944844
6573,63.78,0.007846414218994673,51.99907403978025
6574,63.78,0.007843052776888295,51.97707480483701
6575,63.78,0.007839931959789099,51.9566501498626
6576,63.78,0.00783624394676638,51.93251313525351
6577,63.78,0.0078320755053384,51.90523151065556
6578,63.78,0.00782840556322939,51.881212166543875
6579,63.78,0.007824741805259104,51.85723301766549
6580,63.78,0.007820760326905526,51.831174085282875
6581,63.78,0.007816492833439655,51.803242806888804
6582,63.78,0.0078122978935993076,51.77578603209832
6583,63.78,0.0078085733226797484,51.7514076155158
6584,63.78,0.007805113233379178,51.728760050856984
6585,63.78,0.007801755851428558,51.70678450590511
6586,63.78,0.007798646001410611,51.68642895753407
6587,63.78,0.007795534548931879,51.666062719043836
6588,63.78,0.007792755704363239,51.647873419685844
6589,63.78,0.007789931483270133,51.62938693772663
6590,63.78,0.00778746686668808,51.61325418071725
6591,63.78,0.007785049290991165,51.59742921876115
6592,63.78,0.007782245844101351,51.57907826981
6593,63.78,0.007779487825142765,51.56102452594
6594,63.78,0.007776911853861201,51.54416230695041
6595,63.78,0.007774710507350115,51.52975225944236
6596,63.78,0.007772798701888165,51.51723747027206
6597,63.78,0.007770943009998848,51.50508993111842
6598,63.78,0.00776901505177466,51.492469253694004
6599,63.78,0.007765661279727428,51.47051482042314
6600,63.78,0.007762284393787135,51.44840884290917
6601,63.78,0.007759257780139727,51.42859563784695
6602,63.78,0.00775588192376137,51.4064959506901
6603,63.78,0.007752251442184436,51.38272912213016
6604,63.78,0.007748346813807768,51.3571672946608
6605,63.78,0.007743991270179762,51.32865315592605
6606,63.78,0.007739419400674479,51.29872238706732
6607,63.78,0.007734848213559591,51.268795651095424
6608,63.78,0.007730532651478059,51.24054204727866
6609,63.78,0.007726270925441577,51.212640523229034
6610,63.78,0.007722331544175937,51.18684905475634
6611,63.78,0.0077184356846898,51.16134220973141
6612,63.78,0.007714865563781745,51.137967752621435
6613,63.78,0.007711580355471123,51.116458453979895
6614,63.78,0.007708526570714785,51.09646415730912
6615,63.78,0.0077056184246560395,51.07742323259884
6616,63.78,0.007702766138187008,51.0587478745951
6617,63.78,0.007699926948577564,51.04015810030135
6618,63.78,0.0076970468304762805,51.02130017281474
6619,63.78,0.00769420358828628,51.0026835256705
6620,63.78,0.0076913600888254925,50.98406502584203
6621,63.78,0.007688726848587533,50.96682309910844
6622,63.78,0.007686150385475607,50.949952797973644
6623,63.78,0.007683578219333516,50.93311049504212
6624,63.78,0.007681029109089804,50.91641902420865
6625,63.78,0.007678436206587555,50.89944066477863
6626,63.78,0.0076760823644833045,50.88402755485995
6627,63.78,0.0076731748264599695,50.864988649253775
6628,63.78,0.007669631690180538,50.84178753278924
6629,63.78,0.007666057318964468,50.81838161954862
6630,63.78,0.007662572561181537,50.79556226255065
6631,63.78,0.007659357954334465,50.77451172005546
6632,63.78,0.007656279034500223,50.754349509319674
6633,63.78,0.007654062674936179,50.73983562560639
6634,63.78,0.007652128331483248,50.727168447644864
6635,63.78,0.007649210445285349,50.70806032672531
6636,63.78,0.007646509233306655,50.690370964535816
6637,63.78,0.0076444994393129575,50.67720937626186
6638,63.78,0.007642524541342233,50.66427623059371
6639,63.78,0.007640924274152137,50.653796394920526
6640,63.78,0.007639942706030911,50.64736827162943
6641,63.78,0.007639287615787566,50.643078185483795
6642,63.78,0.007638570722347756,50.6383833493945
6643,63.78,0.007637636758405267,50.63226693253612
6644,63.78,0.0076366868234879915,50.62604590508107
6645,63.78,0.007635368753670303,50.61741396839443
6646,63.78,0.007634039076512957,50.60870597952145
6647,63.78,0.007633035496548017,50.602133560413954
6648,63.78,0.007632330686486427,50.59751776511335
6649,63.78,0.007631313635814873,50.59085709040777
6650,63.78,0.0076300161367050204,50.582359724922256
6651,63.78,0.007628091953868279,50.569758122061735
6652,63.78,0.007625519065622772,50.552907983472075
6653,63.78,0.007621138505187979,50.52421887666465
6654,63.78,0.007616729447164348,50.49534273068775
6655,63.78,0.007612346976084191,50.46664030917757
6656,63.78,0.007607703973244341,50.43623113301149
6657,63.78,0.007602880333229696,50.40463840526003
6658,63.78,0.007598335184699864,50.37486923164831
6659,63.78,0.007593967362053737,50.34626107710497
6660,63.78,0.007589964822493709,50.32004508757192
6661,63.78,0.007585711234977852,50.292184408977405
6662,63.78,0.007581349452257689,50.263614668939724
6663,63.78,0.007576933623681993,50.23469052447263
6664,63.78,0.007572304534407488,50.204369064207334
6665,63.78,0.007568138556944879,50.177080697655796
6666,63.78,0.007563783223294009,50.14855160670616
6667,63.78,0.007558965065221952,50.11699037994875
6668,63.78,0.0075540510530921565,50.08480076587798
6669,63.78,0.007549485195961751,50.05489131747005
6670,63.78,0.007544628755953213,50.02307787874243
6671,63.78,0.007539988760237667,49.9926818590145
6672,63.78,0.007535447248223765,49.962930559504855
6673,63.78,0.00753127681969629,49.93560983789721
6674,63.78,0.007526823691499546,49.90643673453783
6675,63.78,0.0075220142715065426,49.87492904714574
6676,63.78,0.007517446163184202,49.845001805725055
6677,63.78,0.007512970803402973,49.81568177051081
6678,63.78,0.007508549556110697,49.78671584043472
6679,63.78,0.007504219669380581,49.75834806734849
6680,63.78,0.00750005616595938,49.7310700064288
6681,63.78,0.007495983700240781,49.70438804888513
6682,63.78,0.007491891289055083,49.67757506493856
6683,63.78,0.007488362367840518,49.65445371928822
6684,63.78,0.007484615329782056,49.629902997316385
6685,63.78,0.007480387864212002,49.60220414687239
6686,63.78,0.00747585032351345,49.572473233791506
6687,63.78,0.007470494337932511,49.53737914751191
6688,63.78,0.007465147284949272,49.50234299462041
6689,63.78,0.007460278108718494,49.470437574481394
6690,63.78,0.0074559043563651554,49.441778012970104
6691,63.78,0.007452144103593476,49.417138166076725
6692,63.78,0.007448339414882918,49.39220684369465
6693,63.78,0.007444707502477595,49.368407406786595
6694,63.78,0.007441127759820495,49.344949562488324
6695,63.78,0.007437673816851158,49.32231582324631
6696,63.78,0.007433982584109884,49.298126846019485
6697,63.78,0.007430439972759699,49.27491153119155
6698,63.78,0.00742717477672225,49.253513933082694
6699,63.78,0.007424072566680949,49.233184214889704
6700,63.78,0.007420735384069106,49.211314426801934
6701,63.78,0.007417374080491918,49.189286330685825
6702,63.78,0.0074137705741200936,49.1656707121221
6703,63.78,0.007410454580450101,49.143939072278194
6704,63.78,0.007407315170774209,49.12336447926553
6705,63.78,0.007404338712079033,49.10385762042745
6706,63.78,0.0074016906347891594,49.08650272428135
6707,63.78,0.007398963198235836,49.068627572897555
6708,63.78,0.0073961471320898396,49.050171395795985
6709,63.78,0.007393380550311628,49.032039372768814
6710,63.78,0.007390720997387362,49.014608660608374
6711,63.78,0.007387542289935141,48.993775215955615
6712,63.78,0.007384492920344938,48.973789261839535
6713,63.78,0.007381247067185676,48.95251531674814
6714,63.78,0.007378365555979038,48.933629154917504
6715,63.78,0.007375855044173215,48.91717447711649
6716,63.78,0.007373726127436303,48.90322078960912
6717,63.78,0.007371060426671532,48.88574869302333
6718,63.78,0.007367923798806865,48.86518975744328
6719,63.78,0.007364035946977308,48.839706661917184
6720,63.78,0.007360559546871922,48.81692017813475
6721,63.78,0.007356664914469821,48.79139204131166
6722,63.78,0.007353031794097649,48.767577751840875
6723,63.78,0.007349153725676639,48.74215757941999
6724,63.78,0.0073449782344678655,48.7147874937661
6725,63.78,0.007340564712665157,48.685856737480556
6726,63.78,0.007336115808329475,48.65669363701217
6727,63.78,0.00733168440268933,48.627644832658696
6728,63.78,0.007327585904659064,48.600777944153236
6729,63.78,0.007323849506262513,48.57628442280258
6730,63.78,0.007319794642860535,48.54970291235403
6731,63.78,0.007315307134940807,48.52028481705663
6732,63.78,0.007310048404208961,48.485810395911294
6733,63.78,0.007305080015050916,48.453238824402476
6734,63.78,0.0073000238365163745,48.42009119865962
6735,63.78,0.007294839390087054,48.38610211271804
6736,63.78,0.0072898002906468485,48.353065380817846
6737,63.78,0.007284620669873538,48.31910682853609
6738,63.78,0.007280624013520784,48.29290362777642
6739,63.78,0.00727559171197822,48.25990997305232
6740,63.78,0.007271373166549079,48.23225120171781
6741,63.78,0.007266966360739591,48.20335771056207
6742,63.78,0.007262507857125816,48.174124847723554
6743,63.78,0.007258056789308596,48.144940325576144
6744,63.78,0.007253457548307566,48.11478383570304
6745,63.78,0.007248865977821882,48.0846772004063
6746,63.78,0.007244053266753248,48.05312008872205
6747,63.78,0.00723921130915738,48.02137071937639
6748,63.78,0.0072345134166762306,47.990565537356204
6749,63.78,0.007230062584129316,47.96137996085077
6750,63.78,0.007226170036539558,47.93585490440206
6751,63.78,0.0072220789621182694,47.90902768438766
6752,63.78,0.007218507040332271,47.8856045224327
6753,63.78,0.007214939954406445,47.86221280659626
6754,63.78,0.007211470315229863,47.83945985836496
6755,63.78,0.007208203581527119,47.81803727956854
6756,63.78,0.007205260449988723,47.79873662780435
6757,63.78,0.007202506258994346,47.78067485857761
6758,63.78,0.007199715238596786,47.76237140368082
6759,63.78,0.007197239653039219,47.74613642813404
6760,63.78,0.00719445741617394,47.72789027024041
6761,63.78,0.007191689344210161,47.709736846886194
6762,63.78,0.007189221180582898,47.69355013182487
6763,63.78,0.007187134670600201,47.679866279304605
6764,63.78,0.007184560049275773,47.662981145846956
6765,63.78,0.00718199686295237,47.64617086925065
6766,63.78,0.007179125123997403,47.62733683336962
6767,63.78,0.007176024684596692,47.60700269361612
6768,63.78,0.0071730365993738,47.587405235742004
6769,63.78,0.00716972454636702,47.56568280668084
6770,63.78,0.007165975238921849,47.54109232488721
6771,63.78,0.007162296100722493,47.51696177530873
6772,63.78,0.007158623098510795,47.49287118860652
6773,63.78,0.007154992807028734,47.46906045778003
6774,63.78,0.007151106850828325,47.44357254226734
6775,63.78,0.007147355945039486,47.4189701212722
6776,63.78,0.00714392370342057,47.39645758104857
6777,63.78,0.007140996766909947,47.377259211782274
6778,63.78,0.007137811863209023,47.356368580516964
6779,63.78,0.007139411258687171,47.36685946769272
6780,63.78,0.007141301414565182,47.37925746577242
6781,63.78,0.007143452819938139,47.39336897299368
6782,63.78,0.007145371183583015,47.4059518305238
6783,63.78,0.0071476581821332905,47.42095252376466
6784,63.78,0.007148972973560109,47.42957634643696
6785,63.78,0.0071500795428387645,47.43683439536323
6786,63.78,0.00714782048331088,47.42201707218705
6787,63.78,0.007145132651399252,47.40438726351477
6788,63.78,0.007142254802471976,47.38551094367177
6789,63.78,0.007138832528408704,47.36306341831724
6790,63.78,0.007135722508256627,47.34266383025159
6791,63.78,0.0071322511599961535,47.31989394068953
6792,63.78,0.007128381726618649,47.294512563715685
6793,63.78,0.007124294356126642,47.267701298766546
6794,63.78,0.007120110961307036,47.240259797735646
6795,63.78,0.007115565268444639,47.21044134365754
6796,63.78,0.007110764021929479,47.17894606223005
6797,63.78,0.007106053975544755,47.14804856947902
6798,63.78,0.007101535374113009,47.11840650402442
6799,63.78,0.007096750121306746,47.087014738895164
6800,63.78,0.007092919320620582,47.06188393652592
6801,63.78,0.00708909095669135,47.03676881395931
6802,63.78,0.007090090141620417,47.04332377197559
6803,63.78,0.00709169601461084,47.05385874516414
6804,63.78,0.007093617742919705,47.066465746337876
6805,63.78,0.007095536266211377,47.0790516449893
6806,63.78,0.007097386379326072,47.09118868640666
6807,63.78,0.007099233406861856,47.10330541471183
6808,63.78,0.0071004361766239706,47.11119569435393
6809,63.78,0.007101041713470269,47.11516806002735
6810,63.78,0.0070973676512243134,47.09106582738624
6811,63.78,0.007093133271273304,47.06328750275818
6812,63.78,0.007087995544585889,47.02958255237483
6813,63.78,0.007083004976443162,46.99684247680208
6814,63.78,0.0070790670331299975,46.97100766440631
6815,63.78,0.007075328718327996,46.94648221228459
6816,63.78,0.0070709712414709835,46.917894340167294
6817,63.78,0.0070660382912411486,46.88553051177588
6818,63.78,0.007060844844982234,46.85145708683191
6819,63.78,0.007055268377018045,46.81487008726564
6820,63.78,0.007049804243799285,46.77901948253296
6821,63.78,0.007043823393440369,46.739777942274166
6822,63.78,0.00703800540059349,46.70160422623955
6823,63.78,0.007032526919347073,46.66565750905291
6824,63.78,0.007027508941609934,46.63273180780864
6825,63.78,0.0070231671795103505,46.60424270391268
6826,63.78,0.0070183306486134465,46.57250663943769
6827,63.78,0.007015933713200787,46.55677838849351
6828,63.78,0.007013850791173869,46.54311053849353
6829,63.78,0.007012180145094812,46.53214792155978
6830,63.78,0.007010676391034229,46.52228038400219
6831,63.78,0.00700894740216005,46.51093481175038
6832,63.78,0.00700749189376366,46.50138376169327
6833,63.78,0.007002496948876221,46.46860658359453
6834,63.78,0.006997637870179685,46.43672046938271
6835,63.78,0.006992805437131545,46.405008719871546
6836,63.78,0.006988218684862366,46.374908744152435
6837,63.78,0.006983400349836123,46.343288563333566
6838,63.78,0.006978489288838199,46.31105937249821
6839,63.78,0.006973979707055341,46.281464474574015
6840,63.78,0.0069690593461822995,46.24917328479395
6841,63.78,0.0069642947250427795,46.21790369731172
6842,63.78,0.006959519264148147,46.186562494510696
6843,63.78,0.006954634430689779,46.154502990495196
6844,63.78,0.006949250783116514,46.11916915760192
6845,63.78,0.006943834728174411,46.0836220189761
6846,63.78,0.006938227057950002,46.046816608553314
6847,63.78,0.006933083274512668,46.013055297776155
6848,63.78,0.006928051354779131,45.980027671930145
6849,63.78,0.006924088882046715,45.954019121408
6850,63.78,0.006919909199554823,45.92658451224462
6851,63.78,0.0069192940963538375,45.922547065713324
6852,63.78,0.00691877034031908,45.919109202258944
6853,63.78,0.006919004762302774,45.92064791701917
6854,63.78,0.0069193565310509035,45.922956878200445
6855,63.78,0.00691980864291936,45.92592447388647
6856,63.78,0.006920514791346101,45.93055951957193
6857,63.78,0.006920384629219575,45.929705156908874
6858,63.78,0.006915757343544729,45.89933218955291
6859,63.78,0.006911023459549108,45.86825906061422
6860,63.78,0.006906048694918666,45.835604291405
6861,63.78,0.006901294503736938,45.80439690187126
6862,63.78,0.006896316931527034,45.77172269233711
6863,63.78,0.006891595806732587,45.74073139910438
6864,63.78,0.006886830241939148,45.70944791254949
6865,63.78,0.006881402705775611,45.673818346224635
6866,63.78,0.006876174807872785,45.6394987423049
6867,63.78,0.006871063198917215,45.605941989180536
6868,63.78,0.006866181408350743,45.57389344130943
6869,63.78,0.0068610284419195686,45.54006410665129
6870,63.78,0.006856166257324787,45.50814325255123
6871,63.78,0.0068510031381781595,45.4742461847909
6872,63.78,0.006846612059226801,45.445417300902214
6873,63.78,0.00684257820790657,45.418933379575286
6874,63.78,0.0068382681205391245,45.390635477537984
6875,63.78,0.006834615786987679,45.36665575809628
6876,63.78,0.006830606535618705,45.340332342364185
6877,63.78,0.006830233322759367,45.33788193334211
6878,63.78,0.006829744544827354,45.33467275266581
6879,63.78,0.006829372769577742,45.33223177589142
6880,63.78,0.00682888542685784,45.329032009669554
6881,63.78,0.006824603270459721,45.30091626529721
6882,63.78,0.0068197362333289905,45.26895985122256
6883,63.78,0.0068149081919814,45.23725899023984
6884,63.78,0.0068100854361890705,45.205592348103295
6885,63.78,0.006805468463309999,45.17527643968046
6886,63.78,0.006800721691157898,45.14410778074706
6887,63.78,0.006796135646998855,45.11399406063771
6888,63.78,0.006791304201782982,45.08226846813058
6889,63.78,0.0067867215924099274,45.052176400856695
6890,63.78,0.006782257382279186,45.0228613897711
6891,63.78,0.006778239195445908,44.99647491213803
6892,63.78,0.00677382401523213,44.96748108445249
6893,63.78,0.006769935524099757,44.94194560788788
6894,63.78,0.00676561265441694,44.91355722395231
6895,63.78,0.006762699445443421,44.89442589390093
6896,63.78,0.006762179811483123,44.89101338790778
6897,63.78,0.0067617008009401465,44.88786765635434
6898,63.78,0.006760455506184766,44.87968960305964
6899,63.78,0.006758454940950854,44.86655149780487
6900,63.78,0.006756822441582467,44.85583049150755
6901,63.78,0.006755221694521547,44.845317955998645
6902,63.78,0.006753813271934822,44.83606842265074
6903,63.78,0.006751958124976063,44.82388505318778
6904,63.78,0.006750413188037421,44.81373888162611
6905,63.78,0.006748594736704899,44.801796376116364
6906,63.78,0.0067471443044702616,44.79227075136715
6907,63.78,0.006745667441869998,44.78257150165138
6908,63.78,0.006743633106615699,44.76921099280432
6909,63.78,0.006741527535591583,44.755382551556735
6910,63.78,0.0067394633121750655,44.74182557283839
6911,63.78,0.006737205783635926,44.7269989428786
6912,63.78,0.006734992759731684,44.712464499891105
6913,63.78,0.0067326036341672675,44.69677336188027
6914,63.78,0.006730344305256241,44.681934583871936
6915,63.78,0.006728088744405442,44.66712044727012
6916,63.78,0.006725548481085836,44.65043630643536
6917,63.78,0.006722824242623805,44.632543689386
6918,63.78,0.006719702785255084,44.612041974338375
6919,63.78,0.006716586533785911,44.591574248527735
6920,63.78,0.006713583034801096,44.57184689573373
6921,63.78,0.006710736460288408,44.553150068295274
6922,63.78,0.00670798674927009,44.53508929741193
6923,63.78,0.006705168004460328,44.51657493179766
6924,63.78,0.006702343087361723,44.498019858153555
6925,63.78,0.006699732105732582,44.48086984148315
6926,63.78,0.006697015405530788,44.46302526989085
6927,63.78,0.006694303840439882,44.445214274339506
6928,63.78,0.006691802098378254,44.428781371288395
6929,63.78,0.0066891168648673385,44.41114304369081
6930,63.78,0.006686299313227774,44.39263540416285
6931,63.78,0.006683560591162726,44.37464541312019
6932,63.78,0.00668050781014032,44.35459226135262
6933,63.78,0.006677404943441079,44.33420990648485
6934,63.78,0.006674307251636268,44.31386134415906
6935,63.78,0.006671158656284654,44.29317819379487
6936,63.78,0.006667958377852817,44.27215532450038
6937,63.78,0.0066647634367766025,44.25116730317431
6938,63.78,0.0066616307583944,44.23058808717052
6939,63.78,0.006658270399985302,44.20851296568592
6940,63.78,0.006654676875123428,44.18490584829353
6941,63.78,0.006651179943036632,44.16193302338283
6942,63.78,0.006647935955449887,44.14062166926712
6943,63.78,0.006644657964466666,44.1190867066371
6944,63.78,0.006641596446962002,44.09897367694467
6945,63.78,0.006638929163049298,44.08145045541049
6946,63.78,0.006636839306115537,44.06772064472161
6947,63.78,0.006634690699718187,44.05360477031899
6948,63.78,0.006632220947586958,44.037378919423
6949,63.78,0.0066300253008860785,44.022953787458256
6950,63.78,0.0066279360198065376,44.009227371126826
6951,63.78,0.006625928044857131,43.9960350438379
6952,63.78,0.006623755688642453,43.98176264229468
6953,63.78,0.006621676863887534,43.96810465098303
6954,63.78,0.006619449988091076,43.953473856083086
6955,63.78,0.006617409308413746,43.940066297128865
6956,63.78,0.00661541839225785,43.92698560776785
6957,63.78,0.006613367738556743,43.9135123449952
6958,63.78,0.0066114794213152465,43.90110559205831
6959,63.78,0.00660951617203899,43.88820643642733
6960,63.78,0.006607672114338871,43.87609033296722
6961,63.78,0.006605793292704951,43.86374574519843
6962,63.78,0.0066037586961529195,43.85037757249169
6963,63.78,0.006601588439940702,43.836117962191665
6964,63.78,0.0065994218032351774,43.82188203553763
6965,63.78,0.006597438572493712,43.808851095137214
6966,63.78,0.006595498740243508,43.79610522765777
6967,63.78,0.006593225267771445,43.78116704262178
6968,63.78,0.006591370543710044,43.76898022552441
6969,63.78,0.006589486920233369,43.75660344571094
6970,63.78,0.006587950000702403,43.746504708685336
6971,63.78,0.0065861765335637965,43.73485161154931
6972,63.78,0.006583910019156393,43.71995870389851
6973,63.78,0.006581519012343552,43.70424765992248
6974,63.78,0.006578996925515508,43.68767517397447
6975,63.78,0.006576454520444519,43.670969043419724
6976,63.78,0.006573722193123105,43.65301478406433
6977,63.78,0.006570786814478085,43.633726090379426
6978,63.78,0.006568308935608509,43.61744353745098
6979,63.78,0.0065653963986376605,43.59830460992151
6980,63.78,0.006562756261308108,43.58095552768301
6981,63.78,0.006559773019121789,43.56135163188328
6982,63.78,0.0065567411005400915,43.54142767630394
6983,63.78,0.006553494467310752,43.52009253134656
6984,63.78,0.006549878871058657,43.49633249843162
6985,63.78,0.006545875465771241,43.47002364426436
6986,63.78,0.006541712595787265,43.44266649340878
6987,63.78,0.006537311841865797,43.41374564557557
6988,63.78,0.006532651168303557,43.38311621781878
6989,63.78,0.006527762265849626,43.350986406993975
6990,63.78,0.006522424757154478,43.3159077903105
6991,63.78,0.006517151859717655,43.28125321991715
6992,63.78,0.006512481503774841,43.2505581909606
6993,63.78,0.006507980332083195,43.22097466168799
6994,63.78,0.006503731657883346,43.193050259742215
6995,63.78,0.006499101566497359,43.162618564231266
6996,63.78,0.006493797670463316,43.12775767551596
6997,63.78,0.006488786912370064,43.09482295239759
6998,63.78,0.006483841379028309,43.06231642368866
6999,63.78,0.006479148648860164,43.03147107355245
7000,63.78,0.006474654644408012,43.00193151719242
7001,63.78,0.006470591095826139,42.97522102808717
7002,63.78,0.006466567521708683,42.94877295849192
7003,63.78,0.006463185352593106,42.926540760022704
7004,63.78,0.006459677110757679,42.90347958794126
7005,63.78,0.006455921408334217,42.878791466338456
7006,63.78,0.006452222043001938,42.85447338828328
7007,63.78,0.006448980499864258,42.83316460619379
7008,63.78,0.006445801085931891,42.812264026423705
7009,63.78,0.006442576377831818,42.79106547939762
7010,63.78,0.006439262429280223,42.769280057886895
7011,63.78,0.006435788836168058,42.746444909324126
7012,63.78,0.0064316694730069054,42.71936418818718
7013,63.78,0.006427577312481242,42.69246194580716
7014,63.78,0.006423335940828137,42.66457840586138
7015,63.78,0.006419040143669695,42.63633667915997
7016,63.78,0.006415047674590945,42.61008876667931
7017,63.78,0.006411434208338926,42.58633226609635
7018,63.78,0.006407760368684287,42.56217856435695
7019,63.78,0.006404256926954022,42.53914488266465
7020,63.78,0.006401020202117836,42.51786452607028
7021,63.78,0.006397667519897015,42.495821558248345
7022,63.78,0.0063944954225839835,42.474965670192226
7023,63.78,0.006391360624530627,42.45435481022611
7024,63.78,0.006388324858676639,42.434394877142914
7025,63.78,0.006385305710057929,42.41454400984556
7026,63.78,0.006383624016259055,42.40348680981737
7027,63.78,0.0063815503910305505,42.38985256439941
7028,63.78,0.006379625945877025,42.37719910893779
7029,63.78,0.0063775492329021955,42.36354438751268
7030,63.78,0.006374766743486212,42.345248931117354
7031,63.78,0.006371762061333076,42.32549232851398
7032,63.78,0.006369095950179309,42.30796176412312
7033,63.78,0.0063662773194860444,42.289428171430195
7034,63.78,0.006363275818559082,42.26969195303224
7035,63.78,0.006359850114598168,42.24716617849435
7036,63.78,0.006357070273839786,42.22888710787173
7037,63.78,0.006354072725932085,42.20917630481008
7038,63.78,0.006351121812098095,42.189771967029
7039,63.78,0.006348215568791528,42.17066119128693
7040,63.78,0.006345879747465655,42.15530124882297
7041,63.78,0.006344390839091883,42.14551039456502
7042,63.78,0.006342790406228517,42.13498611903565
7043,63.78,0.006341023003480232,42.123363805081674
7044,63.78,0.006339259822177777,42.111769185898794
7045,63.78,0.006337115564177852,42.097668531855845
7046,63.78,0.006334730043538533,42.08198122008279
7047,63.78,0.006332132931871929,42.064902338911445
7048,63.78,0.006329287858907634,42.046192675940915
7049,63.78,0.006326776097056807,42.02967478027785
7050,63.78,0.006323700294538392,42.00944744984502
7051,63.78,0.0063212964997506884,41.99363929075624
7052,63.78,0.0063192849592800466,41.980410634378266
7053,63.78,0.006317898898491586,41.971295321355534
7054,63.78,0.006316813501443983,41.964157270235965
7055,63.78,0.006314863450738373,41.95133281221324
7056,63.78,0.006311998026284798,41.932488277976546
7057,63.78,0.0063095535760536526,41.91641215517356
7058,63.78,0.006307108998931913,41.90033507275432
7059,63.78,0.006305365152513253,41.88886636135213
7060,63.78,0.006304456144375545,41.882888084880385
7061,63.78,0.006303279054466948,41.87514668853856
7062,63.78,0.006301994784263997,41.866700363810445
7063,63.78,0.006300485413539772,41.85677356496981
7064,63.78,0.006299280465607918,41.84884885355235
7065,63.78,0.006298200390135455,41.84174537851115
7066,63.78,0.006296892498860868,41.833143564493284
7067,63.78,0.006295164127253219,41.82177625647315
7068,63.78,0.006293583157748338,41.81137834093243
7069,63.78,0.0062922432862280425,41.80256606742976
7070,63.78,0.0062906093883757395,41.79181994536744
7071,63.78,0.006288679952949376,41.77913000506518
7072,63.78,0.006286633944884545,41.76567327873785
7073,63.78,0.006284595652788678,41.7522672136774
7074,63.78,0.006283274792669799,41.74357972898963
7075,63.78,0.006281831934729676,41.734089805548166
7076,63.78,0.006280485903889841,41.725236691203904
7077,63.78,0.0062791934395484824,41.716735858742815
7078,63.78,0.006278146149689373,41.70984756905983
7079,63.78,0.006277081241239346,41.70284337390909
7080,63.78,0.00627598661570963,41.69564369661998
7081,63.78,0.006274963576754876,41.68891484281843
7082,63.78,0.006273572433749746,41.67976481600106
7083,63.78,0.006271902236634197,41.668779300627705
7084,63.78,0.006270172690398093,41.65740336217603
7085,63.78,0.00626844602866205,41.646046333788114
7086,63.78,0.006266452074335852,41.6329311245189
7087,63.78,0.006264798003343587,41.6220514303859
7088,63.78,0.0062634793398873255,41.61337784683046
7089,63.78,0.006262029057188703,41.603838488208794
7090,63.78,0.006261027843469953,41.59725289355162
7091,63.78,0.006259526876464383,41.58738007671039
7092,63.78,0.006257786935674229,41.57593531790209
7093,63.78,0.006256300733109764,41.56615951556552
7094,63.78,0.006254481257049808,41.55419147544737
7095,63.78,0.006252940294483077,41.54405537040093
7096,63.78,0.00625119493410598,41.53257472248841
7097,63.78,0.006249264589513391,41.519877209366946
7098,63.78,0.006247509850301403,41.50833473401949
7099,63.78,0.006246024201757682,41.49856225613314
7100,63.78,0.00624528287956348,41.493685880450286
7101,63.78,0.006244290699073194,41.48715935500034
7102,63.78,0.006242710069941791,41.476761994233435
7103,63.78,0.006241009466416385,41.46557538481198
7104,63.78,0.0062396227832276835,41.45645370581478
7105,63.78,0.006238005891478343,41.44581765127098
7106,63.78,0.006236386521851073,41.43516524215192
7107,63.78,0.006234723763015534,41.424227356428794
7108,63.78,0.0062327860499595935,41.41148070610544
7109,63.78,0.006230574014953128,41.39692941694119
7110,63.78,0.006228375836103756,41.38246917533343
7111,63.78,0.006226171264289279,41.36796677735053
7112,63.78,0.006224265235327912,41.35542821032981
7113,63.78,0.00622171395248581,41.33864480433663
7114,63.78,0.006219368848966928,41.323217611946895
7115,63.78,0.006216472643934357,41.30416485598735
7116,63.78,0.0062137207967320925,41.2860615987881
7117,63.78,0.006210730273157501,41.26638800924484
7118,63.78,0.0062076366173111595,41.24603575208899
7119,63.78,0.00620461511317477,41.22615796642181
7120,63.78,0.006201420632009693,41.205141996420174
7121,63.78,0.006198371409248546,41.18508145834229
7122,63.78,0.006196151678206077,41.17047794259254
7123,63.78,0.006193390557794369,41.152312505256475
7124,63.78,0.006191554267659179,41.14023144664548
7125,63.78,0.006189697985506814,41.12801878760821
7126,63.78,0.006187797051851687,41.115512287226444
7127,63.78,0.006185654567110744,41.10141649874711
7128,63.78,0.0061833239573231185,41.0860828929043
7129,63.78,0.006180330553893723,41.06638845173023
7130,63.78,0.0061772799898418594,41.04631774165635
7131,63.78,0.006173867684835462,41.02386678242844
7132,63.78,0.0061703859583296244,41.000958819150966
7133,63.78,0.006166987458843088,40.97859820177047
7134,63.78,0.006163738117145638,40.957218750126984
7135,63.78,0.006160715220198337,40.93732902153053
7136,63.78,0.006158755023410504,40.92443142955272
7137,63.78,0.006156121604345937,40.90710408098577
7138,63.78,0.006153712097895279,40.891249903458544
7139,63.78,0.006151393184256013,40.87599169766849
7140,63.78,0.006149547344693005,40.86384618858987
7141,63.78,0.0061478138043071446,40.85243953608146
7142,63.78,0.006146673800336881,40.84493830406797
7143,63.78,0.006145863227951753,40.83960471702273
7144,63.78,0.006145428543999904,40.8367444798207
7145,63.78,0.0061452225569491115,40.83538907568334
7146,63.78,0.006145507987749722,40.83726722306036
7147,63.78,0.0061457914060626005,40.839132126489496
7148,63.78,0.006146029588723567,40.84069937628295
7149,63.78,0.00614603271231003,40.84071992957737
7150,63.78,0.006145551831151145,40.837555714442644
7151,63.78,0.0061456113035482885,40.837947045194376
7152,63.78,0.006145634773975075,40.8381014815209
7153,63.78,0.006145615718626083,40.83797609657989
7154,63.78,0.006146184308894638,40.841717439493266
7155,63.78,0.0061483170725701855,40.85575103518826
7156,63.78,0.006150445750948747,40.86975765457716
7157,63.78,0.006152216751336959,40.8814106946105
7158,63.78,0.00615298992339247,40.88649808390776
7159,63.78,0.006151463059414096,40.87645147044366
7160,63.78,0.006149642544749878,40.86447260076617
7161,63.78,0.006146868373284118,40.84621859699308
7162,63.78,0.006142117454092501,40.814957250335645
7163,63.78,0.006137691396180958,40.78583308577389
7164,63.78,0.006133684788788981,40.75946861833284
7165,63.78,0.006130000765557109,40.73522653760282
7166,63.78,0.00612660496557143,40.71288080844588
7167,63.78,0.006123344240976169,40.691423702255
7168,63.78,0.006120471110337463,40.67251696251197
7169,63.78,0.006117541634039458,40.65323926002357
7170,63.78,0.006114144169124208,40.63088168789295
7171,63.78,0.0061107581025782445,40.60859888392047
7172,63.78,0.006107271829504001,40.58565639637785
7173,63.78,0.006104054346821646,40.56448254031291
7174,63.78,0.006100839649969187,40.54332680078445
7175,63.78,0.0060977175080919165,40.52277995304019
7176,63.78,0.006094757133195297,40.503297506772036
7177,63.78,0.006091531690200767,40.48207041866277
7178,63.78,0.006088239333530905,40.460402737499756
7179,63.78,0.006084797020403284,40.437747918892924
7180,63.78,0.00608132995475408,40.41492994603339
7181,63.78,0.006077670454359956,40.390845219444635
7182,63.78,0.006073936947016614,40.36627313242817
7183,63.78,0.00607003725123254,40.34060696385809
7184,63.78,0.0060660025475120505,40.31405189395238
7185,63.78,0.00606217375628714,40.28885175566007
7186,63.78,0.006058344976342175,40.26365138433203
7187,63.78,0.00605435900647081,40.237416089468724
7188,63.78,0.006051552706074655,40.21894507311735
7189,63.78,0.006048716873677676,40.2002795099958
7190,63.78,0.006046094512356345,40.18301887207731
7191,63.78,0.006043492890348784,40.16589459989559
7192,63.78,0.006040811068127115,40.14824228917989
7193,63.78,0.0060378820974785665,40.12896302394917
7194,63.78,0.0060348177325415175,40.10879236493223
7195,63.78,0.006031718328072506,40.088390863933924
7196,63.78,0.006028059999301637,40.06431004389818
7197,63.78,0.0060245130477753865,40.04096209275501
7198,63.78,0.0060221556062441395,40.025443993111374
7199,63.78,0.006019714732818498,40.00937657173086
7200,63.78,0.006017515533673048,39.99489990116885
7201,63.78,0.00601444393992365,39.974680348004426
7202,63.78,0.006011279027465956,39.953846293613275
7203,63.78,0.006008099380911906,39.93291503581498
7204,63.78,0.006004881968385784,39.91173495308076
7205,63.78,0.006001489547889947,39.88940256563991
7206,63.78,0.005997817093431469,39.865226435747076
7207,63.78,0.005994813046100147,39.84545028562788
7208,63.78,0.0059922237727281676,39.8284045105884
7209,63.78,0.005989294575690677,39.80912077133901
7210,63.78,0.00598674836324767,39.79235818270456
7211,63.78,0.005984566555298921,39.7779944855195
7212,63.78,0.0059820393093590754,39.76135650982401
7213,63.78,0.00597922332880697,39.742817508958254
7214,63.78,0.0059764346065166694,39.72445779891668
7215,63.78,0.005973280856824883,39.70369471395241
7216,63.78,0.005970535008333251,39.685616925046155
7217,63.78,0.005967855592245392,39.66797635343884
7218,63.78,0.005964671723558645,39.647014402709935
7219,63.78,0.00596111047085286,39.62356757967359
7220,63.78,0.00595733697119317,39.59872306017871
7221,63.78,0.005953363759018243,39.572563321445905
7222,63.78,0.005949037159952892,39.54407649711524
7223,63.78,0.005944302882407961,39.512905021111486
7224,63.78,0.005939476041889127,39.481123607135146
7225,63.78,0.005934724596688148,39.44983814204761
7226,63.78,0.005930026229340692,39.418901697728664
7227,63.78,0.005925600004815283,39.3897567568546
7228,63.78,0.005921419838814741,39.362231636922864
7229,63.78,0.005917291007888916,39.335044183034405
7230,63.78,0.005913077426362138,39.30729829620911
7231,63.78,0.005908752570207207,39.27881929312461
7232,63.78,0.0059044501070009674,39.250487357397134
7233,63.78,0.005899728579413046,39.21939541484795
7234,63.78,0.005895065714602569,39.188689316218486
7235,63.78,0.00589039444896089,39.15792743873774
7236,63.78,0.005885690006880727,39.12694662044902
7237,63.78,0.005880391584335513,39.09205362386964
7238,63.78,0.005875213643085279,39.05795349318448
7239,63.78,0.005869976639031474,39.02346382315089
7240,63.78,0.0058650516539641194,38.991028511360156
7241,63.78,0.005860109330243405,38.95847849786558
7242,63.78,0.005855218973386803,38.92627023232383
7243,63.78,0.005850402099678732,38.89454544190322
7244,63.78,0.005845559972453827,38.86265383664374
7245,63.78,0.005840720772647438,38.83078102066656
7246,63.78,0.005835861282780964,38.798774072140446
7247,63.78,0.005830898782965428,38.76608813892591
7248,63.78,0.005825903028064432,38.73318264625403
7249,63.78,0.005820957136412199,38.7006050714741
7250,63.78,0.00581580489484181,38.66666776616413
7251,63.78,0.005810379625279598,38.63093145035618
7252,63.78,0.005804832857440645,38.59439418533885
7253,63.78,0.005799129649981171,38.55682575938808
7254,63.78,0.005793466591771204,38.51952113093723
7255,63.78,0.005787830249222292,38.48239181995485
7256,63.78,0.005782365314686735,38.44639101969617
7257,63.78,0.005776813155604409,38.40981497712108
7258,63.78,0.005771022486149611,38.3716670068273
7259,63.78,0.005765113193886374,38.3327368435285
7260,63.78,0.005759498071432386,38.295743979119756
7261,63.78,0.0057537244622669495,38.25770630177352
7262,63.78,0.005748200120873772,38.221310194648396
7263,63.78,0.005742847042193555,38.18604180923818
7264,63.78,0.005737144753984566,38.148472019506244
7265,63.78,0.005731243117660372,38.10958809665429
7266,63.78,0.0057257337778869105,38.07328822564776
7267,63.78,0.005720239229856705,38.037085179618465
7268,63.78,0.005714742191970984,38.00086509389627
7269,63.78,0.005709586828900967,37.96689573343268
7270,63.78,0.005704303717135832,37.93208404118955
7271,63.78,0.005698747773380587,37.895473961214016
7272,63.78,0.0056931343829278395,37.85848468637222
7273,63.78,0.00568750449414223,37.82138603167509
7274,63.78,0.005681918247540635,37.78457430320542
7275,63.78,0.005676332916696475,37.7477679541724
7276,63.78,0.005670446626928757,37.70897762970492
7277,63.78,0.005664349319715621,37.66879594471072
7278,63.78,0.005658562785038422,37.63066155059704
7279,63.78,0.005652658671750884,37.591751565681605
7280,63.78,0.005646853864344847,37.55349532438903
7281,63.78,0.00564127128422729,37.51670299137639
7282,63.78,0.005635281982175511,37.477229404941006
7283,63.78,0.005629391234590971,37.4384046247355
7284,63.78,0.005623782995946739,37.401441129148985
7285,63.78,0.005618654858612131,37.36764136835909
7286,63.78,0.0056134723185398624,37.333482475707235
7287,63.78,0.005608362966169813,37.299805421793685
7288,63.78,0.005603557912090705,37.26813357571721
7289,63.78,0.005599226046001821,37.239580266782305
7290,63.78,0.005596204748979173,37.21966528410734
7291,63.78,0.005594881393245898,37.21094227913148
7292,63.78,0.005593184505535158,37.19975705446998
7293,63.78,0.005591224498650774,37.18683737513257
7294,63.78,0.005589080839754393,37.17270703361156
7295,63.78,0.005586542765353108,37.15597670131815
7296,63.78,0.00558367927804259,37.13710116852555
7297,58.78,0.00558038254286447,44.30808525800218
7298,58.78,0.005577036921171395,44.28175719904719
7299,58.78,0.005573818336810941,44.25642858362475
7300,58.78,0.005570740816001062,44.23220982332092
7301,58.78,0.005567524047454926,44.206894989522745
7302,58.78,0.005564241899768546,44.18106537744582
7303,58.78,0.0055607624349234925,44.15368263779211
7304,58.78,0.005556885024374151,44.123167781880625
7305,58.78,0.005553068107088926,44.093128633928494
7306,58.78,0.005549305565269867,44.0635170633504
7307,58.78,0.005545864366404077,44.03643418219834
7308,58.78,0.005542882688726726,44.01296757887513
7309,58.78,0.005540242736927042,43.99219026375439
7310,58.78,0.005537272457739927,43.96881295116303
7311,58.78,0.005534141970618604,43.94417449702606
7312,58.78,0.005530655632482906,43.916735033217236
7313,58.78,0.00552707023637747,43.88851560881739
7314,58.78,0.005523631698749933,43.86145175423226
7315,58.78,0.005520289469096106,43.83514563092185
7316,58.78,0.005516908956972491,43.808537907701215
7317,58.78,0.005513516120368018,43.781832891265914
7318,58.78,0.005510089390145156,43.75486080501905
7319,58.78,0.005506665230149809,43.727908654976105
7320,58.78,0.005503124956520253,43.70004224531952
7321,58.78,0.005499467127963697,43.67125020011818
7322,58.78,0.0054959024370642,43.64319095093344
7323,58.78,0.005492197214393812,43.614025176468665
7324,58.78,0.0054883602394828115,43.58382194712057
7325,58.78,0.005484415682712447,43.55277148858015
7326,58.78,0.005480581592476725,43.5225902178349
7327,58.78,0.005476599790372323,43.491245795291775
7328,58.78,0.0054727123866635564,43.460644085438524
7329,58.78,0.005469178878310827,43.43282791700611
7330,58.78,0.005465726316013678,43.405648662241724
7331,58.78,0.005462742117771992,43.38215622114693
7332,58.78,0.005459852034485352,43.35940446621588
7333,58.78,0.0054570076476169035,43.33701224494183
7334,58.78,0.005454187172569965,43.314808067198335
7335,58.78,0.005451051094673155,43.290119072971834
7336,58.78,0.005448279769767108,43.26830141693894
7337,58.78,0.005447308638548936,43.26065600040117
7338,58.78,0.005446274773210978,43.25251667147719
7339,58.78,0.005445009685905239,43.242556961007956
7340,58.78,0.005442412959700532,43.22211347047252
7341,58.78,0.005439391583861065,43.19832658782716
7342,58.78,0.005436528418200049,43.17578506105543
7343,58.78,0.005433513200644299,43.152046216663415
7344,58.78,0.005430632807927949,43.12936863676243
7345,58.78,0.005428040542528592,43.10895933000869
7346,58.78,0.005425238974244495,43.086901959607516
7347,58.78,0.005422192913914332,43.06291942539564
7348,58.78,0.005419013183630116,43.03788421964666
7349,58.78,0.005415827577302301,43.01280249512684
7350,58.78,0.0054134869143038925,42.994373230608986
7351,58.78,0.005411157347598211,42.976031196467154
7352,58.78,0.005409012211137569,42.95914116848603
7353,58.78,0.005406164265931027,42.9367173003769
7354,58.78,0.005403596962385869,42.9165029462198
7355,58.78,0.005401176100064338,42.897441484817094
7356,58.78,0.005399506609217818,42.88429610990706
7357,58.78,0.005397923050982037,42.871827293628655
7358,58.78,0.005396368105078995,42.85958370741439
7359,58.78,0.005394540497658729,42.84519311696116
7360,58.78,0.005392733973488125,42.83096845372463
7361,58.78,0.005391093352909688,42.81805005282928
7362,58.78,0.0053896548896296016,42.8067234019406
7363,58.78,0.005388376201410651,42.796654797491016
7364,58.78,0.005386836437369585,42.78453038397258
7365,58.78,0.005385260188344748,42.77211861866167
7366,58.78,0.0053843332288477565,42.764819486699096
7367,58.78,0.005383580960425173,42.758895904057646
7368,58.78,0.005382758181338329,42.7524170834571
7369,58.78,0.0053819647256282905,42.746169148226
7370,58.78,0.005380952567272188,42.73819905238517
7371,58.78,0.005379943240060907,42.730251224377376
7372,58.78,0.005378758062857983,42.7209186537165
7373,58.78,0.005377510896265991,42.711097915141444
7374,58.78,0.005376245739317908,42.70113547268778
7375,58.78,0.005375215776190779,42.69302502762421
7376,58.78,0.005374498483302592,42.68737668875226
7377,58.78,0.005374050721657301,42.68385077312537
7378,58.78,0.0053739206759001595,42.68282672206053
7379,58.78,0.005373772961191656,42.681663535541894
7380,58.78,0.005373220143753724,42.67731034339424
7381,58.78,0.005372363957495563,42.670568241188946
7382,58.78,0.005371718023493819,42.66548177379459
7383,58.78,0.005370709894105976,42.65754314420178
7384,58.78,0.0053696391410644325,42.649111349578774
7385,58.78,0.005368388464673691,42.63926268692569
7386,58.78,0.005367524893825665,42.632462329385646
7387,58.78,0.00536685826408317,42.62721281029377
7388,58.78,0.00536600055814923,42.62045860427896
7389,58.78,0.00536467988000213,42.61005857915651
7390,58.78,0.005363171606958646,42.598181235446994
7391,58.78,0.005361751199319538,42.58699576172022
7392,58.78,0.00536075453996127,42.57914720492977
7393,58.78,0.005359989120018016,42.57311961012715
7394,58.78,0.005358595750995923,42.56214695014787
7395,58.78,0.005357602304797353,42.5543236178878
7396,58.78,0.005356566977902213,42.546170451158076
7397,58.78,0.0053553015077956855,42.53620487732721
7398,58.78,0.005353976956534263,42.52577399648632
7399,58.78,0.005352647514311771,42.51530455488628
7400,58.78,0.005351621553782863,42.50722502048356
7401,58.78,0.005350164106988508,42.495747446248025
7402,58.78,0.0053486198211996445,42.48358594596724
7403,58.78,0.005347510358300836,42.474848709289006
7404,58.78,0.005346256802755496,42.46497667773265
7405,58.78,0.005344965062168083,42.454803889113904
7406,58.78,0.005343923678757199,42.44660269700501
7407,58.78,0.00534295801119523,42.43899776452228
7408,58.78,0.005341752730255126,42.429505769289456
7409,58.78,0.00534025198411447,42.417686834640946
7410,58.78,0.005338559730756712,42.40435964151383
7411,58.78,0.005336877130987644,42.39110840308617
7412,58.78,0.00533566515271331,42.38156347892344
7413,58.78,0.005334813581675116,42.374856916693766
7414,58.78,0.005334225933299147,42.37022887127155
7415,58.78,0.0053333639822525074,42.36344052984602
7416,58.78,0.005332297910749819,42.35504460107957
7417,58.78,0.005330853384565722,42.34366807759704
7418,58.78,0.0053294241044953335,42.33241157497504
7419,58.78,0.005328143399824945,42.32232515590231
7420,58.78,0.005326622913049318,42.31035023642641
7421,58.78,0.005325091728912974,42.2982910089256
7422,58.78,0.00532359806114666,42.28652719434712
7423,58.78,0.005322038675941984,42.27424574320789
7424,58.78,0.0053207840937304785,42.264364823979875
7425,58.78,0.005320021259013974,42.25835682196039
7426,58.78,0.005319372064987123,42.25324382995829
7427,58.78,0.00531903968234006,42.250626010931626
7428,58.78,0.0053174825677300775,42.23836226441063
7429,58.78,0.005315570545388874,42.223303201404214
7430,58.78,0.005313295039267491,42.20538122524381
7431,58.78,0.005310904293389313,42.186551476127256
7432,58.78,0.005308094099144781,42.16441792699972
7433,58.78,0.005305417879339375,42.14333939808218
7434,58.78,0.005302810148203119,42.122800128812074
7435,58.78,0.0053005963609219185,42.105363544971375
7436,58.78,0.005298069956861617,42.08546452870408
7437,58.78,0.005295296629107867,42.063620453466896
7438,58.78,0.005292487934358387,42.04149761373059
7439,58.78,0.005289658835039843,42.01921385598405
7440,58.78,0.005287131610987681,41.99930768687289
7441,58.78,0.005285188741721141,41.98400419220489
7442,58.78,0.005283193008566363,41.96828420321662
7443,58.78,0.005280111592163078,41.94401230899364
7444,58.78,0.005277242007600174,41.92140877065566
7445,58.78,0.005274366953463297,41.89876194140705
7446,58.78,0.005271677504026747,41.87757693423219
7447,58.78,0.005268904322853767,41.85573217525588
7448,58.78,0.005266722830236919,41.83854809895634
7449,58.78,0.005264712017898994,41.82270840124998
7450,58.78,0.005262453147237022,41.80491456174644
7451,58.78,0.005260041019990524,41.78591333008877
7452,58.78,0.005257177318593588,41.7633546896054
7453,58.78,0.00525436251619884,41.74118104740282
7454,58.78,0.00525153099928075,41.718875535523885
7455,58.78,0.0052485173396336566,41.69513495777882
7456,58.78,0.005245239415520629,41.669312336115816
7457,58.78,0.0052420261832940825,41.643999078092826
7458,58.78,0.005238761832392021,41.61828285086241
7459,58.78,0.005235780988874005,41.59479983238331
7460,58.78,0.005231813458428428,41.56354337010508
7461,58.78,0.005227988927327692,41.5334130916068
7462,58.78,0.005224111620233082,41.502866660123495
7463,58.78,0.005220892352475757,41.47750414632436
7464,58.78,0.005217370487591751,41.44975736862339
7465,58.78,0.005214231858118382,41.42502962294809
7466,58.78,0.005210828931499235,41.3982193280735
7467,58.78,0.005207246012984442,41.369990634761535
7468,58.78,0.005204535562658527,41.34863563088273
7469,58.78,0.005202067076955955,41.32918684904675
7470,58.78,0.0052000465943657405,41.31326769410441
7471,58.78,0.005197445372485082,41.29277280861407
7472,58.78,0.005195493545600202,41.277394359271284
7473,58.78,0.0051935730778133425,41.26226289491792
7474,58.78,0.005191764092477999,41.24800972176707
7475,58.78,0.005189274498422023,41.228393831198595
7476,58.78,0.005186460039007361,41.206218089460506
7477,58.78,0.005183267245538411,41.18106112992561
7478,58.78,0.005180010705522358,41.15540162870365
7479,58.78,0.00517678712913327,41.130001597813845
7480,58.78,0.005173578180334364,41.10471656503616
7481,58.78,0.005170164727050346,41.07781984744566
7482,58.78,0.0051669805239404985,41.05272927033464
7483,58.78,0.005163763965869284,41.027383487017765
7484,58.78,0.005160619882905111,41.00260854061472
7485,58.78,0.005157414708092216,40.977351943033305
7486,58.78,0.00515445160940833,40.95400266209204
7487,58.78,0.005151571529017216,40.93130735560262
7488,58.78,0.005148754803075227,40.90911108653857
7489,58.78,0.0051463409095832665,40.89008904554014
7490,58.78,0.0051441583731877995,40.872890026097465
7491,58.78,0.00514221692218368,40.85759072880754
7492,58.78,0.005140547142084906,40.844432215303186
7493,58.78,0.005138865512455684,40.83118025208838
7494,58.78,0.005137186687412234,40.81795031931599
7495,58.78,0.00513574336220954,40.80657617967783
7496,58.78,0.005134728770048783,40.79858064400534
7497,58.78,0.005133755685945791,40.79091218999954
7498,58.78,0.005133025324087203,40.78515650915213
7499,58.78,0.005132135835241666,40.778146795984746
7500,58.78,0.005131439305660677,40.772657705313506
7501,58.78,0.0051307960872348434,40.7675887292061
7502,58.78,0.005130376189874439,40.76427966153883
7503,58.78,0.005129951568843751,40.76093336373292
7504,58.78,0.005129282742694391,40.75566255702056
7505,58.78,0.005128419833142093,40.74886222396748
7506,58.78,0.0051276144848510785,40.74251549717783
7507,58.78,0.0051268054162736,40.73613943542579
7508,58.78,0.005125917807960902,40.72914440325695
7509,58.78,0.005125016676792703,40.72204278038965
7510,58.78,0.005123981018068629,40.71388094928927
7511,58.78,0.0051228638147052565,40.70507645003655
7512,58.78,0.005121685199486334,40.69578793986268
7513,58.78,0.005120559176444851,40.686913869047295
7514,58.78,0.005119474125854861,40.678362667721025
7515,58.78,0.005118264981645785,40.668833459139755
7516,58.78,0.005117346114160128,40.66159188317351
7517,58.78,0.005116220261288382,40.652719030656726
7518,58.78,0.005115160278285838,40.64436526981235
7519,58.78,0.005114127901935791,40.636229050754004
7520,58.78,0.0051133573239020855,40.63015606224531
7521,58.78,0.005113121345406406,40.628296293435035
7522,58.78,0.005112906486948316,40.626602972418134
7523,58.78,0.005112731321450998,40.625222474739935
7524,58.78,0.005112694898313175,40.62493542006916
7525,58.78,0.005112893061934261,40.62649716849992
7526,58.78,0.005113164927911703,40.628639771380605
7527,58.78,0.00511317595181655,40.62872665183489
7528,58.78,0.005113368812983113,40.63024660874219
7529,58.78,0.00511309334441915,40.62807561491715
7530,58.78,0.005112732960342891,40.625235391022606
7531,58.78,0.005112243107692932,40.621374806775556
7532,58.78,0.005112046992032928,40.61982919534338
7533,58.78,0.005111770143865217,40.61764731952719
7534,58.78,0.005111519784218126,40.61567420147072
7535,58.78,0.005110917993205763,40.61093139910555
7536,58.78,0.00511041691405114,40.606982314571724
7537,58.78,0.00510978604959817,40.60201036247896
7538,58.78,0.0051087319977208235,40.59370317462788
7539,58.78,0.00510753547247541,40.58427309260726
7540,58.78,0.00510605600875259,40.57261305965337
7541,58.78,0.005104586010666867,40.561027573318015
7542,58.78,0.005103196232352309,40.55007427258801
7543,58.78,0.005101828415292266,40.53929400833081
7544,58.78,0.005101036783950823,40.533054852018125
7545,58.78,0.005100417079571621,40.528170708364954
7546,58.78,0.005099724409590191,40.52271148153398
7547,58.78,0.005098198739601626,40.51068698469401
7548,58.78,0.005096723687103988,40.499061371613024
7549,58.78,0.0050949136660156154,40.48479563183891
7550,58.78,0.005093293840033071,40.472028851112626
7551,58.78,0.005091543785641372,40.45823559122284
7552,58.78,0.005089885438272824,40.445165059993776
7553,58.78,0.005087861312979735,40.42921149759114
7554,58.78,0.005086319492493182,40.417059251227364
7555,58.78,0.005084649074085086,40.40389336051881
7556,58.78,0.005082905223821588,40.39014862034631
7557,58.78,0.005080953542701662,40.374765700977456
7558,58.78,0.005079290829318852,40.36166031553439
7559,58.78,0.005078170246341335,40.35282792314408
7560,58.78,0.005076437040734467,40.33916680032353
7561,58.78,0.005074903867955238,40.32708227286257
7562,58.78,0.005073657738939007,40.317260191965985
7563,58.78,0.005072272970159589,40.30634529642387
7564,58.78,0.005070584611012092,40.293037403924416
7565,58.78,0.005068878892174651,40.27959260704513
7566,58.78,0.0050669332185142735,40.264256351784034
7567,58.78,0.0050646481305092654,40.24624463167012
7568,58.78,0.005062322195284583,40.22791080720988
7569,58.78,0.005060117217289185,40.21053028379525
7570,58.78,0.005058413419171746,40.19710017803259
7571,58.78,0.005056884186031215,40.18504601005198
7572,58.78,0.005055103981252327,40.17101348607616
7573,58.78,0.005053467575835695,40.15811439511557
7574,58.78,0.005052106464436049,40.14738527902416
7575,58.78,0.005050597625520387,40.13549162947178
7576,58.78,0.005049064521366729,40.123406646901934
7577,58.78,0.005047178966317528,40.108543322649155
7578,58.78,0.005045625783615272,40.096299933229325
7579,58.78,0.00504353036747616,40.07978214363305
7580,58.78,0.005041582146540692,40.06442456838129
7581,58.78,0.005039426773451006,40.04743392811822
7582,58.78,0.005036775168890764,40.02653137308995
7583,58.78,0.005034245921961585,40.00659319649823
7584,58.78,0.005031713972277958,39.986633552841106
7585,58.78,0.005029263809949931,39.9673184946101
7586,58.78,0.005026802019579258,39.94791161844466
7587,58.78,0.0050244624797266884,39.92946833081098
7588,58.78,0.005022024316680878,39.9102474207795
7589,58.78,0.0050198126391831285,39.892811847899445
7590,58.78,0.005017695671158751,39.87612279393595
7591,58.78,0.005015499528615294,39.858809450920006
7592,58.78,0.0050138413247531695,39.84573688018224
7593,58.78,0.0050126779448866335,39.83656524912295
7594,58.78,0.0050118770247487955,39.83025108877151
7595,58.78,0.005011222028148304,39.82508732402919
7596,58.78,0.005010930629557683,39.82279003570974
7597,58.78,0.005010885681923609,39.82243568351497
7598,58.78,0.005010587077694549,39.82008158581668
7599,58.78,0.005009598509649777,39.81228802393725
7600,58.78,0.005008618573064515,39.80456248553373
7601,58.78,0.005007618959229198,39.796681792463495
7602,58.78,0.005006958962821199,39.79147854026414
7603,58.78,0.005006440855195557,39.787393897263485
7604,58.78,0.005005229159681518,39.777841138317285
7605,58.78,0.005003821007704615,39.76673951051538
7606,58.78,0.005002170920522793,39.75373044374425
7607,58.78,0.005000719957095085,39.74229118545179
7608,58.78,0.004999484150318664,39.73254816007432
7609,58.78,0.0049981781913278,39.72225201716707
7610,58.78,0.004997059028370139,39.7134285346516
7611,58.78,0.004995702524481881,39.70273381363543
7612,58.78,0.004994411589761428,39.692555999103845
7613,58.78,0.004992866714077023,39.68037604216056
7614,58.78,0.004991090716559075,39.66637382301727
7615,58.78,0.0049891552122701575,39.65111393927613
7616,58.78,0.004988125513760164,39.64299556208679
7617,58.78,0.004987371594712846,39.637051475978076
7618,58.78,0.004986830585224412,39.63278601320913
7619,58.78,0.004986827559611983,39.63276215845492
7620,58.78,0.004986736894874445,39.63204733281124
7621,58.78,0.004987056780107326,39.63456939475181
7622,58.78,0.004987274474382551,39.63628575399256
7623,58.78,0.004986144084034926,39.62737344455627
7624,58.78,0.004984707558433364,39.61604743392544
7625,58.78,0.004982634404930222,39.599701961182205
7626,58.78,0.004980708394788562,39.58451652168291
7627,58.78,0.004979055173295889,39.57148178331803
7628,58.78,0.00497769295275345,39.560741375060374
7629,58.78,0.004975933918460362,39.5468722254478
7630,58.78,0.00497416825362183,39.53295071886503
7631,58.78,0.004971885300576436,39.51495050138063
7632,58.78,0.004969606154991091,39.49698017350198
7633,58.78,0.0049669172657891,39.4757789813452
7634,58.78,0.004963438110682337,39.44834647812376
7635,58.78,0.0049596415648549734,39.4184110595614
7636,58.78,0.00495623834802136,39.39157669616182
7637,58.78,0.004952727487458468,39.36389325668078
7638,58.78,0.004949158458458847,39.33575083621482
7639,58.78,0.004945352495897315,39.30573979994438
7640,58.78,0.004942019496535292,39.27945790614583
7641,58.78,0.004939272704440223,39.25779825655512
7642,58.78,0.004936573055538154,39.23651016657997
7643,58.78,0.004933999071369749,39.2162128355102
7644,58.78,0.0049314834609341714,39.19637565351174
7645,58.78,0.004929687094870593,39.182210071611436
7646,58.78,0.004928142234286199,39.170027718461306
7647,58.78,0.0049265804985560175,39.1577122314394
7648,58.78,0.00492453683523472,39.14159628212712
7649,58.78,0.004922349207270836,39.12434493794283
7650,58.78,0.004919888596553297,39.10494074406106
7651,58.78,0.004916793760726503,39.08053488164891
7652,58.78,0.00491360902469546,39.05541981501302
7653,58.78,0.004910539614541546,39.03121397537374
7654,58.78,0.004907419080011525,39.006604718051435
7655,58.78,0.004904080128162159,38.980272699871605
7656,58.78,0.004901080577328153,38.956617065012686
7657,58.78,0.004897670442994172,38.92972313256869
7658,58.78,0.004894313335691215,38.903247110547404
7659,58.78,0.00489083512915899,38.875815733288974
7660,58.78,0.004887362296088705,38.84842643089201
7661,58.78,0.004883798319332528,38.82031798716212
7662,58.78,0.004880443291948282,38.79385719747575
7663,58.78,0.004876861328890078,38.76560627453752
7664,58.78,0.004873781604050624,38.741316243521915
7665,58.78,0.004871078575420152,38.71999704832921
7666,58.78,0.004869000915231427,38.703610103537976
7667,58.78,0.004867254174041159,38.689833102732756
7668,58.78,0.004865599721651307,38.67678393682572
7669,58.78,0.00486396682230896,38.66390469877092
7670,58.78,0.004862580137053472,38.65296738311067
7671,58.78,0.004861098273186214,38.64127930393699
7672,58.78,0.004859736724629434,38.63054015314641
7673,58.78,0.004858180675884301,38.61826683405566
7674,58.78,0.004856680163647474,38.60643150091099
7675,58.78,0.004855012515837305,38.59327781467077
7676,58.78,0.004853160543356675,38.57867017295181
7677,58.78,0.004851205764481183,38.56325154056156
7678,58.78,0.004849231756754424,38.54768113992241
7679,58.78,0.004847485386053785,38.53390619238633
7680,58.78,0.0048458713295201255,38.521174838576705
7681,58.78,0.004843539067858244,38.50277831111702
7682,58.78,0.004841587124368014,38.487381570670024
7683,58.78,0.004839767496430048,38.47302843606609
7684,58.78,0.004837944851919045,38.458651423339
7685,58.78,0.004835944467213562,38.442872300413974
7686,58.78,0.004833576648962031,38.424194715277494
7687,58.78,0.0048310502372146125,38.40426597330702
7688,58.78,0.004828936791506446,38.38759465042331
7689,58.78,0.004826990416821571,38.372241120933516
7690,58.78,0.00482549659031875,38.360457349119315
7691,58.78,0.004824112341347071,38.34953790908565
7692,58.78,0.004822628325226485,38.3378314173156
7693,58.78,0.004821104558396523,38.32581129892912
7694,58.78,0.004819926046665995,38.3165146589722
7695,58.78,0.004818749500432016,38.30723348887794
7696,58.78,0.004817551184379109,38.29778055202433
7697,58.78,0.004816348197439726,38.28829073244409
7698,58.78,0.004815154224136347,38.27887198133875
7699,58.78,0.004813819995055762,38.268346769189144
7700,58.78,0.004812370645813632,38.256913368265685
7701,58.78,0.00481061994764823,38.243102662303485
7702,58.78,0.004808572811227087,38.22695335052993
7703,58.78,0.004806572606963756,38.21117417210286
7704,58.78,0.004804447401496325,38.19440877588405
7705,58.78,0.004802211413468437,38.17676931153305
7706,58.78,0.004799843328845518,38.15808761439483
7707,58.78,0.0047972750662782435,38.13782656422583
7708,58.78,0.004794563773098467,38.11643696388251
7709,58.78,0.0047917248445790254,38.09404024019381
7710,58.78,0.004788628773335667,38.06961464852009
7711,58.78,0.004785352375214415,38.04376615535304
7712,58.78,0.004782154114715731,38.01853385279232
7713,58.78,0.004779496507063785,37.99756677179664
7714,58.78,0.004776971557226768,37.977646124184105
7715,58.78,0.00477492813539992,37.961524384947396
7716,58.78,0.00477345062277947,37.94986736597304
7717,58.78,0.004772111127975978,37.939299208172336
7718,58.78,0.004771107498131737,37.93138088090841
7719,58.78,0.004770167704462162,37.92396617821187
7720,58.78,0.004769274881345814,37.91692203911979
7721,58.78,0.004768138485190981,37.9079561439153
7722,58.78,0.004766952141539155,37.89859614015659
7723,58.78,0.004765957975927249,37.890752353724174
7724,58.78,0.004764937848589421,37.8827037081123
7725,58.78,0.00476365474530676,37.87258018610039
7726,58.78,0.004762521514654897,37.86363910564626
7727,58.78,0.004761228295364906,37.85343569077583
7728,58.78,0.004759986138110927,37.84363511235169
7729,58.78,0.004758509771755297,37.8319865815641
7730,58.78,0.004757011825495948,37.820167729240914
7731,58.78,0.004755742967120549,37.810156344739156
7732,58.78,0.004754322962482496,37.798952357204904
7733,58.78,0.004753109549348546,37.78937835836748
7734,58.78,0.004751573915592229,37.77726194073665
7735,58.78,0.004749968182063996,37.764592360196644
7736,58.78,0.0047487048275801046,37.754624177816936
7737,58.78,0.004747961019960431,37.748755331147514
7738,58.78,0.004747659375062041,37.74637526597518
7739,58.78,0.004747562213307936,37.745608631248636
7740,58.78,0.004747628781053726,37.74613387030543
7741,58.78,0.004747890168625396,37.74819629390297
7742,58.78,0.0047501375830232805,37.765928973014695
7743,58.78,0.004752253856971188,37.78262680389289
7744,58.78,0.004752879441957607,37.787562774782515
7745,58.78,0.00475344315453988,37.792010553543655
7746,58.78,0.004753779856992251,37.794667183734134
7747,58.78,0.004754326358798817,37.79897915456226
7748,58.78,0.004754077535027286,37.797015903349426
7749,58.78,0.004753000796928836,37.78852028480013
7750,58.78,0.00475177445311578,37.778844220074006
7751,58.78,0.004750333326973788,37.76747343723714
7752,58.78,0.004748537501813143,37.753303932714786
7753,58.78,0.004746603549327792,37.738044478632865
7754,58.78,0.004744875118751701,37.72440657318034
7755,58.78,0.004743020267997893,37.709771085820776
7756,58.78,0.004740811706749722,37.69234457333841
7757,58.78,0.004738612377440187,37.67499078282233
7758,58.78,0.0047361887727965955,37.65586720848659
7759,58.78,0.004733913794344944,37.6379162420055
7760,58.78,0.004731815007536823,37.62135541939065
7761,58.78,0.0047302691963407514,37.60915787088395
7762,58.78,0.00472899045742562,37.59906766692795
7763,58.78,0.00472790964293012,37.5905392021795
7764,58.78,0.004726980761490705,37.583209583591255
7765,58.78,0.004726075308329961,37.576064811974234
7766,58.78,0.004725530205381246,37.571763490536405
7767,58.78,0.004725183620184663,37.56902863749473
7768,58.78,0.004724817997198139,37.56614355676115
7769,58.78,0.004723964532029993,37.55940896732276
7770,58.78,0.004723310705181712,37.554249687082375
7771,58.78,0.004722352943601611,37.54669206977771
7772,58.78,0.004721634042569799,37.541019266098964
7773,58.78,0.004720920672418707,37.53539009339297
7774,58.78,0.004720213599661322,37.529810600498855
7775,58.78,0.004719472101775983,37.52395944628258
7776,58.78,0.004718769766900328,37.51841731431108
7777,58.78,0.004717946238033655,37.511918823444674
7778,58.78,0.004716948496262394,37.504045590466575
7779,58.78,0.0047158769836124674,37.49559019967138
7780,58.78,0.004714533377285117,37.48498765535506
7781,58.78,0.004713214109987692,37.474577128745366
7782,58.78,0.004711804580490228,37.46345428179291
7783,58.78,0.004710240918593351,37.45111509022973
7784,58.78,0.004709231121361656,37.44314653086525
7785,58.78,0.004708711003080817,37.43904213902701
7786,58.78,0.004708754434920835,37.43938487150126
7787,58.78,0.004709308502829402,37.44375716804822
7788,58.78,0.004710132768050675,37.4502616488134
7789,58.78,0.004710683198306988,37.45460522060113
7790,58.78,0.004710846617418356,37.45589479693708
7791,58.78,0.00471028214822275,37.45144044287292
7792,58.78,0.0047096840767040715,37.44672091652358
7793,58.78,0.004708910082847295,37.44061313127512
7794,58.78,0.004708166485554286,37.43474519894443
7795,58.78,0.004706501474208753,37.42160608244941
7796,58.78,0.004705049901128582,37.410151215966195
7797,58.78,0.004703523936610155,37.39810924363229
7798,58.78,0.0047017283239129916,37.38393929880526
7799,58.78,0.004700054189297688,37.37072791612748
7800,58.78,0.0046992282402170925,37.364209937936835
7801,58.78,0.004698706444887387,37.360092180591174
7802,58.78,0.004698473939173677,37.35825735530916
7803,58.78,0.004698464036012947,37.35817920421164
7804,58.78,0.004698062768865724,37.3550125900983
7805,58.78,0.004697317928123993,37.34913464186575
7806,58.78,0.0046956793487677355,37.33620366115455
7807,58.78,0.004693916309172506,37.32229041693682
7808,58.78,0.0046922928164607886,37.30947835490634
7809,58.78,0.004690862669255051,37.29819205600872
7810,58.78,0.004689875290196455,37.29039992235402
7811,58.78,0.004689110503213393,37.28436440944669
7812,58.78,0.004688616293838974,37.28046422139803
7813,58.78,0.004688376816506496,37.27857431851076
7814,58.78,0.004688070030728691,37.27615322993975
7815,58.78,0.004687782273315791,37.2738823070515
7816,58.78,0.004687485972781558,37.271543961410416
7817,58.78,0.004687020856584757,37.267873351245136
7818,58.78,0.004686390927053381,37.2629020563347
7819,58.78,0.004685647890113053,37.257038124467606
7820,58.78,0.004684810719393098,37.25043128680438
7821,58.78,0.004683824565256451,37.24264866959807
7822,58.78,0.004682817741409168,37.23470290409573
7823,58.78,0.004681864506100864,37.22718003111209
7824,58.78,0.0046809329122170975,37.219827928772794
7825,58.78,0.004679762043293528,37.210587446213935
7826,58.78,0.004678506520671667,37.20067883938401
7827,58.78,0.004677174575988527,37.19016706488386
7828,58.78,0.004675608550235513,37.177807853636594
7829,58.78,0.004673889591413904,37.16424161021096
7830,58.78,0.0046723362124363715,37.15198208012377
7831,58.78,0.0046708418333663146,37.14018812993944
7832,58.78,0.004669415300107672,37.128929580518
7833,58.78,0.0046678623111621395,37.11667295360376
7834,58.78,0.0046670651187000105,37.110381262177285
7835,58.78,0.004666356149803646,37.10478584518502
7836,58.78,0.004665060054945941,37.0945566032062
7837,58.78,0.004663297910837817,37.08064906676965
7838,58.78,0.00466114843737019,37.063684468331594
7839,58.78,0.004659041147672106,37.04705268993655
7840,58.78,0.004656257321672093,37.025081179055796
7841,58.78,0.004653615759534655,37.004232313582605
7842,58.78,0.004650637358689692,36.9807246948876
7843,58.78,0.004647424860436824,36.95536916550876
7844,58.78,0.004644067339867399,36.928868729594214
7845,58.78,0.004639920696559079,36.89613946732184
7846,58.78,0.00463574616611753,36.86318965563004
7847,58.78,0.004631527501508157,36.829891044343746
7848,58.78,0.004627484207805599,36.79797624355013
7849,58.78,0.0046234397400703574,36.7660517637252
7850,58.78,0.004619348658058652,36.7337589208771
7851,58.78,0.004615268536557959,36.70155217450532
7852,58.78,0.004611031775347064,36.66810853685952
7853,58.78,0.0046068612287595975,36.635187134523
7854,58.78,0.004602566279094545,36.60128326283164
7855,58.78,0.004598364545171495,36.5681147764045
7856,58.78,0.004594271594268266,36.53580459536045
7857,58.78,0.00459039949108526,36.50523742064799
7858,58.78,0.004586903264210042,36.477637165819914
7859,58.78,0.004583704384868782,36.452383991010976
7860,58.78,0.0045807683540278555,36.429205615656365
7861,58.78,0.004578396605950588,36.41048178887037
7862,58.78,0.004575725724408927,36.38939627547378
7863,58.78,0.0045728656233281215,36.36681675215544
7864,58.78,0.0045699632025583675,36.34390291856173
7865,58.78,0.004566654538267028,36.31778164235576
7866,58.78,0.004564440996920499,36.30030599978258
7867,58.78,0.0045627694761688166,36.28710946275077
7868,58.78,0.004560458486490607,36.268864248206626
7869,58.78,0.004557907043093818,36.248720500309986
7870,58.78,0.004555198306743705,36.22733473868528
7871,58.78,0.004551949673390586,36.20168618890038
7872,58.78,0.004548646966895475,36.17561044917279
7873,58.78,0.004545386596720995,36.14986869620753
7874,58.78,0.004543729773520216,36.136787399910666
7875,58.78,0.004542530707107625,36.127320237380516
7876,58.78,0.004541777171447217,36.12137071971507
7877,58.78,0.004541332603924989,36.1178606437834
7878,58.78,0.0045411022919239095,36.116042217015355
7879,58.78,0.004541065402558413,36.115750957167975
7880,58.78,0.004541464782253786,36.11890425623538
7881,58.78,0.00454200060992739,36.12313487286614
7882,58.78,0.004542479352013025,36.1269147652627
7883,58.78,0.0045427835809882045,36.12931679213146
7884,58.78,0.004542736736489895,36.12894693354946
7885,58.78,0.004542197000485197,36.124685468757015
7886,58.78,0.004541272912646909,36.117389351849816
7887,58.78,0.004540665903940078,36.112596715123104
7888,58.78,0.0045395084820676135,36.10345826597945
7889,58.78,0.004539363539032221,36.10231386276511
7890,58.78,0.004539709656787404,36.105046647705805
7891,58.78,0.004539873709076749,36.10634192728629
7892,58.78,0.004539795616142656,36.10572534235818
7893,58.78,0.0045395332682624705,36.10365396626477
7894,58.78,0.004539266067383721,36.101544271382444
7895,58.78,0.0045389237417782355,36.098841423682195
7896,58.78,0.004538426165436774,36.09491278132623
7897,58.78,0.0045377349888856625,36.08945554712854
7898,58.78,0.004536664965464677,36.08100707645644
7899,58.78,0.004535969359692234,36.0755148401041
7900,58.78,0.0045347869397808745,36.066178878060796
7901,58.78,0.004533334181153515,36.0547083705677
7902,58.78,0.004531364823538857,36.03915888130981
7903,58.78,0.004529678621737833,36.025845032371926
7904,58.78,0.004528500839453925,36.016545500675015
7905,58.78,0.00452723081827306,36.00651763004396
7906,58.78,0.0045263635991690645,35.99967019255021
7907,58.78,0.004526235666334124,35.998660051654824
7908,58.78,0.004526587723836828,36.001439850554334
7909,58.78,0.004525877942970981,35.995835512679804
7910,58.78,0.0045255983767609805,35.993628090574106
7911,58.78,0.0045254910846178,35.99278092383362
7912,58.78,0.004525199310493079,35.9904771065705
7913,58.78,0.004524692794341477,35.98647770414855
7914,58.78,0.004524197836386111,35.98256955787584
7915,58.78,0.004525096205287941,35.989662998391914
7916,58.78,0.0045256363841316045,35.99392819244424
7917,58.78,0.00452523874822297,35.99078850279052
7918,58.78,0.004523709952166903,35.97871725918356
7919,58.78,0.004521414293211616,35.9605908207022
7920,58.78,0.004519057602415455,35.941982338862935
7921,58.78,0.004516632299101989,35.92283194491277
7922,58.78,0.004513295331430716,35.89648273203237
7923,58.78,0.004510110200090704,35.87133218046633
7924,58.78,0.004506277884388604,35.84107096889052
7925,58.78,0.004502394072796237,35.81040275126731
7926,58.78,0.004498360132374904,35.77854865036078
7927,58.78,0.004495320405330134,35.75454510661367
7928,58.78,0.004492817052639628,35.73477692787896
7929,58.78,0.004490453744541653,35.71611449169531
7930,58.78,0.00448795728412363,35.69640043295092
7931,58.78,0.004485785198573009,35.67924777114257
7932,58.78,0.0044836430492164285,35.66233139485158
7933,58.78,0.004481552845017267,35.64582511365095
7934,58.78,0.004480464971364935,35.63723416376946
7935,58.78,0.004479200608379958,35.62724943824549
7936,58.78,0.00447781268314876,35.61628889026894
7937,58.78,0.004477106049676878,35.61070853493463
7938,58.78,0.004475994106318013,35.60192738131682
7939,58.78,0.0044747271073630164,35.59192169656621
7940,58.78,0.004473069883056692,35.578834281370874
7941,58.78,0.0044714328063667225,35.56590590774017
7942,58.78,0.004469209948663735,35.54835137766227
7943,58.78,0.004466820212822281,35.52947882520188
7944,58.78,0.004463861958914164,35.50611629376525
7945,58.78,0.0044604202367367314,35.47893533953191
7946,58.78,0.004456650405164302,35.449162803042725
7947,58.78,0.0044529474325039385,35.41991794110271
7948,58.78,0.004449187424531045,35.39022227920029
7949,58.78,0.004445148050624833,35.35831985339696
7950,58.78,0.004441404339382943,35.32875216372473
7951,58.78,0.004437509078895902,35.29798716866493
7952,58.78,0.0044337111313209245,35.267990388256806
7953,58.78,0.004430459266680605,35.24230636669665
7954,58.78,0.004427820400460719,35.221463760441665
7955,58.78,0.004424433118995418,35.19470967471073
7956,58.78,0.004420860675889607,35.16649279575089
7957,58.78,0.004417610763976908,35.140823144148676
7958,58.78,0.004414583125409604,35.11690889410016
7959,58.78,0.004411560668683899,35.09303534299541
7960,58.78,0.004408612624357468,35.06974933292169
7961,58.78,0.004406128063007374,35.05012411157971
7962,58.78,0.004403831326371291,35.03198235431441
7963,58.78,0.004401489195469053,35.01348189399262
7964,58.78,0.004399114234388169,34.99472196725092
7965,58.78,0.004396757342298417,34.9761046276525
7966,58.78,0.004394323673504241,34.95688067372171
7967,58.78,0.004391888411243932,34.93764398319898
7968,58.78,0.004389422586493491,34.91816572019807
7969,58.78,0.00438707755342035,34.89964148331434
7970,58.78,0.004384762122383682,34.88135094717864
7971,58.78,0.004382354700332613,34.86233359302082
7972,58.78,0.004380008887695973,34.84380277984789
7973,58.78,0.0043775907244475816,34.8247002856766
7974,58.78,0.004375041821102089,34.804564838876246
7975,58.78,0.0043723745423245655,34.783494091995934
7976,58.78,0.004369795561855795,34.76312070609167
7977,58.78,0.004367487351454335,34.74488620266034
7978,58.78,0.0043655916617373934,34.729910448004006
7979,58.78,0.004363918144723749,34.716689759612976
7980,58.78,0.0043623973931940846,34.70467584850801
7981,58.78,0.0043609562651742775,34.69329090793013
7982,58.78,0.004359677283102944,34.68318687975027
7983,58.78,0.004358527143958475,34.67410068248512
7984,58.78,0.004357245207721637,34.66397323763042
7985,58.78,0.004355960243683013,34.65382183118522
7986,58.78,0.004354571408106186,34.64284977734399
7987,58.78,0.004353034229459222,34.630705729512734
7988,58.78,0.0043514685955495505,34.618336817598596
7989,58.78,0.004349597603043346,34.60355541286235
7990,58.78,0.004347592501548364,34.58771440865428
7991,58.78,0.0043453863524090435,34.57028494043086
7992,58.78,0.0043431532559750595,34.552642452655995
7993,58.78,0.004340803104148799,34.53407503762567
7994,58.78,0.004338425532088697,34.51529084676693
7995,58.78,0.004336168181399243,34.49745634210319
7996,58.78,0.004333966106367279,34.480058426372096
7997,58.78,0.004331751193171117,34.46255895684588
7998,58.78,0.004329536025777468,34.445057355169276
7999,58.78,0.004327267898734024,34.42713720143698
8000,58.78,0.004325172085186904,34.410578357093655
8001,58.78,0.004323216696311053,34.39512889617979
8002,58.78,0.004321400842055026,34.38078180715047
8003,58.78,0.004319503478095953,34.365790619970745
8004,58.78,0.004317916999067903,34.35325568366807
8005,58.78,0.004316313085620837,34.34058293164291
8006,58.78,0.004314582363030661,34.32690816943165
8007,58.78,0.00431274618144239,34.31240007336168
8008,58.78,0.004310529433685132,34.29488492248273
8009,58.78,0.004308039221189006,34.275208901486806
8010,58.78,0.004306184003916141,34.26055009330935
8011,58.78,0.004304291482742732,34.24559644271599
8012,58.78,0.004302591932763707,34.232167466235644
8013,58.78,0.004300572542521996,34.21621118049135
8014,58.78,0.004298490961405676,34.19976338357197
8015,58.78,0.00429639168084349,34.183175622177735
8016,58.78,0.00429454903636309,34.16861561532473
8017,53.62,0.00429265985754549,41.172437071111965
8018,53.62,0.004290615849107279,41.15296657584118
8019,53.62,0.0042886451090802385,41.13419388897001
8020,53.62,0.004286848924121202,41.117083859151414
8021,53.62,0.004284992812100329,41.09940287530635
8022,53.62,0.0042829972163503415,41.08039307803115
8023,53.62,0.004281039031636848,41.06173953587196
8024,53.62,0.00427915047308459,41.04374913755517
8025,53.62,0.004277597260830071,41.02895316489526
8026,53.62,0.004276350488221582,41.01707629754727
8027,53.62,0.004275001881364268,41.004229294795095
8028,53.62,0.004273695959731395,40.991788864258396
8029,53.62,0.004272525831784791,40.98064198328943
8030,53.62,0.0042710251390530845,40.9663460127973
8031,53.62,0.004269544462204313,40.952240651406946
8032,53.62,0.004267717997161619,40.93484111850129
8033,53.62,0.004265697123250093,40.91558946170459
8034,53.62,0.00426388406785817,40.89831746187353
8035,53.62,0.004262149771497678,40.88179566321956
8036,53.62,0.00426052035929204,40.8662729615601
8037,53.62,0.004258722608643659,40.849146479014195
8038,53.62,0.004256841664055812,40.831227334372386
8039,53.62,0.0042549016283161285,40.8127451348553
8040,53.62,0.004252910080427872,40.793772073810146
8041,53.62,0.0042506089426715965,40.77184946442912
8042,53.62,0.004248203990700638,40.74893765972358
8043,53.62,0.0042459235285995,40.72721169850582
8044,53.62,0.004243407161550354,40.70323808732948
8045,53.62,0.004240539163498188,40.67591422716639
8046,53.62,0.00423769861671141,40.64885165273461
8047,53.62,0.004234908378444659,40.62226814066429
8048,53.62,0.004232214965648366,40.59660689177986
8049,53.62,0.004229557165241376,40.57128472034257
8050,53.62,0.004227457494764652,40.551279975219586
8051,53.62,0.004225655013363395,40.53410661105262
8052,53.62,0.00422430229911669,40.52121839405747
8053,53.62,0.004223057482173216,40.50935813792511
8054,53.62,0.0042220958009290335,40.50019548463269
8055,53.62,0.004221158316571672,40.491263346007145
8056,53.62,0.004219951885967746,40.479768709101975
8057,53.62,0.0042185042470052345,40.465975827256415
8058,53.62,0.004217098038464641,40.45257762704752
8059,53.62,0.004215189612685106,40.43439426000475
8060,53.62,0.00421320285459776,40.41546442964619
8061,53.62,0.004211326507261364,40.39758648258563
8062,53.62,0.004209417048330377,40.379392936317274
8063,53.62,0.004207496706175769,40.36109558151805
8064,53.62,0.0042057181238408705,40.344148838881665
8065,53.62,0.004203884704343264,40.32667949434022
8066,53.62,0.004201950974891715,40.308254257059296
8067,53.62,0.00419998205415364,40.289493588202234
8068,53.62,0.004198474946528181,40.27513318074087
8069,53.62,0.004196925974353051,40.260373796756916
8070,53.62,0.004195480386060786,40.246599440398754
8071,53.62,0.004193763970401946,40.230244410086904
8072,53.62,0.004191978599722334,40.21323224013974
8073,53.62,0.004190740326925951,40.20143311673024
8074,53.62,0.004189918733179473,40.19360437501256
8075,53.62,0.004189435884252318,40.18900343028686
8076,53.62,0.004189382943247519,40.18849896847378
8077,53.62,0.004189618695872256,40.19074539659204
8078,53.62,0.004189918012072431,40.1935975037721
8079,53.62,0.004190365268301875,40.19785928840516
8080,53.62,0.004190603818069301,40.20013236265784
8081,53.62,0.004190172615851845,40.19602355563466
8082,53.62,0.004189573947008589,40.190318995931406
8083,53.62,0.0041889432428791435,40.18430916851803
8084,53.62,0.004188240865702008,40.177616371683875
8085,53.62,0.00418766008726256,40.17208225099596
8086,53.62,0.0041866370712112366,40.16233411227266
8087,53.62,0.004185781329659611,40.15417987815651
8088,53.62,0.004184561758201056,40.14255872438962
8089,53.62,0.004183335024757505,40.13086927923462
8090,53.62,0.00418182692721924,40.11649867529067
8091,53.62,0.004180433999321948,40.103225456966065
8092,53.62,0.004179207804826042,40.091540993350954
8093,53.62,0.00417784075536402,40.07851426234741
8094,53.62,0.0041765967606477135,40.06666008108476
8095,53.62,0.004175619824831993,40.05735070447069
8096,53.62,0.004175052264415582,40.051942317741364
8097,53.62,0.004174967485409315,40.05113444228551
8098,53.62,0.004175135469248092,40.05273519238002
8099,53.62,0.004175383264667501,40.05509648070708
8100,53.62,0.004175846409891878,40.05950987209617
8101,53.62,0.004176252945024249,40.06338381069254
8102,53.62,0.004176510278457597,40.06583597972594
8103,53.62,0.004176951611386979,40.070041502969296
8104,53.62,0.004177413218649133,40.07444021682333
8105,53.62,0.004177794785395807,40.078076209608106
8106,53.62,0.004178383766635286,40.08368866990823
8107,53.62,0.004179516571801473,40.09448325233866
8108,53.62,0.004180639130448211,40.10518015641215
8109,53.62,0.004181370530698886,40.11214967660383
8110,53.62,0.004182315380794397,40.12115313836516
8111,53.62,0.004182774702366685,40.12552999661765
8112,53.62,0.004183266608096669,40.13021734098103
8113,53.62,0.004183721189207293,40.1345490144211
8114,53.62,0.004184468235477588,40.14166755542879
8115,53.62,0.004184686397964217,40.14374640418975
8116,53.62,0.004185645108865458,40.15288184838961
8117,53.62,0.004187027555707832,40.16605497362433
8118,53.62,0.004188298469371085,40.17816526487631
8119,53.62,0.004189266756487074,40.18739185311235
8120,53.62,0.004190060899508358,40.19495904048108
8121,53.62,0.004190676573262028,40.200825626268625
8122,53.62,0.004191433795127345,40.20804096924237
8123,53.62,0.004192169261321966,40.21504899216408
8124,53.62,0.0041929349729518724,40.22234519670435
8125,53.62,0.00419257067472045,40.21887392553349
8126,53.62,0.004192718966383173,40.22028694571001
8127,53.62,0.004193379638785696,40.22658225733827
8128,53.62,0.004193926305110444,40.23179123567904
8129,53.62,0.004194455474105737,40.23683347986749
8130,53.62,0.00419492653416538,40.24132201958732
8131,53.62,0.004195674932946696,40.248453193298836
8132,53.62,0.0041962192406305365,40.25363965902963
8133,53.62,0.004197176138541184,40.26275749159008
8134,53.62,0.0041994720930612645,40.28463445452801
8135,53.62,0.004201408908085329,40.303089238233426
8136,53.62,0.0042030827181920635,40.31903790910633
8137,53.62,0.004204556243123875,40.33307811948596
8138,53.62,0.00420602243572008,40.347048399469514
8139,53.62,0.004207157982731403,40.357868153850504
8140,53.62,0.004207834931293088,40.364318257537384
8141,53.62,0.004208269967749557,40.368463366083866
8142,53.62,0.0042087279254703494,40.37282686649147
8143,53.62,0.00420917081890313,40.377046825684936
8144,53.62,0.0042095545854009,40.38070340919347
8145,53.62,0.00421024280076032,40.38726081490738
8146,53.62,0.0042108196650167086,40.39275724168224
8147,53.62,0.004211043196612778,40.39488707286097
8148,53.62,0.004211360956533089,40.39791471822511
8149,53.62,0.00421162796443299,40.400458791356066
8150,53.62,0.004211995572920072,40.4039613915682
8151,53.62,0.00421240176739857,40.407831637110235
8152,53.62,0.004212651084340578,40.410207141515855
8153,53.62,0.004213328655564485,40.416663064775335
8154,53.62,0.0042140191161750525,40.42324178420639
8155,53.62,0.004214796242683767,40.43064624030774
8156,53.62,0.004215190510569395,40.434402815018785
8157,53.62,0.004215478830718378,40.43714991930786
8158,53.62,0.004215440508125189,40.436784783126924
8159,53.62,0.0042153537170207325,40.43595784068605
8160,53.62,0.004215274306700449,40.43520122188361
8161,53.62,0.004215393495239599,40.43633684611614
8162,53.62,0.004215406966376727,40.43646519861237
8163,53.62,0.004215097770643154,40.433519191709465
8164,53.62,0.004214561926656873,40.42841368072897
8165,53.62,0.00421403494262445,40.4233925786922
8166,53.62,0.004213835211006988,40.421489534323726
8167,53.62,0.004213598115021285,40.41923048039482
8168,53.62,0.00421388926296868,40.42200454194515
8169,53.62,0.004214708586517994,40.42981105387474
8170,53.62,0.0042156025922689125,40.43832911425399
8171,53.62,0.004216557591356377,40.44742829047245
8172,53.62,0.004217173464509349,40.45329627962753
8173,53.62,0.004218349664110148,40.4645029813893
8174,53.62,0.004218542138726702,40.46633685457559
8175,53.62,0.004218325335863776,40.46427118493252
8176,53.62,0.0042182633281672155,40.46368038335488
8177,53.62,0.004218803859219384,40.468830491681004
8178,53.62,0.00421922760486875,40.47286787792821
8179,53.62,0.004219296032259037,40.47351984353007
8180,53.62,0.004218796080352583,40.4687563757307
8181,53.62,0.004217942755081855,40.4606260012248
8182,53.62,0.004216649193516424,40.44830106911071
8183,53.62,0.004215043572140665,40.43300278983911
8184,53.62,0.0042130572565215576,40.41407716650301
8185,53.62,0.004210610599123365,40.39076523977507
8186,53.62,0.004208377121610008,40.369484347179885
8187,53.62,0.004205801550494517,40.34494374942821
8188,53.62,0.004203099090307036,40.31919390814547
8189,53.62,0.004200652451314389,40.29588141528696
8190,53.62,0.004198064193660801,40.2712193284658
8191,53.62,0.004195692518139596,40.24862075491845
8192,53.62,0.0041935704296318585,40.22840023277436
8193,53.62,0.004191965590090012,40.213108275568004
8194,53.62,0.004190534319694518,40.199470132191756
8195,53.62,0.004189578052819439,40.19035811917229
8196,53.62,0.004188751552873488,40.182482598324185
8197,53.62,0.004188103271228439,40.176305262606775
8198,53.62,0.004188096010177187,40.176236073545894
8199,53.62,0.0041881549548434755,40.1767977450761
8200,53.62,0.004188135877127933,40.1766159574832
8201,53.62,0.004187885832314182,40.174233331311456
8202,53.62,0.004187675126113074,40.17222555330076
8203,53.62,0.0041870308472542654,40.16608633819915
8204,53.62,0.004186136140992324,40.15756082533992
8205,53.62,0.004184737911992199,40.14423727605673
8206,53.62,0.004183456816552992,40.13202982558931
8207,53.62,0.004181860063223562,40.11681442775632
8208,53.62,0.004180121315808643,40.100245885767556
8209,53.62,0.004178359109915797,40.08345371380901
8210,53.62,0.004176977218718431,40.07028551863216
8211,53.62,0.00417563833699769,40.057527110109056
8212,53.62,0.004174310958172306,40.044878260570144
8213,53.62,0.004172995040916425,40.032338577604854
8214,53.62,0.004171665653244594,40.01967047837717
8215,53.62,0.004170188375421333,40.00559303028703
8216,53.62,0.0041685500101034485,39.9899804507693
8217,53.62,0.004167062450269687,39.97580488083396
8218,53.62,0.004165570581860701,39.96158818506025
8219,53.62,0.0041643525408087065,39.94998086505757
8220,53.62,0.004163511655901644,39.94196762750505
8221,53.62,0.004163073508315826,39.93779227861834
8222,53.62,0.004162617590142602,39.933447577844134
8223,53.62,0.004161490972657851,39.922711378855475
8224,53.62,0.004160970642856224,39.91775283785967
8225,53.62,0.004159811283439694,39.90670456309199
8226,53.62,0.0041577298500759625,39.88686915535134
8227,53.62,0.004155245764488673,39.86319642547085
8228,53.62,0.004153132111070466,39.84305367591173
8229,53.62,0.004151232434533698,39.824949972781475
8230,53.62,0.0041508662247096454,39.82146002183286
8231,53.62,0.004150922666153342,39.82199790463798
8232,53.62,0.004149819980174274,39.81148937083924
8233,53.62,0.004147370599376192,39.78814678063594
8234,53.62,0.0041456095266623905,39.771363651136596
8235,53.62,0.0041438184049312175,39.754294055837924
8236,53.62,0.0041431360539321985,39.74779114695264
8237,53.62,0.0041423519135134,39.740318151898876
8238,53.62,0.004141355760746155,39.73082461516506
8239,53.62,0.004140351822778904,39.72125685334034
8240,53.62,0.0041395461266675974,39.71357836021748
8241,53.62,0.0041388565105901064,39.707006124257816
8242,53.62,0.004138499973866965,39.70360822292591
8243,53.62,0.004138221986544745,39.70095891813225
8244,53.62,0.004137625425653545,39.69527350117211
8245,53.62,0.004136912668173798,39.68848067918497
8246,53.62,0.0041358207761402555,39.6780745455378
8247,53.62,0.0041347755034198035,39.668112677126985
8248,53.62,0.0041334774627137345,39.65574178209537
8249,53.62,0.00413185731002201,39.64030094714191
8250,53.62,0.004129935659370507,39.62198658791014
8251,53.62,0.004127710803518062,39.60078238039376
8252,53.62,0.004125122683507953,39.57611585847085
8253,53.62,0.004122229749820746,39.548544016104906
8254,53.62,0.004119213859581788,39.519800033677186
8255,53.62,0.004115705357112537,39.48636069195447
8256,53.62,0.004111925988095398,39.450339316925785
8257,53.62,0.004108494721955491,39.41763535299649
8258,53.62,0.004105056332088399,39.38486313204149
8259,53.62,0.0041015108191608885,39.351069515330146
8260,53.62,0.004097919881927763,39.316842552324985
8261,53.62,0.004094334933582617,39.28267228064616
8262,53.62,0.0040910850724958136,39.25169558643825
8263,53.62,0.004087273642707881,39.2153657792267
8264,53.62,0.0040830957185895396,39.17554211113835
8265,53.62,0.004079359226126649,39.139925687136014
8266,53.62,0.004075200541161974,39.10028440417398
8267,53.62,0.004071225595402524,39.062394061859024
8268,53.62,0.004067276578509987,39.024750404584594
8269,53.62,0.004063663538097632,38.990308997608594
8270,53.62,0.004060480332977111,38.959964677928625
8271,53.62,0.0040574422517210326,38.93100348267477
8272,53.62,0.00405436028970517,38.90162369694778
8273,53.62,0.004051188662681372,38.8713888489016
8274,53.62,0.004047956114347023,38.84057292797689
8275,53.62,0.00404460774113041,38.80865251153007
8276,53.62,0.004041482279531778,38.77885682833575
8277,53.62,0.004038338119819242,38.74888259187842
8278,53.62,0.004035231314343292,38.71926416902339
8279,53.62,0.004032180997739021,38.69018399121152
8280,53.62,0.004029263673970453,38.6623714347768
8281,53.62,0.004026393483824555,38.6350079777869
8282,53.62,0.004023727269048587,38.60958893064744
8283,53.62,0.0040209475091277785,38.58308714097907
8284,53.62,0.004018003513039707,38.555019293124346
8285,53.62,0.004015007457200819,38.526454840273836
8286,53.62,0.004012111814593484,38.498847469219484
8287,53.62,0.004009339596827559,38.472416604683026
8288,53.62,0.004006779023976529,38.44800339603231
8289,53.62,0.004004132750120588,38.422772880461075
8290,53.62,0.004001754787530302,38.40010035788666
8291,53.62,0.003999343041139978,38.37710555001437
8292,53.62,0.003997369118500551,38.35828504299274
8293,53.62,0.003995451824166924,38.340004348972535
8294,53.62,0.003993537727455601,38.32175403139101
8295,53.62,0.003991139685301559,38.29888928682083
8296,53.62,0.003988657847600648,38.275225387749735
8297,53.62,0.003986180344271495,38.251602629008936
8298,53.62,0.003983522273551801,38.226257969419045
8299,53.62,0.003980754915484473,38.19987102809226
8300,53.62,0.003977889735237343,38.17255109999851
8301,53.62,0.003974995743429992,38.14495619540746
8302,53.62,0.003972093979104041,38.117286921786445
8303,53.62,0.0039691399094728495,38.08911863641178
8304,53.62,0.003966186652501338,38.06095783430785
8305,53.62,0.003963310314368933,38.03353023686846
8306,53.62,0.003960375549372004,38.00554524465363
8307,53.62,0.0039572666240916465,37.975899228717566
8308,53.62,0.003954449278510827,37.949033397189034
8309,53.62,0.003951597541008987,37.92183936258191
8310,53.62,0.003948962669065717,37.89671312747946
8311,53.62,0.003946539739385678,37.87360779482975
8312,53.62,0.0039443141989152315,37.852384630481225
8313,53.62,0.003942330982949253,37.83347219012036
8314,53.62,0.0039406500057982755,37.81744188037039
8315,53.62,0.003939017177643051,37.801870651656024
8316,53.62,0.003937343653817368,37.7859112502785
8317,53.62,0.003935912180035257,37.772260068481195
8318,53.62,0.003934738257997898,37.76106497007399
8319,53.62,0.003933561422659488,37.74984204684151
8320,53.62,0.003932666683815326,37.7413093165013
8321,53.62,0.003931586714317584,37.73101009049293
8322,53.62,0.003930481162090346,37.720466855673216
8323,53.62,0.003929381097560451,37.70997591798379
8324,53.62,0.0039280725057465535,37.697496279162046
8325,53.62,0.003926588365545005,37.68334242604657
8326,53.62,0.003924955282673072,37.667768068452325
8327,53.62,0.0039234548651680525,37.65345884008374
8328,53.62,0.003921747874345004,37.63717947343814
8329,53.62,0.0039200963013278824,37.62142853523429
8330,53.62,0.003918522087453037,37.60641528846654
8331,53.62,0.003916749639233569,37.58951139426291
8332,53.62,0.003915070369652972,37.57349605933105
8333,53.62,0.003913476956950984,37.55829946919226
8334,53.62,0.0039116816269815806,37.541177074347594
8335,53.62,0.003909949461875503,37.52465700140652
8336,53.62,0.003908486418702393,37.51070353747552
8337,53.62,0.003907028901443942,37.49680271091507
8338,53.62,0.0039059860633207733,37.486856777368565
8339,53.62,0.0039051469295235163,37.4788536233837
8340,53.62,0.003904689729638375,37.474493116544814
8341,53.62,0.003904291683384592,37.470696777481514
8342,53.62,0.0039038470667767146,37.466456271125054
8343,53.62,0.0039035090583392,37.463232530277764
8344,53.62,0.003903034776801994,37.45870908476767
8345,53.62,0.003902629790553188,37.454846535503506
8346,53.62,0.0039023591719642555,37.452265512658876
8347,53.62,0.003901555717980985,37.44460256292385
8348,53.62,0.003900318858972639,37.43280597032896
8349,53.62,0.0038986681396258245,37.41706209545134
8350,53.62,0.0038969421240785066,37.400599987895205
8351,53.62,0.0038952612708253107,37.384568534579685
8352,53.62,0.0038935571278037218,37.36831486281641
8353,53.62,0.0038920893912777125,37.354315903612594
8354,53.62,0.003890411909614025,37.33831635943291
8355,53.62,0.0038885947650359803,37.320984636570195
8356,53.62,0.0038867648099134827,37.30353062644497
8357,53.62,0.0038845299512396967,37.28221453033069
8358,53.62,0.0038816724591940206,37.254959531419516
8359,53.62,0.003878561817120246,37.22528968335558
8360,53.62,0.0038756456234870984,37.19747425065377
8361,53.62,0.003873113795622741,37.17332479094576
8362,53.62,0.003870757455819368,37.150849022188495
8363,53.62,0.0038685333952986354,37.12963483408263
8364,53.62,0.0038666249832331255,37.111431336693755
8365,53.62,0.0038649515589022515,37.09546919186195
8366,53.62,0.0038635085818518526,37.08170512560435
8367,53.62,0.003862219327399852,37.0694073131267
8368,53.62,0.00386109485797229,37.05868129432419
8369,53.62,0.003859869584530619,37.046993688598725
8370,53.62,0.0038589918629046965,37.038621272756785
8371,53.62,0.003857875137936031,37.02796901657413
8372,53.62,0.0038564150361899098,37.01404128832223
8373,53.62,0.003854800176877363,36.998637271277246
8374,53.62,0.0038532960391595215,36.984289347379224
8375,53.62,0.0038516440685752735,36.96853117079572
8376,53.62,0.003850285011389691,36.955567037919174
8377,53.62,0.003848981936008657,36.94313686615668
8378,53.62,0.003847677574403407,36.930694373124574
8379,53.62,0.003845977430985192,36.91447638256671
8380,53.62,0.003844071117791983,36.896291594618575
8381,53.62,0.0038421541462733515,36.87800502257433
8382,53.62,0.003840234907666554,36.859696711855726
8383,53.62,0.0038380946678490306,36.83928005827134
8384,53.62,0.0038362713147485506,36.82188621105021
8385,53.62,0.0038346081874028877,36.806020746416316
8386,53.62,0.0038336842789319734,36.797207051056674
8387,53.62,0.0038330470518662023,36.79112815967236
8388,53.62,0.0038327894577095127,36.788670810914006
8389,53.62,0.0038326100494035322,36.78695932377671
8390,53.62,0.0038323926815387026,36.78488571554232
8391,53.62,0.0038321634949879976,36.7826993598993
8392,53.62,0.0038315611188159513,36.77695290449413
8393,53.62,0.003830709874375287,36.768832315056834
8394,53.62,0.0038296636399505813,36.758851555624986
8395,53.62,0.0038286094132392347,36.74879451844285
8396,53.62,0.003827412236327298,36.73737373399008
8397,53.62,0.003826196199750588,36.725772988061394
8398,53.62,0.003824546391539506,36.71003407534647
8399,53.62,0.003822617165094684,36.69162945104966
8400,53.62,0.0038204413646112548,36.670872399308024
8401,53.62,0.0038183970599749073,36.651369681294256
8402,53.62,0.0038159854860960207,36.62836304158056
8403,53.62,0.0038136793481417576,36.60636210455305
8404,53.62,0.0038120404446763804,36.590726596195594
8405,53.62,0.0038105306569589706,36.57632280869072
8406,53.62,0.0038086352790429974,36.55824028689633
8407,53.62,0.00380688642222231,36.54155552683965
8408,53.62,0.003805153420364095,36.52502193716546
8409,53.62,0.0038036607243462123,36.51078089606503
8410,53.62,0.003802446575708791,36.499197281426596
8411,53.62,0.0038015007440567908,36.49017352037227
8412,53.62,0.0038007868148106673,36.483362219438256
8413,53.62,0.0038002690182749556,36.47842212910185
8414,53.62,0.0037998711423743747,36.474626148186125
8415,53.62,0.0037991925160791393,36.46815162461334
8416,53.62,0.003798533143224928,36.46186077757973
8417,53.62,0.003797640575633586,36.45334507955768
8418,53.62,0.0037966169781589575,36.44357923799341
8419,53.62,0.003795545963084801,36.43336096489463
8420,53.62,0.003794317460496266,36.42164010177464
8421,53.62,0.0037930784333571545,36.409818779701105
8422,53.62,0.003791718882328644,36.39684750827444
8423,53.62,0.003790247262968686,36.38280694626347
8424,53.62,0.0037887862902510703,36.36886789739478
8425,53.62,0.0037872541525741927,36.354249798199376
8426,53.62,0.003785029700805377,36.333026214757105
8427,53.62,0.003782368615385583,36.3076364939228
8428,53.62,0.0037795821583206995,36.28105035640435
8429,53.62,0.0037766035885627345,36.25263097187882
8430,53.62,0.0037734973109620398,36.22299280214581
8431,53.62,0.0037703691529508017,36.193145565752424
8432,53.62,0.0037671937839331396,36.162847561574026
8433,53.62,0.003764141960146191,36.133728083000726
8434,53.62,0.0037611175750369248,36.10487013484741
8435,53.62,0.0037583034742362026,36.0780184179395
8436,53.62,0.003755414789800056,36.05045478423726
8437,53.62,0.003752569378402854,36.02330381016058
8438,53.62,0.0037497283569815614,35.99619447895179
8439,53.62,0.0037468550620417315,35.96877693997006
8440,53.62,0.0037432905351145436,35.93476318099581
8441,53.62,0.003739395567525428,35.89759581742439
8442,53.62,0.003735176137032741,35.85733177479742
8443,53.62,0.003730550962822076,35.813195286606295
8444,53.62,0.003725780788751944,35.7676744297761
8445,53.62,0.0037208688330253588,35.72079985240516
8446,53.62,0.003715771755867426,35.67215789122102
8447,53.62,0.0037104122703990245,35.62101088421159
8448,53.62,0.0037048803366190527,35.56821723769683
8449,53.62,0.003699361257494281,35.51554533839035
8450,53.62,0.0036936422366380234,35.46096429420376
8451,53.62,0.00368825337218517,35.40953327508783
8452,53.62,0.0036824993019612057,35.35461577453399
8453,53.62,0.0036765046255785605,35.297400827002996
8454,53.62,0.0036701833707817057,35.237067731715186
8455,53.62,0.0036637820564452647,35.17596926719425
8456,53.62,0.003657804066643469,35.11891016869824
8457,53.62,0.003652678554842444,35.069986988313815
8458,53.62,0.003648075639415232,35.02605132445453
8459,53.62,0.003644024167221602,34.98737875143959
8460,53.62,0.003641059455621166,34.959079331812994
8461,53.62,0.003638145063793944,34.931259974155516
8462,53.62,0.003635318086051423,34.90427478089856
8463,53.62,0.0036325644609496023,34.8779895479853
8464,53.62,0.0036298532866285513,34.85210931069889
8465,53.62,0.0036264877798907465,34.81998265681286
8466,53.62,0.0036226094914516755,34.78296063224699
8467,53.62,0.0036187336672095062,34.74596167221927
8468,53.62,0.0036143627166122095,34.7042356422712
8469,53.62,0.003610002235853757,34.66260897863316
8470,53.62,0.0036056822746182763,34.62136855616913
8471,53.62,0.0036021941157539485,34.5880685025508
8472,53.62,0.003598817397298638,34.555831972051884
8473,53.62,0.0035956823838690995,34.52590261625731
8474,53.62,0.0035921647531422,34.49232013132947
8475,53.62,0.0035885868283502247,34.45816163725268
8476,53.62,0.0035852018734087695,34.42584506910745
8477,53.62,0.0035814242225178814,34.38977897297205
8478,53.62,0.003577731976271723,34.35452783353358
8479,53.62,0.00357453739386777,34.32402772544176
8480,53.62,0.0035708997311948362,34.2892969523558
8481,53.62,0.003567654849144035,34.258315931754616
8482,53.62,0.0035651185978763243,34.23410045095688
8483,53.62,0.003562904321791278,34.212958946593545
8484,53.62,0.0035606937504828536,34.19185266545651
8485,53.62,0.0035587023634323905,34.172839002730264
8486,53.62,0.0035568286118294445,34.15494840675062
8487,53.62,0.0035550444631744595,34.137913240847254
8488,53.62,0.0035527136401210333,34.11565824628176
8489,53.62,0.003548903262911379,34.07927592350182
8490,53.62,0.0035443519738315946,34.035818629683526
8491,53.62,0.0035394382798009895,33.98890025716218
8492,53.62,0.003534385981630875,33.940657655345206
8493,53.62,0.00352934210957512,33.89249473408815
8494,53.62,0.0035240712451092187,33.842163477886196
8495,53.62,0.0035191997552691118,33.79564507834892
8496,53.62,0.0035144590648848667,33.750375001688184
8497,53.62,0.0035098017090129676,33.70590003953712
8498,53.62,0.003505341577691201,33.66330783296555
8499,53.62,0.003500665961578965,33.61865719337692
8500,53.62,0.00349546648867701,33.569003104889426
8501,53.62,0.0034901468966161207,33.518201044296475
8502,53.62,0.003484818214528142,33.46731130760931
8503,53.62,0.0034795524749937994,33.41702183016012
8504,53.62,0.003473830108264899,33.362370458464866
8505,53.62,0.0034682109337142064,33.30870364881122
8506,53.62,0.0034626374400669076,33.25547216915935
8507,53.62,0.003457239457011184,33.20391605655777
8508,53.62,0.003451977254272813,33.15365592448151
8509,53.62,0.0034466955867249465,33.103209030424395
8510,53.62,0.0034416001082220177,33.05453967985093
8511,53.62,0.0034365273038633386,33.00608611305677
8512,53.62,0.0034312987687362267,32.95614424043622
8513,53.62,0.0034257679706678206,32.903314306588705
8514,53.62,0.003420016076686144,32.848371483295665
8515,53.62,0.003414296966246203,32.79374081048984
8516,53.62,0.0034085059848917624,32.7384225868157
8517,53.62,0.0034026797280783043,32.68276636116486
8518,53.62,0.0033968504037896695,32.627079795071815
8519,53.62,0.0033907750812346977,32.56904214357171
8520,53.62,0.0033845875851970125,32.509931737892444
8521,53.62,0.0033783652653189217,32.450487473322674
8522,53.62,0.003371886453895699,32.388591587154664
8523,53.62,0.003365317741346641,32.325835513372446
8524,53.62,0.0033587542433232216,32.263127941137334
8525,53.62,0.0033521062073382304,32.19961135237306
8526,53.62,0.0033455861358786406,32.13731604894167
8527,53.62,0.00333896322785844,32.074036874886666
8528,53.62,0.0033322422994125534,32.00981978539696
8529,53.62,0.0033262831090582136,31.952879792075215
8530,53.62,0.0033209579339081503,31.901996888245442
8531,53.62,0.003316002321226665,31.85464443458307
8532,53.62,0.00331163543828181,31.812916858461154
8533,53.62,0.003307572984220364,31.774097717081652
8534,53.62,0.00330368081660053,31.736905289783596
8535,53.62,0.003299806698508333,31.699884878715807
8536,53.62,0.0032958402916399257,31.661982096563623
8537,53.62,0.0032913683847921034,31.619248205599842
8538,53.62,0.003286584643553467,31.573533724125568
8539,53.62,0.0032816911108952676,31.526769327933646
8540,53.62,0.003277082651857458,31.48272853069495
8541,53.62,0.0032726029861228265,31.43991792600812
8542,53.62,0.003268211359772919,31.39794808753662
8543,53.62,0.003263895226300385,31.356699143931593
8544,53.62,0.003259566842010672,31.315332548287444
8545,53.62,0.0032553309652594564,31.274849497493452
8546,53.62,0.003251175763372403,31.235136938173163
8547,53.62,0.0032471871202878833,31.19701573666753
8548,53.62,0.0032436409165961817,31.163122712920167
8549,53.62,0.0032405845058620514,31.133910601989978
8550,53.62,0.003238635919814669,31.115286545073413
8551,53.62,0.00323654850451021,31.09533546697516
8552,53.62,0.0032333868276112616,31.065116567929387
8553,53.62,0.0032305040250520094,31.03756284736917
8554,53.62,0.0032289580732114526,31.02278659200814
8555,53.62,0.003229159747637327,31.024714206534043
8556,53.62,0.003229697651780503,31.029855515893562
8557,53.62,0.003230201907301608,31.034675202340317
8558,53.62,0.003230695847036686,31.039396282717146
8559,53.62,0.0032315652578197218,31.04770610058502
8560,53.62,0.003232113779627268,31.05294885357149
8561,53.62,0.0032322108753881844,31.053876890630033
8562,53.62,0.0032318268668517203,31.05020655206092
8563,53.62,0.003231664223299847,31.048652009995443
8564,53.62,0.0032304878816373024,31.03740854849119
8565,53.62,0.003229951437619545,31.03228120804301
8566,53.62,0.0032291991757481455,31.025091062298003
8567,53.62,0.0032281873008446573,31.015419498659387
8568,53.62,0.0032271930924376436,31.00591676200667
8569,53.62,0.003225825198620594,30.992842255963364
8570,53.62,0.003224485613513669,30.980038272782078
8571,53.62,0.003222584069224865,30.961862893559626
8572,53.62,0.0032205528847037428,30.942448262306105
8573,53.62,0.0032183579518673686,30.92146833691205
8574,53.62,0.0032165070341324156,30.903776512061793
8575,53.62,0.0032142244536294386,30.88195853457331
8576,53.62,0.003211816766354924,30.858944555087618
8577,53.62,0.0032101799376842255,30.843298758576616
8578,53.62,0.003209260406469665,30.83450928820864
8579,53.62,0.003208881741331285,30.83088975591658
8580,53.62,0.003208626551811538,30.828450482927792
8581,53.62,0.0032087099363446716,30.829247528572363
8582,53.62,0.0032092366179353243,30.834281901764466
8583,53.62,0.00320945279904577,30.83634830224841
8584,53.62,0.003210009699795694,30.84167151736975
8585,53.62,0.003209835922825177,30.84001044646904
8586,53.62,0.0032098060999247568,30.839725380110426
8587,53.62,0.0032096921116403173,30.838635806923815
8588,53.62,0.0032093513860954282,30.835378931100486
8589,53.62,0.003208703178100118,30.829182928717646
8590,53.62,0.0032081131445599546,30.823542985229746
8591,53.62,0.0032075620775334716,30.818275500673526
8592,53.62,0.0032067978206810417,30.810970183091772
8593,53.62,0.003205184911878904,30.795552780163298
8594,53.62,0.003203472021604966,30.77917959155946
8595,53.62,0.0032016748396350766,30.76200057839385
8596,53.62,0.00319955579619513,30.741744809189203
8597,53.62,0.0031974027937575204,30.72116428796229
8598,53.62,0.003194804007782192,30.69632233909198
8599,53.62,0.003192338010293065,30.67274953223408
8600,53.62,0.0031900729638488484,30.65109748000247
8601,53.62,0.003188533071001791,30.63637723292797
8602,53.62,0.003187987835937034,30.631165167911306
8603,53.62,0.0031877844985300336,30.62922140250956
8604,53.62,0.0031880044107899168,30.631323612020108
8605,53.62,0.003188658711650156,30.637578268165022
8606,53.62,0.0031905199641546803,30.65537046175147
8607,53.62,0.0031922685553635827,30.672085600382708
8608,53.62,0.003193558496734254,30.68441635209051
8609,53.62,0.003194642950599274,30.6947827771563
8610,53.62,0.003195212395506335,30.700226155183728
8611,53.62,0.003195602067677732,30.70395106281756
8612,53.62,0.0031957798541328774,30.705650536301775
8613,53.62,0.0031955712918406275,30.703656874283787
8614,53.62,0.003195241605917799,30.700505380017777
8615,53.62,0.0031947231739963113,30.69554964083889
8616,53.62,0.003194164701672198,30.69021114251358
8617,53.62,0.0031933645700038,30.682562579334128
8618,53.62,0.0031927963572160453,30.677130947152808
8619,53.62,0.0031918888695888457,30.66845611486811
8620,53.62,0.003191020042748809,30.660150824182125
8621,53.62,0.0031898697183662663,30.64915460629599
8622,53.62,0.0031890779826615778,30.641586197336107
8623,53.62,0.0031882407825004695,30.63358316087618
8624,53.62,0.0031876698168597653,30.62812512426165
8625,53.62,0.0031877192779461248,30.628597938431728
8626,53.62,0.003187831497561643,30.629670680956416
8627,53.62,0.0031877079152551296,30.628489318880874
8628,53.62,0.0031880098530111776,30.631375635882595
8629,53.62,0.003189768632161016,30.648188297852702
8630,53.62,0.0031907795199879446,30.657851614606145
8631,53.62,0.003191870574491425,30.668281228586437
8632,53.62,0.003193219987992821,30.68118049890859
8633,53.62,0.0031943291619191275,30.691783237079907
8634,53.62,0.0031953582648115305,30.701620532150447
8635,53.62,0.003196226552541643,30.70992055418456
8636,53.62,0.0031972879781385893,30.72006676302995
8637,53.62,0.0031985126077261786,30.731773002404665
8638,53.62,0.0031994668883547754,30.74089494314995
8639,53.62,0.003200590964885819,30.75163992226035
8640,53.62,0.0032015599612666115,30.76090246864566
8641,53.62,0.0032021524805814308,30.766566291584297
8642,53.62,0.0032026149609548373,30.77098708000678
8643,53.62,0.0032031659935709117,30.776254319008256
8644,53.62,0.003203535664195474,30.779787940443526
8645,53.62,0.003203797938694874,30.78229497723404
8646,53.62,0.0032039848267932497,30.784081407111024
8647,53.62,0.003204007667112129,30.78429973355723
8648,53.62,0.0032040568971059887,30.78477031404361
8649,53.62,0.003204279335574666,30.786896561663884
8650,53.62,0.003204817567102007,30.792041409668236
8651,53.62,0.0032056771130485676,30.800257619859362
8652,53.62,0.0032072126884869845,30.81493579067653
8653,53.62,0.00320871704042195,30.829315434127757
8654,53.62,0.0032105764302337017,30.847088681227763
8655,53.62,0.0032131357301055184,30.871551947203248
8656,53.62,0.0032156639532058065,30.89571796678865
8657,53.62,0.003217560667726354,30.91384758352067
8658,53.62,0.0032188781580265685,30.92644066019477
8659,53.62,0.0032203865760616684,30.940858632079966
8660,53.62,0.003221762812759944,30.954013109157014
8661,53.62,0.0032228947743904966,30.964832689538156
8662,53.62,0.0032242964277657787,30.978229998679062
8663,53.62,0.003225541552264923,30.990131120243504
8664,53.62,0.0032261291934061603,30.995747882390884
8665,53.62,0.003226376115596881,30.998107998566276
8666,53.62,0.0032267420207004395,31.00160536631813
8667,53.62,0.00322693689834572,31.00346803009124
8668,53.62,0.0032273132867812106,31.00706559235533
8669,53.62,0.003227645630487621,31.010242166629986
8670,53.62,0.0032280601899680418,31.014204562734154
8671,53.62,0.003228159106800875,31.015150017776545
8672,53.62,0.0032284139147071953,31.01758549085695
8673,53.62,0.0032286719928423537,31.02005221900619
8674,53.62,0.003229497392332019,31.027941429092376
8675,53.62,0.003229883090951121,31.031627948867918
8676,53.62,0.0032296866400860847,31.02975026576567
8677,53.62,0.0032303469604355807,31.03606162225742
8678,53.62,0.003232023584074891,31.052086768147692
8679,53.62,0.003233308792907005,31.06437071844973
8680,53.62,0.0032345651320142468,31.076378684805928
8681,53.62,0.00323589345084075,31.0890745737932
8682,53.62,0.0032374612731303288,31.104059534582877
8683,53.62,0.0032389242714033063,31.118042538665406
8684,53.62,0.003239715723572596,31.125607030853086
8685,53.62,0.003240287735985599,31.1310741634994
8686,53.62,0.0032409031086242652,31.136955709732177
8687,53.62,0.003241422514299424,31.14192002363742
8688,53.62,0.003242222911309944,31.149569947022886
8689,53.62,0.0032434120299965406,31.16093510428999
8690,53.62,0.003244547084245767,31.17178349330103
8691,53.62,0.0032452690426632313,31.1786836590896
8692,53.62,0.003246472528024213,31.19018601537337
8693,53.62,0.003247380369879506,31.198862718508163
8694,53.62,0.0032482052734532857,31.206746716746046
8695,53.62,0.0032484587624016605,31.20916942776176
8696,53.62,0.0032485503993999326,31.210045244415806
8697,53.62,0.0032487988957419795,31.212420236182613
8698,53.62,0.0032497755994121396,31.22175501596354
8699,53.62,0.003251172834658785,31.23510894735828
8700,53.62,0.0032528340817285415,31.250986066781795
8701,53.62,0.003254504780649231,31.266953435754193
8702,53.62,0.003256199111559088,31.28314657555384
8703,53.62,0.0032580098957977603,31.300452591611194
8704,53.62,0.0032595559790967376,31.31522873012876
8705,53.62,0.003261127319379819,31.330246178363495
8706,53.62,0.0032624426817947617,31.34281716377247
8707,53.62,0.003263540259440906,31.353306728600643
8708,53.62,0.0032645954843041037,31.36339149256791
8709,53.62,0.003265486197373575,31.371903993953588
8710,53.62,0.003266359734802443,31.380252325021495
8711,53.62,0.0032669403802117357,31.38580149632774
8712,53.62,0.0032672175868239256,31.38845072913488
8713,53.62,0.0032675513338061672,31.391640308862595
8714,53.62,0.0032682085704437225,31.397921430323706
8715,53.62,0.0032692546519302325,31.407918662064695
8716,53.62,0.0032705027182879866,31.41984618681682
8717,53.62,0.0032717866151753096,31.432116087203987
8718,53.62,0.003273298785066118,31.446567474332475
8719,53.62,0.003274819741035609,31.461102757056313
8720,53.62,0.0032764364720721255,31.476553253482315
8721,53.62,0.003278132907591523,31.492765370057015
8722,53.62,0.003279895517125438,31.5096097905013
8723,53.62,0.003281748889254423,31.52732148343474
8724,53.62,0.0032837119621791423,31.546081414087634
8725,53.62,0.0032857830165830032,31.565873132377085
8726,53.62,0.0032877726249466058,31.584886400411406
8727,53.62,0.0032896805599178882,31.603119060431066
8728,53.62,0.003291394366917077,31.619496494580062
8729,53.62,0.0032934954706087764,31.639574879958055
8730,53.62,0.0032954350330650817,31.658109439171938
8731,53.62,0.003297076113029323,31.673791594434565
8732,53.62,0.0032983028125745384,31.685513877877707
8733,53.62,0.0032993644937079083,31.695659215968462
8734,53.62,0.0033002606777322247,31.704223050402252
8735,53.62,0.0033008021606082145,31.70939738838457
8736,53.62,0.0033009794450812187,31.71109149316328
8737,53.62,0.003300647528522576,31.707919745758307
8738,53.62,0.0033003748600355996,31.7053141619761
8739,53.62,0.003300073398196461,31.702433430106453
8740,53.62,0.0032998888322831547,31.70066973980544
8741,53.62,0.003299352074151778,31.695540535904872
8742,53.62,0.0032990802165896887,31.692942690451353
8743,53.62,0.003298418179780443,31.686616319131662
8744,53.62,0.0032981810894969063,31.6843506999003
8745,53.62,0.003299162318542082,31.693727249272673
8746,53.62,0.0033002330039943223,31.703958603621313
8747,53.62,0.0033013452726308504,31.714587285271712
8748,53.62,0.003302436795308911,31.725017684715706
8749,53.62,0.003303696540336744,31.737055542187605
8750,53.62,0.0033052782128435453,31.752169601983333
8751,53.62,0.0033066070441121276,31.764867516169478
8752,53.62,0.0033080169974906404,31.77834054996082
8753,53.62,0.003309237172604329,31.790000078308424
8754,53.62,0.0033104184431474093,31.80128780605336
8755,53.62,0.0033113764249059216,31.810441848148912
8756,53.62,0.0033121919859630472,31.818234960079995
8757,53.62,0.003312817732592292,31.82421428221478
8758,53.62,0.0033134387370865083,31.83014827904437
8759,53.62,0.0033138914443172065,31.834474107091697
8760,53.62,0.0033139291594194153,31.83483449214392
