       0      0.000000246481203376494000
       1      0.000000002985040518504200
       2      0.000000002746233699396710
       3      0.000000003002058092548020
       4      0.000000003446412202364950
       5      0.000000002740762614313500
       6      0.000000002996104846064470
       7      0.000000003203914014069740
       8      0.000000002283465617692210
       9      0.000000001988118472870750
      10      0.000000002176721267852540
      11      0.000000001534414120369240
      12      0.000000001861347616191070
      13      0.000000001857484245626910
      14      0.000000001724042258518720
      15      0.000000002008053139428340
      16      0.000000002491655034581860
      17      0.000000002768159055069180
      18      0.000000003167842989587550
      19      0.000000002765377603250330
      20      0.000000002699934102669480
      21      0.000000002984194193569720
      22      0.000000002981209771215950
      23      0.000000002977844346885610
      24      0.000000003406408941770490
      25      0.000000003708817150543360
      26      0.000000003708817150543360
      27      0.000000003724869807002590
      28      0.000000003424395534278760
      29      0.000000003424395534278760
      30      0.000000003537043922984170
      31      0.000000003945310224849650
      32      0.000000003949195384861050
      33      0.000000003953089771961840
      34      0.000000003632144926353140
      35      0.000000003632144926353140
      36      0.000000003430047757030500
      37      0.000000003100086652096760
      38      0.000000002595149562895680
      39      0.000000002054354006216170
      40      0.000000001894387138208150
      41      0.000000002746233699396710
      42      0.000000002985040518504200
      43      0.000000004014540954346350
      44      0.000000004328483778033870
      45      0.000000004904449914778830
      46      0.000000004838650581087860
      47      0.000000004595757397644300
      48      0.000000005180004918504460
      49      0.000000005435678394627640
      50      0.000000005440999652954180
      51      0.000000005693603553118480
      52      0.000000005731863180624440
      53      0.000000005992727738143160
      54      0.000000005737450484880480
      55      0.000000005466881425471600
      56      0.000000005527186127117140
      57      0.000000005477498687920420
      58      0.000000004663209248636400
      59      0.000000004302649711240230
      60      0.000000003942903295435860
      61      0.000000003512504432513130
      62      0.000000003101178861418300
      63      0.000000003104170332401300
      64      0.000000003104170332401300
      65      0.000000003669629497575370
      66      0.000000003900301361666500
      67      0.000000004511038319325050
      68      0.000000004738208865493630
      69      0.000000004865697683509110
      70      0.000000005785233134109590
      71      0.000000005547616613878090
      72      0.000000005822299716859200
      73      0.000000005816683827931700
      74      0.000000005816683827931700
      75      0.000000005816683827931700
      76      0.000000005542256545387170
      77      0.000000004952451786988690
      78      0.000000004952451786988690
      79      0.000000005536905694659800
      80      0.000000005774082307578150
      81      0.000000005495223517117140
      82      0.000000005177237691389060
      83      0.000000004300111413645090
      84      0.000000003889013065403700
      85      0.000000003881483214495980
      86      0.000000003935274182541040
      87      0.000000003706812794734450
      88      0.000000003706812794734450
      89      0.000000004286019317161550
      90      0.000000004612651469697710
      91      0.000000004576860325733750
      92      0.000000005156003034974150
      93      0.000000005156003034974150
      94      0.000000005462139115023020
      95      0.000000005000689396564530
      96      0.000000005160705868986430
      97      0.000000004881495434003980
      98      0.000000004886243398292090
      99      0.000000004576860325733750
     100      0.000000004886243398292090
     101      0.000000004886243398292090
     102      0.000000004856041577052800
     103      0.000000005639866673799240
     104      0.000000005165713652781430
     105      0.000000004929439280032400
     106      0.000000004617132997330380
     107      0.000000005048651943752710
     108      0.000000005451121022188610
     109      0.000000005301361681756210
     110      0.000000005446808625310060
     111      0.000000005438165878262040
     112      0.000000005567820139885860
     113      0.000000005580067848844020
     114      0.000000005430671650717290
     115      0.000000005942529280915740
     116      0.000000006261414433797990
     117      0.000000006041749649532130
     118      0.000000005597596634321310
     119      0.000000005611436559156520
     120      0.000000005602967604493560
     121      0.000000005080477062711020
     122      0.000000006115048146368380
     123      0.000000005959921247054440
     124      0.000000006109202948816240
     125      0.000000006103355211595190
     126      0.000000006373672122310710
     127      0.000000006103355211595190
     128      0.000000006091668182007560
     129      0.000000005333962767967660
     130      0.000000005015199507574980
     131      0.000000004491343730782120
     132      0.000000003664479741567970
     133      0.000000001679189477380280
     134      0.000000001758904172348380
     135      0.000000000000000000000000
     136      0.000000000000000000000000
     137      0.000000000000000000000000
     138      0.000000000000000000000000
     139      0.000000000000000000000000
     140      0.000000000000000000000000
     141      0.000000000000000000000000
     142      0.000000000000000000000000
     143      0.000000000000000000000000
     144      0.000000000000000000000000
     145      0.000000000000000000000000
     146      0.000000000000000000000000
     147      0.000000000000000000000000
     148      0.000000000000000000000000
     149      0.000000000000000000000000
     150      0.000000000000000000000000
     151      0.000000000000000000000000
     152      0.000000000000000000000000
     153      0.000000000000000000000000
     154      0.000000000000000000000000
     155      0.000000000000000000000000
     156      0.000000000000000000000000
     157      0.000000000000000000000000
     158      0.000000000000000000000000
     159      0.000000000000000000000000
     160      0.000000000000000000000000
     161      0.000000000000000000000000
     162      0.000000000000000000000000
     163      0.000000000000000000000000
     164      0.000000000000000000000000
     165      0.000000000000000000000000
     166      0.000000000000000000000000
     167      0.000000000000000000000000
     168      0.000000000000000000000000
     169      0.000000000000000000000000
     170      0.000000000000000000000000
     171      0.000000000000000000000000
     172      0.000000000000000000000000
     173      0.000000000000000000000000
     174      0.000000000000000000000000
     175      0.000000000000000000000000
     176      0.000000000000000000000000
     177      0.000000000000000000000000
     178      0.000000000000000000000000
     179      0.000000000000000000000000
     180      0.000000000000000000000000
     181      0.000000000000000000000000
     182      0.000000000000000000000000
     183      0.000000000000000000000000
     184      0.000000000000000000000000
     185      0.000000000000000000000000
     186      0.000000000000000000000000
     187      0.000000000000000000000000
     188      0.000000000000000000000000
     189      0.000000000000000000000000
     190      0.000000000000000000000000
     191      0.000000000000000000000000
     192      0.000000001839192970438840
     193      0.000000007918306178784690
     194      0.000000008050566535553770
     195      0.000000007883964298061780
     196      0.000000007948804034416850
     197      0.000000008045223709761260
     198      0.000000008218051983788220
     199      0.000000007777974710528640
     200      0.000000007777974710528640
     201      0.000000007782987780888840
     202      0.000000006738037969613250
     203      0.000000006159878909873710
     204      0.000000005530448733557980
     205      0.000000005633733526297130
     206      0.000000005632594021091420
     207      0.000000004801511642777290
     208      0.000000005633733526297130
     209      0.000000005988422655020760
     210      0.000000006727337423169760
     211      0.000000006701391669818630
     212      0.000000007931762778386180
     213      0.000000007413507325541430
     214      0.000000008250191786897000
     215      0.000000007860214846409650
     216      0.000000007427275903669780
     217      0.000000007628588784450040
     218      0.000000007214967087079130
     219      0.000000006964861614474790
     220      0.000000006964861614474790
     221      0.000000007426269773087810
     222      0.000000007379791160619350
     223      0.000000007379791160619350
     224      0.000000007004096061205630
     225      0.000000006329809893591060
     226      0.000000005682911867614720
     227      0.000000005227012482956940
     228      0.000000005046891420786180
     229      0.000000004539819988236220
     230      0.000000004486384876129440
     231      0.000000004409442440973710
     232      0.000000004534543293754240
     233      0.000000005040907361715200
     234      0.000000005040907361715200
     235      0.000000005040907361715200
     236      0.000000005228209329601290
     237      0.000000005228209329601290
     238      0.000000005227012482956940
     239      0.000000006773645505564630
     240      0.000000007183713304049280
     241      0.000000006554904122590890
     242      0.000000007013629729012330
     243      0.000000007233941366977820
     244      0.000000007006943225630250
     245      0.000000006764782362897300
     246      0.000000007585235530865340
     247      0.000000008150188603430160
     248      0.000000007995379128703070
     249      0.000000007117902999391380
     250      0.000000006666806865376120
     251      0.000000006472282838905650
     252      0.000000005346577477645920
     253      0.000000004682302653786950
     254      0.000000004096542844039040
     255      0.000000004096542844039040
     256      0.000000003958860369073780
     257      0.000000004852739577935130
     258      0.000000004842961260960360
     259      0.000000005517421822606690
     260      0.000000005860681886396230
     261      0.000000005855028000555150
     262      0.000000005878468526483570
     263      0.000000005634418076709540
     264      0.000000001672448313433160
     265      0.000000001499505398164470
     266      0.000000001493775267836640
     267      0.000000001499505398164470
     268      0.000000001412606412059950
     269      0.000000001870713896868960
     270      0.000000002050179762901350
     271      0.000000001425355885098890
     272      0.000000001357221348188220
     273      0.000000001183542336045150
     274      0.000000001453939403944550
     275      0.000000001639989428541340
     276      0.000000001857110822497430
     277      0.000000002051195744378440
     278      0.000000001896661823151920
     279      0.000000002444767906735760
     280      0.000000002638729713481450
     281      0.000000004278937838716380
     282      0.000000004267918753114250
     283      0.000000004320983550969360
     284      0.000000004615886749839810
     285      0.000000004892359598965730
     286      0.000000005485489470783370
     287      0.000000006089816206443120
     288      0.000000006394917225732000
     289      0.000000006127520932544920
     290      0.000000006127520932544920
     291      0.000000006133422396756650
     292      0.000000006133422396756650
     293      0.000000006127528105735960
     294      0.000000006390419446341950
     295      0.000000006390419446341950
     296      0.000000006121655316396480
     297      0.000000006115762142831390
     298      0.000000006121655316396480
     299      0.000000005509381980719750
     300      0.000000004681299245295220
     301      0.000000003810080292447170
     302      0.000000003806385198582750
     303      0.000000003806385198582750
     304      0.000000003802690104717050
     305      0.000000004369078302233160
     306      0.000000004658682738785750
     307      0.000000004658682738785750
     308      0.000000004654150603861960
     309      0.000000004933251423417550
     310      0.000000004649618468938160
     311      0.000000004928441935602000
     312      0.000000005185352186710830
     313      0.000000004928441935602000
     314      0.000000005451623383697780
     315      0.000000005737450484880480
     316      0.000000005466881425471600
     317      0.000000005466881425471600
     318      0.000000005466881425471600
     319      0.000000005466881425471600
     320      0.000000005472195242806080
     321      0.000000004613759390834630
     322      0.000000004938063376905860
     323      0.000000004618272896691520
     324      0.000000004046218144056750
     325      0.000000003543296471315650
     326      0.000000003054687999437460
     327      0.000000003054687999437460
     328      0.000000003008806064107940
     329      0.000000003779385550356540
     330      0.000000004573421921784550
     331      0.000000004490738060242880
     332      0.000000005196214059527750
     333      0.000000005470787528547480
     334      0.000000006080673849578380
     335      0.000000005468790913667010
     336      0.000000005957614810163230
     337      0.000000006191297420005840
     338      0.000000006580728015788610
     339      0.000000006587109600269900
     340      0.000000007852221275162770
     341      0.000000008076842700711950
     342      0.000000008188203631173010
     343      0.000000008473283008646100
     344      0.000000008176510864777830
     345      0.000000007547700863227110
     346      0.000000006411546434832430
     347      0.000000005805644860578490
     348      0.000000005143309097036880
     349      0.000000004817321514032090
     350      0.000000004817321514032090
     351      0.000000004793940917166470
     352      0.000000005427869699563560
     353      0.000000005206711888958440
     354      0.000000004882919858740120
     355      0.000000004958392665960360
     356      0.000000005226727631634980
     357      0.000000005226727631634980
     358      0.000000005490003871110900
     359      0.000000005490003871110900
     360      0.000000005980717422584550
     361      0.000000005974949712821480
     362      0.000000005733720330680630
     363      0.000000005733720330680630
     364      0.000000005484689978177530
     365      0.000000005136325210191010
     366      0.000000005131346987771410
     367      0.000000005131346987771410
     368      0.000000005131346987771410
     369      0.000000005131346987771410
     370      0.000000004886103535308960
     371      0.000000004629049654886080
     372      0.000000004058085691706840
     373      0.000000004054128597665200
     374      0.000000004290370051524500
     375      0.000000004046218144056750
     376      0.000000004042254514247930
     377      0.000000004277785656069330
     378      0.000000004277785656069330
     379      0.000000004277785656069330
     380      0.000000004928451397928540
     381      0.000000004511518219528160
     382      0.000000004835710530936290
     383      0.000000004871873103773270
     384      0.000000005493985293406460
     385      0.000000006058435470395270
     386      0.000000006332625196929430
     387      0.000000006932313147332100
     388      0.000000006877679813505240
     389      0.000000006884279854922890
     390      0.000000006609040391321460
     391      0.000000006075970741260010
     392      0.000000005761421994482070
     393      0.000000005226732810763860
     394      0.000000005193080925516720
     395      0.000000005168971761780570
     396      0.000000006169399714890100
     397      0.000000006595623896597850
     398      0.000000006322740531812960
     399      0.000000006481292711149360
     400      0.000000007099747064511450
     401      0.000000007276788377763750
     402      0.000000007929055456753910
     403      0.000000007162920863689540
     404      0.000000007811147456451030
     405      0.000000007375233666059230
     406      0.000000007190471212039610
     407      0.000000007190471212039610
     408      0.000000007448538741646800
     409      0.000000007448538741646800
     410      0.000000007650410160708330
     411      0.000000007849151122002340
     412      0.000000007650410160708330
     413      0.000000007386818114381080
     414      0.000000007762504910697150
     415      0.000000007954409350458380
     416      0.000000007797807723102700
     417      0.000000007425333049656560
     418      0.000000006935472736263860
     419      0.000000007173375415964380
     420      0.000000007971716706209720
     421      0.000000007498924011691300
     422      0.000000007462415659609240
     423      0.000000007363729886378090
     424      0.000000006752673799948260
     425      0.000000007393284647887710
     426      0.000000007385626308335640
     427      0.000000007496064595315050
     428      0.000000006922442043044570
     429      0.000000006916199349841300
     430      0.000000007563204935848850
     431      0.000000007563204935848850
     432      0.000000007563204935848850
     433      0.000000007661793768406280
     434      0.000000008858344670957960
     435      0.000000008281933701728680
     436      0.000000008971922760704350
     437      0.000000009538037109092900
     438      0.000000009538037109092900
     439      0.000000009107560265959430
     440      0.000000009673229848043430
     441      0.000000008641523600028700
     442      0.000000008098621526981650
     443      0.000000007351212945820840
     444      0.000000007020818104859270
     445      0.000000006892278475309500
     446      0.000000006210561368164130
     447      0.000000006892278475309500
     448      0.000000007075095131604660
     449      0.000000007880452690910330
     450      0.000000007832009232452890
     451      0.000000008381971339158270
     452      0.000000008743149784867840
     453      0.000000008768700014975460
     454      0.000000008187142919430740
     455      0.000000008726495688041510
     456      0.000000008600384196116910
     457      0.000000008581880078033440
     458      0.000000009237937069317910
     459      0.000000008575108952934500
     460      0.000000008935832130934550
     461      0.000000008711331771553560
     462      0.000000008927252620636650
     463      0.000000008406526196213560
     464      0.000000008199939813215470
     465      0.000000008301598829062440
     466      0.000000007626937405592490
     467      0.000000007041775240230980
     468      0.000000006329959818709140
     469      0.000000005668466865191730
     470      0.000000005575618910053590
     471      0.000000005467050721681210
     472      0.000000005570726871951640
     473      0.000000006345457820202170
     474      0.000000006312045310404560
     475      0.000000006257431506985740
     476      0.000000006673975563997690
     477      0.000000006358374162854590
     478      0.000000006865031221074230
     479      0.000000006570821405938780
     480      0.000000007341823424252180
     481      0.000000007423492127555400
     482      0.000000007404948718168440
     483      0.000000007661309762527830
     484      0.000000008133995907380420
     485      0.000000007510012576393580
     486      0.000000007510012576393580
     487      0.000000007510012576393580
     488      0.000000007732717317551260
     489      0.000000007234651228263750
     490      0.000000007413835599141810
     491      0.000000007440965968467680
     492      0.000000007255213645913780
     493      0.000000006637081424388400
     494      0.000000007339965715436350
     495      0.000000007304500342826260
     496      0.000000007851621616478450
     497      0.000000008004339619700690
     498      0.000000007626206489153150
     499      0.000000008399465018787290
     500      0.000000008641554436539420
     501      0.000000008259015289414320
     502      0.000000008887345876641830
     503      0.000000008858094874829820
     504      0.000000008846114747702230
     505      0.000000008871973368844470
     506      0.000000008299012253410090
     507      0.000000008299012253410090
     508      0.000000008307027627962340
     509      0.000000008551434227999080
     510      0.000000008593207023088320
     511      0.000000008559682945860660
     512      0.000000009002150055930580
     513      0.000000008127514736259020
     514      0.000000007285587966067700
     515      0.000000007384347915268540
     516      0.000000007441697031465050
     517      0.000000006812028082723430
     518      0.000000007277804303901550
     519      0.000000007017279680043810
     520      0.000000007464362219312260
     521      0.000000007384347915268540
     522      0.000000007870950835568000
     523      0.000000008330967893179940
     524      0.000000008133088195457080
     525      0.000000008542385387177210
     526      0.000000009134646820875040
     527      0.000000008907834819106950
     528      0.000000008946724517441630
     529      0.000000008757435873062850
     530      0.000000008439743643015110
     531      0.000000009080950952622420
     532      0.000000009120069628997000
     533      0.000000008374234193774830
     534      0.000000008922870779912690
     535      0.000000008502906209213560
     536      0.000000008502906209213560
     537      0.000000007648492721080710
     538      0.000000007184581170845180
     539      0.000000006958151766703410
     540      0.000000006441971620893540
     541      0.000000005855015067985690
     542      0.000000005847637700594480
     543      0.000000005847637700594480
     544      0.000000006020872086250480
     545      0.000000006023707106009280
     546      0.000000006021686107817430
     547      0.000000006044525144686750
     548      0.000000006044525144686750
     549      0.000000006178326520938060
     550      0.000000006178326520938060
     551      0.000000006241749880352130
     552      0.000000006046587147624170
     553      0.000000006237418699984010
     554      0.000000005708940871009480
     555      0.000000006714132742004590
     556      0.000000006568158569540270
     557      0.000000006071277270922650
     558      0.000000006416021170903910
     559      0.000000005896133404500900
     560      0.000000005678758668722900
     561      0.000000005666661352888990
     562      0.000000005502725822535400
     563      0.000000004840402321985320
     564      0.000000004679462035361270
     565      0.000000004245540310237200
     566      0.000000004241436195811110
     567      0.000000004622661179523440
     568      0.000000004427763815351340
     569      0.000000004422871680853630
     570      0.000000004089562507163810
     571      0.000000004288473404248020
     572      0.000000004288473404248020
     573      0.000000004067487982764940
     574      0.000000004080442611071100
     575      0.000000004059560627787470
     576      0.000000004059560627787470
     577      0.000000003671848929483300
     578      0.000000003671354274705680
     579      0.000000003822335688192550
     580      0.000000004001411884415390
     581      0.000000003818594305578790
     582      0.000000003818594305578790
     583      0.000000004656318795080830
     584      0.000000004993110390797500
     585      0.000000004776734100201480
     586      0.000000004768680479695640
     587      0.000000004934004047501320
     588      0.000000004835942555007800
     589      0.000000004192192973889860
     590      0.000000004422193495839050
     591      0.000000005276363557541000
     592      0.000000005401983332979610
     593      0.000000005598282526954730
     594      0.000000005596990971738700
     595      0.000000006009050476500190
     596      0.000000006829432373341570
     597      0.000000007306311773075020
     598      0.000000007522547423016120
     599      0.000000007932795827896800
     600      0.000000008431307641285650
     601      0.000000009075976139272490
     602      0.000000009252185700787060
     603      0.000000009378729882439200
     604      0.000000009526551513166860
     605      0.000000009686834206913430
     606      0.000000010473802646828400
     607      0.000000010785353973640300
     608      0.000000010888060956349300
     609      0.000000011093651532062500
     610      0.000000010087971796888400
     611      0.000000010091527873900300
     612      0.000000011279625289272400
     613      0.000000011377933825826400
     614      0.000000010828249450588900
     615      0.000000010254973131871200
     616      0.000000011481666035673200
     617      0.000000011457989004167300
     618      0.000000011613528887716200
     619      0.000000011796457765852500
     620      0.000000011881518447472100
     621      0.000000011914469161164100
     622      0.000000011914469161164100
     623      0.000000011914469161164100
     624      0.000000011994661570440300
     625      0.000000012073269957019800
     626      0.000000012140313488451200
     627      0.000000012252630058048400
     628      0.000000012219084920861500
     629      0.000000012264398944468200
     630      0.000000012276164253078800
     631      0.000000012343373806571200
     632      0.000000012406613149573100
     633      0.000000012355223865267700
     634      0.000000011686998995664900
     635      0.000000011698241533525600
     636      0.000000011595137304829500
     637      0.000000010980176668892200
     638      0.000000010980176668892200
     639      0.000000010980176668892200
     640      0.000000011614974864965700
     641      0.000000011116935577044900
     642      0.000000011025196930555500
     643      0.000000011639836189234700
     644      0.000000012266024774445100
     645      0.000000011672499388151900
     646      0.000000011672499388151900
     647      0.000000011725478243979100
     648      0.000000011728166664417000
     649      0.000000011786764619723400
     650      0.000000011739391510015100
     651      0.000000011681163989709900
     652      0.000000011681163989709900
     653      0.000000012275123579915500
     654      0.000000012164241325557600
     655      0.000000012167209596492000
     656      0.000000012120029460314700
     657      0.000000011513173249491000
     658      0.000000011447420371161200
     659      0.000000010662692871310800
     660      0.000000010033108627642100
     661      0.000000009406008491897320
     662      0.000000010163612779868100
     663      0.000000010203450155003900
     664      0.000000010269050303780800
     665      0.000000010954601147724800
     666      0.000000012194871942959500
     667      0.000000012698375174635700
     668      0.000000013186036509959200
     669      0.000000013186036509959200
     670      0.000000013787157323408800
     671      0.000000014225932695618500
     672      0.000000014367034552844600
     673      0.000000014421722475218300
     674      0.000000014421722475218300
     675      0.000000014406618481435500
     676      0.000000014421722475218300
     677      0.000000014029695442842900
     678      0.000000014029695442842900
     679      0.000000014294876281250200
     680      0.000000013625376409635300
     681      0.000000012951015335562400
     682      0.000000012944108826018800
     683      0.000000012471575527339200
     684      0.000000011936547991546400
     685      0.000000011374777879865100
     686      0.000000011322249234230900
     687      0.000000010800608551201500
     688      0.000000011322219395898500
     689      0.000000011206198318393700
     690      0.000000011329833954783500
     691      0.000000011322813129559100
     692      0.000000011909363136880700
     693      0.000000011921595874821700
     694      0.000000012393985161907000
     695      0.000000011842657480087700
     696      0.000000011842657480087700
     697      0.000000011937544666052700
     698      0.000000011937544666052700
     699      0.000000011937544666052700
     700      0.000000011349630069670000
     701      0.000000011421541993607500
     702      0.000000011421541993607500
     703      0.000000011421541993607500
     704      0.000000011217880705357900
     705      0.000000011333577548511400
     706      0.000000010732982306255500
     707      0.000000009999587353989010
     708      0.000000009887687395754180
     709      0.000000009214743539105470
     710      0.000000009249644139160560
     711      0.000000009229079205896790
     712      0.000000009229079205896790
     713      0.000000009267840574398660
     714      0.000000009088662517938330
     715      0.000000009167271055350060
     716      0.000000009088662517938330
     717      0.000000009167271055350060
     718      0.000000009010037806880690
     719      0.000000009010037806880690
     720      0.000000009100735410964680
     721      0.000000009088662517938330
     722      0.000000009080058963155470
     723      0.000000009080058963155470
     724      0.000000009080058963155470
     725      0.000000009071468509825100
     726      0.000000008393021041586230
     727      0.000000009071468509825100
     728      0.000000008992989119461150
     729      0.000000008914300042846400
     730      0.000000008697533605229190
     731      0.000000007774490464160450
     732      0.000000007303472812025680
     733      0.000000007997328393602550
     734      0.000000008128170336005400
     735      0.000000007989718790181900
     736      0.000000007395617565881360
     737      0.000000007393877354453760
     738      0.000000007609723962184030
     739      0.000000007643473667393200
     740      0.000000008176905226160230
     741      0.000000008000928864004700
     742      0.000000007962826068260880
     743      0.000000008059783610841480
     744      0.000000008406121371495260
     745      0.000000162046628231138000
     746      0.000000008344711699841110
     747      0.000000008078782686035430
     748      0.000000007849537640601000
     749      0.000000007673052265477970
     750      0.000000007409353965182420
     751      0.000000007173140746260790
     752      0.000000006935105505619720
     753      0.000000006935105505619720
     754      0.000000006935105505619720
     755      0.000000006716429576316210
     756      0.000000006374445491615560
     757      0.000000006111258649692300
     758      0.000000005769933654623480
     759      0.000000005764231865502790
     760      0.000000005764231865502790
     761      0.000000005556027445582930
     762      0.000000005550517475727020
     763      0.000000005545001204688970
     764      0.000000005866110794974520
     765      0.000000005533982811370300
     766      0.000000005769430941420610
     767      0.000000005763701182688970
     768      0.000000004814496392537530
     769      0.000000004941145731773300
     770      0.000000004967057629782330
     771      0.000000004729377205368310
     772      0.000000004715696348791600
     773      0.000000004962075584865390
     774      0.000000004957111068921010
     775      0.000000005155176124019830
     776      0.000000005129801212238470
     777      0.000000004608061617314530
     778      0.000000004780189822087330
     779      0.000000004232519993346350
     780      0.000000003836249595344370
     781      0.000000003832397597985610
     782      0.000000003656446713356850
     783      0.000000003501852057100670
     784      0.000000003501852057100670
     785      0.000000003827344443272830
     786      0.000000004046198096080280
     787      0.000000004393935256688410
     788      0.000000004398367769288570
     789      0.000000004402780348224260
     790      0.000000004593491790453570
     791      0.000000004598096851767070
     792      0.000000004598096851767070
     793      0.000000004602688371425780
     794      0.000000004946100097126530
     795      0.000000005191344382904710
     796      0.000000005860270056064450
     797      0.000000005854252005697320
     798      0.000000005866110794974520
     799      0.000000006412660904836710
     800      0.000000006087077654378560
     801      0.000000005562807772700730
     802      0.000000004416616628546470
     803      0.000000003436132549177210
     804      0.000000001067856383886290
     805      0.000000001136845973836540
     806      0.000000001537433950647420
     807      0.000000001818059099410340
     808      0.000000001339431992153110
     809      0.000000002499299557391920
     810      0.000000003114093312666500
     811      0.000000003104936641059300
     812      0.000000002779681225743530
     813      0.000000003449985260689120
     814      0.000000003869904295414190
     815      0.000000004468253914606900
     816      0.000000004819792592430720
     817      0.000000005610696360199720
     818      0.000000005254869784453910
     819      0.000000006194159260091190
     820      0.000000005832284783175250
     821      0.000000005837974850488530
     822      0.000000006462245964314950
     823      0.000000006854681811646310
     824      0.000000006976069649985600
     825      0.000000006058747675747410
     826      0.000000004896169327732490
     827      0.000000004508054052623180
     828      0.000000003454600556801400
     829      0.000000003319489195960380
     830      0.000000002477618420524160
     831      0.000000002461754443778090
     832      0.000000002631570265361040
     833      0.000000003424751704683310
     834      0.000000004073730664010770
     835      0.000000004654234809680690
     836      0.000000005090852174940030
     837      0.000000005394322706048920
     838      0.000000005711079981491180
     839      0.000000006014629921244690
     840      0.000000006249937040778220
     841      0.000000006249937040778220
     842      0.000000006488213751762530
     843      0.000000006488213751762530
     844      0.000000006764711611217250
     845      0.000000006764711611217250
     846      0.000000006653583371958950
     847      0.000000007235981016403000
     848      0.000000007112381705313280
     849      0.000000006471359306162840
     850      0.000000006136997595058240
     851      0.000000005482662288779570
     852      0.000000005054006224917960
     853      0.000000005093253905582700
     854      0.000000004334479826063130
     855      0.000000003860335287775750
     856      0.000000004117233868804870
     857      0.000000004113177411887640
     858      0.000000004109113297497750
     859      0.000000004780636503792450
     860      0.000000004841114959186170
     861      0.000000004511603703703530
     862      0.000000004804131507400970
     863      0.000000004511603703703530
     864      0.000000004303342061556710
     865      0.000000004580687520409120
     866      0.000000003064574616891700
     867      0.000000002890420022913260
     868      0.000000003061415723383640
     869      0.000000002884457603049480
     870      0.000000002884457603049480
     871      0.000000002702189130799310
     872      0.000000002531477226256090
     873      0.000000002534093876851730
     874      0.000000002328818989683790
     875      0.000000002328818989683790
     876      0.000000001924304605830950
     877      0.000000001924304605830950
     878      0.000000001704569328851130
     879      0.000000001980175097283770
     880      0.000000002456592342101250
     881      0.000000003230336172957560
     882      0.000000002559449561079990
     883      0.000000002522472464938250
     884      0.000000002758111160235020
     885      0.000000003021414671927020
     886      0.000000003024477912093120
     887      0.000000003271873052053700
     888      0.000000002987751179691140
     889      0.000000003278487311066520
     890      0.000000003281791517679020
     891      0.000000003285095724292150
     892      0.000000003516169552985170
     893      0.000000004323304883773620
     894      0.000000004327605839627890
     895      0.000000004327605839627890
     896      0.000000004331905741718140
     897      0.000000003831698172710540
     898      0.000000003301634370394870
     899      0.000000002354147898016460
     900      0.000000001945421527678920
     901      0.000000002121972320885810
     902      0.000000002759407651078270
     903      0.000000002300900053915830
     904      0.000000002650366047542780
     905      0.000000003055627995950210
     906      0.000000003229887205355290
     907      0.000000003512011354043560
     908      0.000000004892099626251630
     909      0.000000005477419111066130
     910      0.000000006879543495771100
     911      0.000000006320331954203190
     912      0.000000006914459586059840
     913      0.000000007675819731684040
     914      0.000000007411545103012010
     915      0.000000007602994503405610
     916      0.000000007977774468924290
     917      0.000000007323027999735160
     918      0.000000007323027999735160
     919      0.000000007323027999735160
     920      0.000000007064766141088930
     921      0.000000006704257974392190
     922      0.000000005671713457582170
     923      0.000000004583394446669560
     924      0.000000004311255866254570
     925      0.000000004449098913986940
     926      0.000000004042168172845770
     927      0.000000004153061181790650
     928      0.000000004276765349436330
     929      0.000000004850041487402730
     930      0.000000004863857223884180
     931      0.000000005361024556172320
     932      0.000000005839028592776670
     933      0.000000007108637408674740
     934      0.000000006707535454437130
     935      0.000000007492403354518890
     936      0.000000007861420428710660
     937      0.000000008217719123184580
     938      0.000000008217719123184580
     939      0.000000008584739836966440
     940      0.000000008287021290883910
     941      0.000000008287021290883910
     942      0.000000008287021290883910
     943      0.000000008287021290883910
     944      0.000000007609119346517410
     945      0.000000007398652721336980
     946      0.000000006449631420928000
     947      0.000000005844604056658240
     948      0.000000005066216907614970
     949      0.000000004680944873572470
     950      0.000000003724608372245160
     951      0.000000003191671942316890
     952      0.000000002459462035908540
     953      0.000000002707845008553860
     954      0.000000004395768524106140
     955      0.000000005286664571108490
     956      0.000000005713243000085250
     957      0.000000006482771169966580
     958      0.000000007068199371117460
     959      0.000000007296691293188480
     960      0.000000007685492580995460
     961      0.000000008023812220362110
     962      0.000000008248402469879300
     963      0.000000008043289752848480
     964      0.000000007809796865640300
     965      0.000000007790556252263380
     966      0.000000007790556252263380
     967      0.000000007750963443752590
     968      0.000000008114685938747060
     969      0.000000007459065941984170
     970      0.000000006395305934763400
     971      0.000000005428789647635300
     972      0.000000004403841236029610
     973      0.000000002661506839069370
     974      0.000000001720768712808460
     975      0.000000000000000000000000
     976      0.000000000000000000000000
     977      0.000000000000000000000000
     978      0.000000000652119694931382
     979      0.000000004913407640530790
     980      0.000000004913407640530790
     981      0.000000006861382557193120
     982      0.000000007289277996576460
     983      0.000000007689236334236450
     984      0.000000008070684540797360
     985      0.000000008089466347011570
     986      0.000000008514661257494210
     987      0.000000007835515885202540
     988      0.000000008734457043524850
     989      0.000000008574848942581490
     990      0.000000004981070063674830
     991      0.000000005357549009191750
     992      0.000000005135145623103490
     993      0.000000004155728707067940
     994      0.000000003321601731025680
     995      0.000000002663818058143480
     996      0.000000001829895088950410
     997      0.000000001800135266363030
     998      0.000000000000000000000000
     999      0.000000000000000000000000
    1000      0.000000002761567385163890
    1001      0.000000003760120386185250
    1002      0.000000004486912029569680
    1003      0.000000005078223198255520
    1004      0.000000005078223198255520
    1005      0.000000005643190150499890
    1006      0.000000005789030259312440
    1007      0.000000005763180645994850
    1008      0.000000005633550759860280
    1009      0.000000006281621507920730
    1010      0.000000006124774958006150
    1011      0.000000006343146525860510
    1012      0.000000006187906472581830
    1013      0.000000006664458127926830
    1014      0.000000009594320996436510
    1015      0.000000010054538943693900
    1016      0.000000009365725786971290
    1017      0.000000007438615957752850
    1018      0.000000005325292399958050
    1019      0.000000004317990239874580
    1020      0.000000003147640169198930
    1021      0.000000001757972377986540
    1022      0.000000000000000000000000
    1023      0.000000000000000000000000
    1024      0.000000000000000000000000
    1025      0.000000001103047891722570
    1026      0.000000004617883901814760
    1027      0.000000004663036563120680
    1028      0.000000005604250962347070
    1029      0.000000006813092326978260
    1030      0.000000007574018469322420
    1031      0.000000008128603980196130
    1032      0.000000008325290963366880
    1033      0.000000008382805326382850
    1034      0.000000008470141678406910
    1035      0.000000008239112006430910
    1036      0.000000009124775362052170
    1037      0.000000009261760754261100
    1038      0.000000009440522973979070
    1039      0.000000009440522973979070
    1040      0.000000008485009316845600
    1041      0.000000007915036065587000
    1042      0.000000007313340865890490
    1043      0.000000006238560673416600
    1044      0.000000005752103464745220
    1045      0.000000005737852130330970
    1046      0.000000005393487931145360
    1047      0.000000005393487931145360
    1048      0.000000006199019296507260
    1049      0.000000006228292195144960
    1050      0.000000006745579552763540
    1051      0.000000006380980137666170
    1052      0.000000007346983646627040
    1053      0.000000007346983646627040
    1054      0.000000007472319369199760
    1055      0.000000007700242056221870
    1056      0.000000007561841748496950
    1057      0.000000007697936648308860
    1058      0.000000007663627441332070
    1059      0.000000007673749566657720
    1060      0.000000007507685728193590
    1061      0.000000008141962165338000
    1062      0.000000008284102209174550
    1063      0.000000008393497170002480
    1064      0.000000008503162523399200
    1065      0.000000008016243960037710
    1066      0.000000006803060117053850
    1067      0.000000006198685652210000
    1068      0.000000005438097069622870
    1069      0.000000004564330576155160
    1070      0.000000003521290507331530
    1071      0.000000002111500611864890
    1072      0.000000003517890899270970
    1073      0.000000005422367905393740
    1074      0.000000006188949150893370
    1075      0.000000006019986981278200
    1076      0.000000006019986981278200
    1077      0.000000006684825339747940
    1078      0.000000005534050752808270
    1079      0.000000005758060819473610
    1080      0.000000005656549353605160
    1081      0.000000005762181414779410
    1082      0.000000006376282610167940
    1083      0.000000006264145877185090
    1084      0.000000006025845956029160
    1085      0.000000006025845956029160
    1086      0.000000006042747783527100
    1087      0.000000005913111964770610
    1088      0.000000006405642262369560
    1089      0.000000005204376979721480
    1090      0.000000005299415973903160
    1091      0.000000003061874636031510
    1092      0.000000001883931094229590
    1093      0.000000001854784264502600
    1094      0.000000000000000000000000
    1095      0.000000000000000000000000
    1096      0.000000000000000000000000
    1097      0.000000000000000000000000
    1098      0.000000000000000000000000
    1099      0.000000002201258908500870
    1100      0.000000004828883701753580
    1101      0.000000006092443694415900
    1102      0.000000005487193065812630
    1103      0.000000005508332057727890
    1104      0.000000003997573799446720
    1105      0.000000003969638220866320
    1106      0.000000004621442751327820
    1107      0.000000005966493372420400
    1108      0.000000005497574160856720
    1109      0.000000005369723596717010
    1110      0.000000005364454233133410
    1111      0.000000005948977576973190
    1112      0.000000005805723385111670
    1113      0.000000005401617422978810
    1114      0.000000005561112390768060
    1115      0.000000005506981460656660
    1116      0.000000005519595305657880
    1117      0.000000005513473931839560
    1118      0.000000004537109646961180
    1119      0.000000004537109646961180
    1120      0.000000004504955257102170
    1121      0.000000004509372822192490
    1122      0.000000005145577646659370
    1123      0.000000005055378390666760
    1124      0.000000005155640335568710
    1125      0.000000005744591302609170
    1126      0.000000005719377708559660
    1127      0.000000006110311117118490
    1128      0.000000006715379476506850
    1129      0.000000006104348205151580
    1130      0.000000007015642528063560
    1131      0.000000006614728787168240
    1132      0.000000006233921244332900
    1133      0.000000005046165289607900
    1134      0.000000005046871607545970
    1135      0.000000005239969094240270
    1136      0.000000005036174558937760
    1137      0.000000004769770120650790
    1138      0.000000004173447594685560
    1139      0.000000003678586069329180
    1140      0.000000003681563300436060
    1141      0.000000003486132069055170
    1142      0.000000003252832062499810
    1143      0.000000003631942895794950
    1144      0.000000003227382496246740
    1145      0.000000003358851696556040
    1146      0.000000003245097210091220
    1147      0.000000003245097210091220
    1148      0.000000003248356071334530
    1149      0.000000003388787121841180
    1150      0.000000003855527062669650
    1151      0.000000003855527062669650
    1152      0.000000003826522739022770
    1153      0.000000003544654930762640
    1154      0.000000003826522739022770
    1155      0.000000003372320492449800
    1156      0.000000003803376506273130
    1157      0.000000003395574126167330
    1158      0.000000003398958276816100
    1159      0.000000003243593600576340
    1160      0.000000003271196934114860
    1161      0.000000003274453092645680
    1162      0.000000003280991085474130
    1163      0.000000002079821704339330
    1164      0.000000001653640300442520
    1165      0.000000001553592072486780
    1166      0.000000001012670702960190
    1167      0.000000001028832935221120
    1168      0.000000000910749131783384
    1169      0.000000001385652796227330
    1170      0.000000001491797491890860
    1171      0.000000001311868207652700
    1172      0.000000001541156531255710
    1173      0.000000001590199537616620
    1174      0.000000001821676685175240
    1175      0.000000002642053830785790
    1176      0.000000002164618366412970
    1177      0.000000002984706380295750
    1178      0.000000003506629484534640
    1179      0.000000003547137687175410
    1180      0.000000003756576933623660
    1181      0.000000004047607337315340
    1182      0.000000004178468536228750
    1183      0.000000004603525866038620
    1184      0.000000004532878158010240
    1185      0.000000003508537100243240
    1186      0.000000003508537100243240
    1187      0.000000002596634805347740
    1188      0.000000001717000376506210
    1189      0.000000001720265765393090
    1190      0.000000001331474471864870
    1191      0.000000001319475142457400
    1192      0.000000001312429724127150
    1193      0.000000001458859759348380
    1194      0.000000002070785117217250
    1195      0.000000002164618366412970
    1196      0.000000002302586590687490
    1197      0.000000002117161468350190
    1198      0.000000003275137819291320
    1199      0.000000004127652967501200
    1200      0.000000004099011712346930
    1201      0.000000004121986970789620
    1202      0.000000004315848920178800
    1203      0.000000005003528821462760
    1204      0.000000005003528821462760
    1205      0.000000005433039166623920
    1206      0.000000005184427726046280
    1207      0.000000005184427726046280
    1208      0.000000004599045796557510
    1209      0.000000004760515309391890
    1210      0.000000004022909407555650
    1211      0.000000003154338115691900
    1212      0.000000002666534666967720
    1213      0.000000001468227485731360
    1214      0.000000000000000000000000
    1215      0.000000000000000000000000
    1216      0.000000000000000000000000
    1217      0.000000000000000000000000
    1218      0.000000000000000000000000
    1219      0.000000002583210859898610
    1220      0.000000003882498802073080
    1221      0.000000003347569745925600
    1222      0.000000003840479308424000
    1223      0.000000004035163884764590
    1224      0.000000004355564015165950
    1225      0.000000004810304575004000
    1226      0.000000005132395518201110
    1227      0.000000004805557990720910
    1228      0.000000004951954834501570
    1229      0.000000005127342689253510
    1230      0.000000005384855643447240
    1231      0.000000004796052802828590
    1232      0.000000004608275030239230
    1233      0.000000004171232445857860
    1234      0.000000003565041685318940
    1235      0.000000002415226567142580
    1236      0.000000002302834931628660
    1237      0.000000001580496355319720
    1238      0.000000001506508203782820
    1239      0.000000000000000000000000
    1240      0.000000000590437456198948
    1241      0.000000002240756866271380
    1242      0.000000002123101546724760
    1243      0.000000002638250897887010
    1244      0.000000003095585288773390
    1245      0.000000003251611334107850
    1246      0.000000003264534752621620
    1247      0.000000003859017737143820
    1248      0.000000003835988211211830
    1249      0.000000004007174048426090
    1250      0.000000004003178603618110
    1251      0.000000004003178603618110
    1252      0.000000004154675703246560
    1253      0.000000004174669337874920
    1254      0.000000004150538955791180
    1255      0.000000004467966627538640
    1256      0.000000004006892016413750
    1257      0.000000003254710978071900
    1258      0.000000002535665545409010
    1259      0.000000002033465152221690
    1260      0.000000001358924478046610
    1261      0.000000000000000000000000
    1262      0.000000000000000000000000
    1263      0.000000000000000000000000
    1264      0.000000000077362412573935
    1265      0.000000001406064274534220
    1266      0.000000002050884709531300
    1267      0.000000002050884709531300
    1268      0.000000002052981308538640
    1269      0.000000002909532147458320
    1270      0.000000003592807501514150
    1271      0.000000003596454147180740
    1272      0.000000003958573058204170
    1273      0.000000003978958597669180
    1274      0.000000003714675517941740
    1275      0.000000003714675517941740
    1276      0.000000003714675517941740
    1277      0.000000003714675517941740
    1278      0.000000003714675517941740
    1279      0.000000003718448019186730
    1280      0.000000003838701311145060
    1281      0.000000003615977243182380
    1282      0.000000003394326343431610
    1283      0.000000002915568571073850
    1284      0.000000002443694726807350
    1285      0.000000002260118342961790
    1286      0.000000001955399637494290
    1287      0.000000002030723059926080
    1288      0.000000002111670404969880
    1289      0.000000002131715479950960
    1290      0.000000002233959503422720
    1291      0.000000003245105097170730
    1292      0.000000003667579364568180
    1293      0.000000003245105097170730
    1294      0.000000003663875823216760
    1295      0.000000004364516799933850
    1296      0.000000004360135926171620
    1297      0.000000004242337474227880
    1298      0.000000004242337474227880
    1299      0.000000003777747516291000
    1300      0.000000003431365173626150
    1301      0.000000003401401667219870
    1302      0.000000003099514867780940
    1303      0.000000003099514867780940
    1304      0.000000003089714417584830
    1305      0.000000003089714417584830
    1306      0.000000003105660045055550
    1307      0.000000002909621289163240
    1308      0.000000002604438891566720
    1309      0.000000002916029099216120
    1310      0.000000003069952773380250
    1311      0.000000002739910696427710
    1312      0.000000002933049504785350
    1313      0.000000002911862332399620
    1314      0.000000002963802760672670
    1315      0.000000003662705815839840
    1316      0.000000003925801401579800
    1317      0.000000004466697331486210
    1318      0.000000005032660370893330
    1319      0.000000005292306590038620
    1320      0.000000005286990422678500
    1321      0.000000004448738778989520
    1322      0.000000003577694914998530
    1323      0.000000003870590982843260
    1324      0.000000003535607204772160
    1325      0.000000003240125946459040
    1326      0.000000003559516207981940
    1327      0.000000003552245100152340
    1328      0.000000003548617805426400
    1329      0.000000003361736717867390
    1330      0.000000003236015270403520
    1331      0.000000002727613369632490
    1332      0.000000002873931417716410
    1333      0.000000002667175836703500
    1334      0.000000002391167272767730
    1335      0.000000002239482824120440
    1336      0.000000002192725694374590
    1337      0.000000002192725694374590
    1338      0.000000002434694025444150
    1339      0.000000002434694025444150
    1340      0.000000002722532795652110
    1341      0.000000002722532795652110
    1342      0.000000002725383084073180
    1343      0.000000002725383084073180
    1344      0.000000002684802996798440
    1345      0.000000002463191528936910
    1346      0.000000002465796077630830
    1347      0.000000002652775064680550
    1348      0.000000002635153621967790
    1349      0.000000002833594503282970
    1350      0.000000002657035149833850
    1351      0.000000002467183647342530
    1352      0.000000002732454186800550
    1353      0.000000002735309185760780
    1354      0.000000002253405062253480
    1355      0.000000002274995737573060
    1356      0.000000002042359545003740
    1357      0.000000001639791573731930
    1358      0.000000001469496013210080
    1359      0.000000001495141999072710
    1360      0.000000001496771296094650
    1361      0.000000001835680901599060
    1362      0.000000001814624023086660
    1363      0.000000001816588377614980
    1364      0.000000001831014313047790
    1365      0.000000001818552044214560
    1366      0.000000001820515366849610
    1367      0.000000001822483161022610
    1368      0.000000001822483161022610
    1369      0.000000001972219551515170
    1370      0.000000001974342181526400
    1371      0.000000002270896775106810
    1372      0.000000002273293624704550
    1373      0.000000002275690963306050
    1374      0.000000002229185645416640
    1375      0.000000002231540020589240
    1376      0.000000001994793838825370
    1377      0.000000001846820810953180
    1378      0.000000001572966339315210
    1379      0.000000001300127007932180
    1380      0.000000001339431992153110
    1381      0.000000000918520283100273
    1382      0.000000000933468206866029
    1383      0.000000001051223757666920
    1384      0.000000001252472898653670
    1385      0.000000000769806389104976
    1386      0.000000001031194684947690
    1387      0.000000001032392356706000
    1388      0.000000001367937951529280
    1389      0.000000001769713572185810
    1390      0.000000001716786877460640
    1391      0.000000001647049099237290
    1392      0.000000001773529888909470
    1393      0.000000001720505397748180
    1394      0.000000002262159273160310
    1395      0.000000002259805830590450
    1396      0.000000002427121377313260
    1397      0.000000002481491876968020
    1398      0.000000002165971797318890
    1399      0.000000001894054211283180
    1400      0.000000001484917708790920
    1401      0.000000001401402630915420
    1402      0.000000001357487203075660
    1403      0.000000001264671156014920
    1404      0.000000001320342822048340
    1405      0.000000001460724989489830
    1406      0.000000001848351053555850
    1407      0.000000001506065868818020
    1408      0.000000002704897820537060
    1409      0.000000001837543983211640
    1410      0.000000002078773212420060
    1411      0.000000002066340233325080
    1412      0.000000002745917477030070
    1413      0.000000002805410894624470
    1414      0.000000002322122452916080
    1415      0.000000002357091047288910
    1416      0.000000002890052188077970
    1417      0.000000000000000000000000
    1418      0.000000000000000000000000
    1419      0.000000000000000000000000
    1420      0.000000002984670626547310
    1421      0.000000004192689301916260
    1422      0.000000003991027468304550
    1423      0.000000004560524971983060
    1424      0.000000003729505668093190
    1425      0.000000002735632408054320
    1426      0.000000002289061469070970
    1427      0.000000001211386860343110
    1428      0.000000000000000000000000
    1429      0.000000000133296687627370
    1430      0.000000000264050962911942
    1431      0.000000000000000000000000
    1432      0.000000000000000000000000
    1433      0.000000000041374730186032
    1434      0.000000001152686386858770
    1435      0.000000001862915314440240
    1436      0.000000002322729908800790
    1437      0.000000002755157158011890
    1438      0.000000003254311319349780
    1439      0.000000002794301701220090
    1440      0.000000003009157479830330
    1441      0.000000003490727705688770
    1442      0.000000003977753024185340
    1443      0.000000004527980759413880
    1444      0.000000004539686639953800
    1445      0.000000005385254675650640
    1446      0.000000005005020150884760
    1447      0.000000005656565550575290
    1448      0.000000004267068708187870
    1449      0.000000002992113188170020
    1450      0.000000002320951506204560
    1451      0.000000002602227283105870
    1452      0.000000001886822815975410
    1453      0.000000001334381816558090
    1454      0.000000000000000000000000
    1455      0.000000000000000000000000
    1456      0.000000000000000000000000
    1457      0.000000000000000000000000
    1458      0.000000000000000000000000
    1459      0.000000001442854261296620
    1460      0.000000003166270407658310
    1461      0.000000003415962925516510
    1462      0.000000003773506435648840
    1463      0.000000004043149667155690
    1464      0.000000004225829122063880
    1465      0.000000004220510884354240
    1466      0.000000004426327883971270
    1467      0.000000004258589241625620
    1468      0.000000004028790294011260
    1469      0.000000004529919633836600
    1470      0.000000004279713445370450
    1471      0.000000004279713445370450
    1472      0.000000004279434504390140
    1473      0.000000004239146062913940
    1474      0.000000003752065779784790
    1475      0.000000003002599224644000
    1476      0.000000002939075580069930
    1477      0.000000002448775984454090
    1478      0.000000002689478476098530
    1479      0.000000002745038017690070
    1480      0.000000002517102720692620
    1481      0.000000002972791307354100
    1482      0.000000003243456664977770
    1483      0.000000003159308003228220
    1484      0.000000002306549058986130
    1485      0.000000002477437247759230
    1486      0.000000002946002860947490
    1487      0.000000002690492782220890
    1488      0.000000002719282773910550
    1489      0.000000002930264312509090
    1490      0.000000003453828122655950
    1491      0.000000003450361578862870
    1492      0.000000003450361578862870
    1493      0.000000003446889941681190
    1494      0.000000003446889941681190
    1495      0.000000003446889941681190
    1496      0.000000003446672936610440
    1497      0.000000003136019767497460
    1498      0.000000002619557759343630
    1499      0.000000002260321525879000
    1500      0.000000001304198259898080
    1501      0.000000001164296589977740
    1502      0.000000001053996137268150
    1503      0.000000001055840741174710
    1504      0.000000001270624624270940
    1505      0.000000001367227162595980
    1506      0.000000001365119223884270
    1507      0.000000001768131361267460
    1508      0.000000001546972025593650
    1509      0.000000001829439526754630
    1510      0.000000001458556633314430
    1511      0.000000001889653796666510
    1512      0.000000001632492357222880
    1513      0.000000001938848759117570
    1514      0.000000002421239806300140
    1515      0.000000002418718907790740
    1516      0.000000002416193203188330
    1517      0.000000002467749446374110
    1518      0.000000002465180736567300
    1519      0.000000002519731842188020
    1520      0.000000002226767572620490
    1521      0.000000002255941854832370
    1522      0.000000002015730550629030
    1523      0.000000002297015612428150
    1524      0.000000002071803916092330
    1525      0.000000001153878797763560
    1526      0.000000001250873910509880
    1527      0.000000001250873910509880
    1528      0.000000002063695121022770
    1529      0.000000002067987686517420
    1530      0.000000002941579293971850
    1531      0.000000003230659201573890
    1532      0.000000003264953313269350
    1533      0.000000002746222864051170
    1534      0.000000003478707487866370
    1535      0.000000003252239789246280
    1536      0.000000003035354771288050
    1537      0.000000003508376860070980
    1538      0.000000003966815929779540
    1539      0.000000004216341247874760
    1540      0.000000004844678767846300
    1541      0.000000005134340751088720
    1542      0.000000005118250583410140
    1543      0.000000005416396066815930
    1544      0.000000005271649804285030
    1545      0.000000004478814404606280
    1546      0.000000004295608323163350
    1547      0.000000003452126937818620
    1548      0.000000003491948142080390
    1549      0.000000003077148970005660
    1550      0.000000002981704841422640
    1551      0.000000002372588493558530
    1552      0.000000002445246246914370
    1553      0.000000002445246246914370
    1554      0.000000002533880593365370
    1555      0.000000002533880593365370
    1556      0.000000003201214143886200
    1557      0.000000003761242245107390
    1558      0.000000004394962057845510
    1559      0.000000004394962057845510
    1560      0.000000004394962057845510
    1561      0.000000003881835238624280
    1562      0.000000003881835238624280
    1563      0.000000003881835238624280
    1564      0.000000003422089850625170
    1565      0.000000004035954030741840
    1566      0.000000004039859526869170
    1567      0.000000003768565812429910
    1568      0.000000003320552111024560
    1569      0.000000001731681752064180
    1570      0.000000000000000000000000
    1571      0.000000000000000000000000
    1572      0.000000000000000000000000
    1573      0.000000000000000000000000
    1574      0.000000000000000000000000
    1575      0.000000000000000000000000
    1576      0.000000000000000000000000
    1577      0.000000000000000000000000
    1578      0.000000000000000000000000
    1579      0.000000000000000000000000
    1580      0.000000000000000000000000
    1581      0.000000000000000000000000
    1582      0.000000000000000000000000
    1583      0.000000000000000000000000
    1584      0.000000000000000000000000
    1585      0.000000000000000000000000
    1586      0.000000000000000000000000
    1587      0.000000000000000000000000
    1588      0.000000000000000000000000
    1589      0.000000000000000000000000
    1590      0.000000001932366373556350
    1591      0.000000004832324336907930
    1592      0.000000004297262901293510
    1593      0.000000003544336243319050
    1594      0.000000001436776021977250
    1595      0.000000000000000000000000
    1596      0.000000000000000000000000
    1597      0.000000000000000000000000
    1598      0.000000000000000000000000
    1599      0.000000000000000000000000
    1600      0.000000000000000000000000
    1601      0.000000000000000000000000
    1602      0.000000000000000000000000
    1603      0.000000000000000000000000
    1604      0.000000000000000000000000
    1605      0.000000000000000000000000
    1606      0.000000000000000000000000
    1607      0.000000000000000000000000
    1608      0.000000000000000000000000
    1609      0.000000000000000000000000
    1610      0.000000000000000000000000
    1611      0.000000000000000000000000
    1612      0.000000000000000000000000
    1613      0.000000000000000000000000
    1614      0.000000000000000000000000
    1615      0.000000000000000000000000
    1616      0.000000000000000000000000
    1617      0.000000000000000000000000
    1618      0.000000000000000000000000
    1619      0.000000000000000000000000
    1620      0.000000000000000000000000
    1621      0.000000000000000000000000
    1622      0.000000000000000000000000
    1623      0.000000000000000000000000
    1624      0.000000000000000000000000
    1625      0.000000000000000000000000
    1626      0.000000000000000000000000
    1627      0.000000000000000000000000
    1628      0.000000003236309150397210
    1629      0.000000004922695020134890
    1630      0.000000004945923747661130
    1631      0.000000005290956310247690
    1632      0.000000005368434933174970
    1633      0.000000005442991041554730
    1634      0.000000005752067300081660
    1635      0.000000005420123009393190
    1636      0.000000005764186609663640
    1637      0.000000005681777445846390
    1638      0.000000005764186609663640
    1639      0.000000005681777445846390
    1640      0.000000005148526844646120
    1641      0.000000004060158604558940
    1642      0.000000003372035253215270
    1643      0.000000006093430733863420
    1644      0.000000003169111329492300
    1645      0.000000003896827412938080
    1646      0.000000000000000000000000
    1647      0.000000000000000000000000
    1648      0.000000000000000000000000
    1649      0.000000000000000000000000
    1650      0.000000000000000000000000
    1651      0.000000000000000000000000
    1652      0.000000000000000000000000
    1653      0.000000000000000000000000
    1654      0.000000001696370251168710
    1655      0.000000003515396037832960
    1656      0.000000003559525216827090
    1657      0.000000003776474760478090
    1658      0.000000003742417923350410
    1659      0.000000003807199545087430
    1660      0.000000004555184401373980
    1661      0.000000004532628677455380
    1662      0.000000004044916671160720
    1663      0.000000004275622446475670
    1664      0.000000003971457625846470
    1665      0.000000002948038999025040
    1666      0.000000002143919843870990
    1667      0.000000000000000000000000
    1668      0.000000000000000000000000
    1669      0.000000000000000000000000
    1670      0.000000000000000000000000
    1671      0.000000000000000000000000
    1672      0.000000000000000000000000
    1673      0.000000000000000000000000
    1674      0.000000000000000000000000
    1675      0.000000000000000000000000
    1676      0.000000000000000000000000
    1677      0.000000000000000000000000
    1678      0.000000000000000000000000
    1679      0.000000000000000000000000
    1680      0.000000000000000000000000
    1681      0.000000003263891216243350
    1682      0.000000004413751720102220
    1683      0.000000004638183833343020
    1684      0.000000004781563479293430
    1685      0.000000005570141480147760
    1686      0.000000005398411174567540
    1687      0.000000004823111634212830
    1688      0.000000004221428757680890
    1689      0.000000003889167602239480
    1690      0.000000002962975266426060
    1691      0.000000002271388623357130
    1692      0.000000001419521803716940
    1693      0.000000000000000000000000
    1694      0.000000000000000000000000
    1695      0.000000000000000000000000
    1696      0.000000000000000000000000
    1697      0.000000000000000000000000
    1698      0.000000000000000000000000
    1699      0.000000000000000000000000
    1700      0.000000000000000000000000
    1701      0.000000003103840971169130
    1702      0.000000003726498516395860
    1703      0.000000004317812131230940
    1704      0.000000004693053030993840
    1705      0.000000005044459615036160
    1706      0.000000005376715376923200
    1707      0.000000005693152044802730
    1708      0.000000005996326494807830
    1709      0.000000005996326494807830
    1710      0.000000005996326494807830
    1711      0.000000005996326494807830
    1712      0.000000005698745093252570
    1713      0.000000004788234568247240
    1714      0.000000003726498516395860
    1715      0.000000002685718229800000
    1716      0.000000001419531173639870
    1717      0.000000000000000000000000
    1718      0.000000000000000000000000
    1719      0.000000000000000000000000
    1720      0.000000000000000000000000
    1721      0.000000000000000000000000
    1722      0.000000000000000000000000
    1723      0.000000000000000000000000
    1724      0.000000000000000000000000
    1725      0.000000000000000000000000
    1726      0.000000000000000000000000
    1727      0.000000000000000000000000
    1728      0.000000000000000000000000
    1729      0.000000000000000000000000
    1730      0.000000001252803001545290
    1731      0.000000003458312038780300
    1732      0.000000003140791002844080
    1733      0.000000003703960127943780
    1734      0.000000003703960127943780
    1735      0.000000003707605900082340
    1736      0.000000003292365847394300
    1737      0.000000002256239355303510
    1738      0.000000001474604474378960
    1739      0.000000001476085149490860
    1740      0.000000000000000000000000
    1741      0.000000000000000000000000
    1742      0.000000000000000000000000
    1743      0.000000000000000000000000
    1744      0.000000000000000000000000
    1745      0.000000000000000000000000
    1746      0.000000000000000000000000
    1747      0.000000000000000000000000
    1748      0.000000000000000000000000
    1749      0.000000000000000000000000
    1750      0.000000000000000000000000
    1751      0.000000001334101150429460
    1752      0.000000004093746008268530
    1753      0.000000004105635547288270
    1754      0.000000004105635547288270
    1755      0.000000004329534755278110
    1756      0.000000004325309962023120
    1757      0.000000003754655627398450
    1758      0.000000003904321075487710
    1759      0.000000004137787802853940
    1760      0.000000003752221552654780
    1761      0.000000003302680591981200
    1762      0.000000002443213031863760
    1763      0.000000002615707046452130
    1764      0.000000001517648536955340
    1765      0.000000000000000000000000
    1766      0.000000000000000000000000
    1767      0.000000000000000000000000
    1768      0.000000000000000000000000
    1769      0.000000000000000000000000
    1770      0.000000000000000000000000
    1771      0.000000000000000000000000
    1772      0.000000000000000000000000
    1773      0.000000000000000000000000
    1774      0.000000000000000000000000
    1775      0.000000000000000000000000
    1776      0.000000000000000000000000
    1777      0.000000004321683287127780
    1778      0.000000004897831027717810
    1779      0.000000006123412648268040
    1780      0.000000006123412648268040
    1781      0.000000006794018286575940
    1782      0.000000006836542595537980
    1783      0.000000006566011648491000
    1784      0.000000005883066666183030
    1785      0.000000005128494934479050
    1786      0.000000003934860703656140
    1787      0.000000001604716264662490
    1788      0.000000000000000000000000
    1789      0.000000000000000000000000
    1790      0.000000000000000000000000
    1791      0.000000000000000000000000
    1792      0.000000000000000000000000
    1793      0.000000000000000000000000
    1794      0.000000000000000000000000
    1795      0.000000000000000000000000
    1796      0.000000000000000000000000
    1797      0.000000000000000000000000
    1798      0.000000000000000000000000
    1799      0.000000000000000000000000
    1800      0.000000000000000000000000
    1801      0.000000003382041614373130
    1802      0.000000005108534557111320
    1803      0.000000004892965094552150
    1804      0.000000005078423409726240
    1805      0.000000005477443159449600
    1806      0.000000005667223247668040
    1807      0.000000005475027686295900
    1808      0.000000004477858057489270
    1809      0.000000004062913411510780
    1810      0.000000003464840606018070
    1811      0.000000003587369938218210
    1812      0.000000002426746909545180
    1813      0.000000001593656087380910
    1814      0.000000000000000000000000
    1815      0.000000000000000000000000
    1816      0.000000000000000000000000
    1817      0.000000000000000000000000
    1818      0.000000000000000000000000
    1819      0.000000000000000000000000
    1820      0.000000000000000000000000
    1821      0.000000000000000000000000
    1822      0.000000000000000000000000
    1823      0.000000000000000000000000
    1824      0.000000000000000000000000
    1825      0.000000000000000000000000
    1826      0.000000002499426813917940
    1827      0.000000002954155803619890
    1828      0.000000002540349001830510
    1829      0.000000002387965753883810
    1830      0.000000002777050018787080
    1831      0.000000002764549678719510
    1832      0.000000002385540749860510
    1833      0.000000002235899688531090
    1834      0.000000002109042262793600
    1835      0.000000001521021981100460
    1836      0.000000001826078337227510
    1837      0.000000001504963659427510
    1838      0.000000001737594492504560
    1839      0.000000001952718006917630
    1840      0.000000001523086439113430
    1841      0.000000001829890298796410
    1842      0.000000002312222599096760
    1843      0.000000002548902590871720
    1844      0.000000003133056420815060
    1845      0.000000002999999065977330
    1846      0.000000003246711920942980
    1847      0.000000003722717359862160
    1848      0.000000003940024207749230
    1849      0.000000003726453343748070
    1850      0.000000003780556936351250
    1851      0.000000004281877099586470
    1852      0.000000004281877099586470
    1853      0.000000004028083854398760
    1854      0.000000004269331939228830
    1855      0.000000005035824353953870
    1856      0.000000003795788715708890
    1857      0.000000003269794672302270
    1858      0.000000003031412403968220
    1859      0.000000002741416479298450
    1860      0.000000002556463568027570
    1861      0.000000001711320865310830
    1862      0.000000002285901108232540
    1863      0.000000001764603788310760
    1864      0.000000001367851640458300
    1865      0.000000002156011630403070
    1866      0.000000002698197004300020
    1867      0.000000003919960303624200
    1868      0.000000004653365908011810
    1869      0.000000004761048585421910
    1870      0.000000004753275678536410
    1871      0.000000005064172545071470
    1872      0.000000004552864149095510
    1873      0.000000004305417163251950
    1874      0.000000004552864149095510
    1875      0.000000004552864149095510
    1876      0.000000004418960825775160
    1877      0.000000004790384767509390
    1878      0.000000004418960825775160
    1879      0.000000004418960825775160
    1880      0.000000004049027250203110
    1881      0.000000002156246775767010
    1882      0.000000000000000000000000
    1883      0.000000000000000000000000
    1884      0.000000000000000000000000
    1885      0.000000000000000000000000
    1886      0.000000000000000000000000
    1887      0.000000000000000000000000
    1888      0.000000000000000000000000
    1889      0.000000000000000000000000
    1890      0.000000000000000000000000
    1891      0.000000000000000000000000
    1892      0.000000000000000000000000
    1893      0.000000000000000000000000
    1894      0.000000000000000000000000
    1895      0.000000000000000000000000
    1896      0.000000000000000000000000
    1897      0.000000000000000000000000
    1898      0.000000000000000000000000
    1899      0.000000000000000000000000
    1900      0.000000000000000000000000
    1901      0.000000000000000000000000
    1902      0.000000000000000000000000
    1903      0.000000000000000000000000
    1904      0.000000001312850872944360
    1905      0.000000001855389113044970
    1906      0.000000000000000000000000
    1907      0.000000000000000000000000
    1908      0.000000000000000000000000
    1909      0.000000000000000000000000
    1910      0.000000000000000000000000
    1911      0.000000000000000000000000
    1912      0.000000000000000000000000
    1913      0.000000000000000000000000
    1914      0.000000000000000000000000
    1915      0.000000000000000000000000
    1916      0.000000000000000000000000
    1917      0.000000000000000000000000
    1918      0.000000000000000000000000
    1919      0.000000000000000000000000
    1920      0.000000000000000000000000
    1921      0.000000000000000000000000
    1922      0.000000000000000000000000
    1923      0.000000000000000000000000
    1924      0.000000000000000000000000
    1925      0.000000000000000000000000
    1926      0.000000000000000000000000
    1927      0.000000000000000000000000
    1928      0.000000000000000000000000
    1929      0.000000000000000000000000
    1930      0.000000000000000000000000
    1931      0.000000000000000000000000
    1932      0.000000000000000000000000
    1933      0.000000000000000000000000
    1934      0.000000000000000000000000
    1935      0.000000000000000000000000
    1936      0.000000000000000000000000
    1937      0.000000000000000000000000
    1938      0.000000000000000000000000
    1939      0.000000000000000000000000
    1940      0.000000000000000000000000
    1941      0.000000000000000000000000
    1942      0.000000000000000000000000
    1943      0.000000000000000000000000
    1944      0.000000000000000000000000
    1945      0.000000000000000000000000
    1946      0.000000000000000000000000
    1947      0.000000000000000000000000
    1948      0.000000000000000000000000
    1949      0.000000000000000000000000
    1950      0.000000000000000000000000
    1951      0.000000000000000000000000
    1952      0.000000000000000000000000
    1953      0.000000000000000000000000
    1954      0.000000000000000000000000
    1955      0.000000000000000000000000
    1956      0.000000000000000000000000
    1957      0.000000000000000000000000
    1958      0.000000000000000000000000
    1959      0.000000000000000000000000
    1960      0.000000000000000000000000
    1961      0.000000000000000000000000
    1962      0.000000000000000000000000
    1963      0.000000000000000000000000
    1964      0.000000000000000000000000
    1965      0.000000000000000000000000
    1966      0.000000000000000000000000
    1967      0.000000000000000000000000
    1968      0.000000000000000000000000
    1969      0.000000000000000000000000
    1970      0.000000001205430203415570
    1971      0.000000002495770914784000
    1972      0.000000002554668286728030
    1973      0.000000004489474963252570
    1974      0.000000004338234879182900
    1975      0.000000004342523071738130
    1976      0.000000003865820476533670
    1977      0.000000003397226050875110
    1978      0.000000004056244598019640
    1979      0.000000002142924819109320
    1980      0.000000001400568746200470
    1981      0.000000000000000000000000
    1982      0.000000000000000000000000
    1983      0.000000001674111034916850
    1984      0.000000003263019341393620
    1985      0.000000003445389653471760
    1986      0.000000003397791581320990
    1987      0.000000003438009687300610
    1988      0.000000003112801928003200
    1989      0.000000003500785044025990
    1990      0.000000003844375630500650
    1991      0.000000003840561260698750
    1992      0.000000003495394172593920
    1993      0.000000003495394172593920
    1994      0.000000003481539010974720
    1995      0.000000003498955894620990
    1996      0.000000003558321431538150
    1997      0.000000003678966267047210
    1998      0.000000003339921450242570
    1999      0.000000003819028333762320
    2000      0.000000003664010324613270
    2001      0.000000003276698053985670
    2002      0.000000002743322502162270
    2003      0.000000003508344203182090
    2004      0.000000003004546204891690
    2005      0.000000002362225417554320
    2006      0.000000002590216928315850
    2007      0.000000004011170395195820
    2008      0.000000004284940386015340
    2009      0.000000004293390752065950
    2010      0.000000004596838422724220
    2011      0.000000004417161554213530
    2012      0.000000004922664236129170
    2013      0.000000004622003748756250
    2014      0.000000004622003748756250
    2015      0.000000004596983931780380
    2016      0.000000004425756322502440
    2017      0.000000005199387460391250
    2018      0.000000005211449778825330
    2019      0.000000005053674626699130
    2020      0.000000005053674626699130
    2021      0.000000004811861506106770
    2022      0.000000005220095336505700
    2023      0.000000005048608725155200
    2024      0.000000004601578897405770
    2025      0.000000004004307344416490
    2026      0.000000003827247893754840
    2027      0.000000003519109118520200
    2028      0.000000002911374757035390
    2029      0.000000003652584416740720
    2030      0.000000003951555365720980
    2031      0.000000004301292130043080
    2032      0.000000005087871881993760
    2033      0.000000004874447507307600
    2034      0.000000005249496212024010
    2035      0.000000003967818907071140
    2036      0.000000003432822029924420
    2037      0.000000003484582448189660
    2038      0.000000003481166244306840
    2039      0.000000003471013108706720
    2040      0.000000002760087920167000
    2041      0.000000002923720842216870
    2042      0.000000003089053566110010
    2043      0.000000003318909596125470
    2044      0.000000003117504490285030
    2045      0.000000003681750892734570
    2046      0.000000003885314085752800
    2047      0.000000003702708153912140
    2048      0.000000002965923508892790
    2049      0.000000002554389880575090
    2050      0.000000001869346667109620
    2051      0.000000001277526065022590
    2052      0.000000000000000000000000
    2053      0.000000000674180833145286
    2054      0.000000000000000000000000
    2055      0.000000000979378192171884
    2056      0.000000001592944669519910
    2057      0.000000001599102809443860
    2058      0.000000002514545472746850
    2059      0.000000002822053837748820
    2060      0.000000003525329618905640
    2061      0.000000004080552783828260
    2062      0.000000004457426839097330
    2063      0.000000005320770964498800
    2064      0.000000005320770964498800
    2065      0.000000005626762048071730
    2066      0.000000005873678994644610
    2067      0.000000005951350437814210
    2068      0.000000006250679096751270
    2069      0.000000006263126345145380
    2070      0.000000006253212905064360
    2071      0.000000005723993017481900
    2072      0.000000005086130389275160
    2073      0.000000004088566526807170
    2074      0.000000002563565850326800
    2075      0.000000000000000000000000
    2076      0.000000000000000000000000
    2077      0.000000000000000000000000
    2078      0.000000000000000000000000
    2079      0.000000000000000000000000
    2080      0.000000000000000000000000
    2081      0.000000000000000000000000
    2082      0.000000000000000000000000
    2083      0.000000000000000000000000
    2084      0.000000000000000000000000
    2085      0.000000000000000000000000
    2086      0.000000000000000000000000
    2087      0.000000000000000000000000
    2088      0.000000000000000000000000
    2089      0.000000000000000000000000
    2090      0.000000000000000000000000
    2091      0.000000000000000000000000
    2092      0.000000000000000000000000
    2093      0.000000000000000000000000
    2094      0.000000000000000000000000
    2095      0.000000000000000000000000
    2096      0.000000000000000000000000
    2097      0.000000000000000000000000
    2098      0.000000000000000000000000
    2099      0.000000000000000000000000
    2100      0.000000000000000000000000
    2101      0.000000000000000000000000
    2102      0.000000000000000000000000
    2103      0.000000000000000000000000
    2104      0.000000000000000000000000
    2105      0.000000000000000000000000
    2106      0.000000000000000000000000
    2107      0.000000000000000000000000
    2108      0.000000000000000000000000
    2109      0.000000000000000000000000
    2110      0.000000000000000000000000
    2111      0.000000000000000000000000
    2112      0.000000000000000000000000
    2113      0.000000000000000000000000
    2114      0.000000000000000000000000
    2115      0.000000000000000000000000
    2116      0.000000000000000000000000
    2117      0.000000000000000000000000
    2118      0.000000000000000000000000
    2119      0.000000000000000000000000
    2120      0.000000000000000000000000
    2121      0.000000000000000000000000
    2122      0.000000000000000000000000
    2123      0.000000000000000000000000
    2124      0.000000000000000000000000
    2125      0.000000000000000000000000
    2126      0.000000000000000000000000
    2127      0.000000000000000000000000
    2128      0.000000000000000000000000
    2129      0.000000000000000000000000
    2130      0.000000000000000000000000
    2131      0.000000000000000000000000
    2132      0.000000000000000000000000
    2133      0.000000000000000000000000
    2134      0.000000000000000000000000
    2135      0.000000000000000000000000
    2136      0.000000005041490806836050
    2137      0.000000006530273292040340
    2138      0.000000007060228170267720
    2139      0.000000006775737583576640
    2140      0.000000006281975681261230
    2141      0.000000006852892236063610
    2142      0.000000006524471793172220
    2143      0.000000007067725581752260
    2144      0.000000005642029649881410
    2145      0.000000005312300916908940
    2146      0.000000004112258091565180
    2147      0.000000004054012815140740
    2148      0.000000003562223936147580
    2149      0.000000002579068209339170
    2150      0.000000002579068209339170
    2151      0.000000001706738741968760
    2152      0.000000003373288827241130
    2153      0.000000004506197694753560
    2154      0.000000004394836014024630
    2155      0.000000004396154586019820
    2156      0.000000004861825975841840
    2157      0.000000004861176288994070
    2158      0.000000004523765560722360
    2159      0.000000004622588019996720
    2160      0.000000004728379785857630
    2161      0.000000000000000000000000
    2162      0.000000000000000000000000
    2163      0.000000000000000000000000
    2164      0.000000000000000000000000
    2165      0.000000000000000000000000
    2166      0.000000000000000000000000
    2167      0.000000000000000000000000
    2168      0.000000000000000000000000
    2169      0.000000000000000000000000
    2170      0.000000000000000000000000
    2171      0.000000000000000000000000
    2172      0.000000000000000000000000
    2173      0.000000000000000000000000
    2174      0.000000000000000000000000
    2175      0.000000000000000000000000
    2176      0.000000000000000000000000
    2177      0.000000000000000000000000
    2178      0.000000000000000000000000
    2179      0.000000000000000000000000
    2180      0.000000000000000000000000
    2181      0.000000000000000000000000
    2182      0.000000000000000000000000
    2183      0.000000000000000000000000
    2184      0.000000000000000000000000
    2185      0.000000000000000000000000
    2186      0.000000000000000000000000
    2187      0.000000000000000000000000
    2188      0.000000000000000000000000
    2189      0.000000000000000000000000
    2190      0.000000000000000000000000
    2191      0.000000000000000000000000
    2192      0.000000000000000000000000
    2193      0.000000000000000000000000
    2194      0.000000000000000000000000
    2195      0.000000000000000000000000
    2196      0.000000000000000000000000
    2197      0.000000000000000000000000
    2198      0.000000000000000000000000
    2199      0.000000000000000000000000
    2200      0.000000000000000000000000
    2201      0.000000000000000000000000
    2202      0.000000000000000000000000
    2203      0.000000000000000000000000
    2204      0.000000000000000000000000
    2205      0.000000000000000000000000
    2206      0.000000000000000000000000
    2207      0.000000000000000000000000
    2208      0.000000000000000000000000
    2209      0.000000000000000000000000
    2210      0.000000000000000000000000
    2211      0.000000000000000000000000
    2212      0.000000000000000000000000
    2213      0.000000000000000000000000
    2214      0.000000000000000000000000
    2215      0.000000000000000000000000
    2216      0.000000000000000000000000
    2217      0.000000000000000000000000
    2218      0.000000000000000000000000
    2219      0.000000000000000000000000
    2220      0.000000000000000000000000
    2221      0.000000001810241630543960
    2222      0.000000003625745253596250
    2223      0.000000003543393354318360
    2224      0.000000004336396649011050
    2225      0.000000004279980948025660
    2226      0.000000004152764962991080
    2227      0.000000004107103267182750
    2228      0.000000003998729021537050
    2229      0.000000004462750225702140
    2230      0.000000004328828730069070
    2231      0.000000004187419943851020
    2232      0.000000004160319781699900
    2233      0.000000004456902714317160
    2234      0.000000004261039118801490
    2235      0.000000004230540625466230
    2236      0.000000004626752892567610
    2237      0.000000004302361695364670
    2238      0.000000004465956887141860
    2239      0.000000004475425043785180
    2240      0.000000004473137205874850
    2241      0.000000002810732399924290
    2242      0.000000003026195012414490
    2243      0.000000001217255081912280
    2244      0.000000001226035586544470
    2245      0.000000001226035586544470
    2246      0.000000001206114544721700
    2247      0.000000000000000000000000
    2248      0.000000000000000000000000
    2249      0.000000000000000000000000
    2250      0.000000000000000000000000
    2251      0.000000002233926873220950
    2252      0.000000002889120599128490
    2253      0.000000002398165952321160
    2254      0.000000002290030952812770
    2255      0.000000002505506090568510
    2256      0.000000002558994905128930
    2257      0.000000002317115947757290
    2258      0.000000002337563902380930
    2259      0.000000002317115947757290
    2260      0.000000002700888421853010
    2261      0.000000003792283065200120
    2262      0.000000004109924108093250
    2263      0.000000003296977406381170
    2264      0.000000002752868023667180
    2265      0.000000002529313321966110
    2266      0.000000001277840383268620
    2267      0.000000001007986366484050
    2268      0.000000000000000000000000
    2269      0.000000000000000000000000
    2270      0.000000000000000000000000
    2271      0.000000000000000000000000
    2272      0.000000000000000000000000
    2273      0.000000000000000000000000
    2274      0.000000000000000000000000
    2275      0.000000000000000000000000
    2276      0.000000000000000000000000
    2277      0.000000000000000000000000
    2278      0.000000000000000000000000
    2279      0.000000000000000000000000
    2280      0.000000000000000000000000
    2281      0.000000000148237360374690
    2282      0.000000001835607802070370
    2283      0.000000002761276734885340
    2284      0.000000002256475711354150
    2285      0.000000002535822215885700
    2286      0.000000002502744988239220
    2287      0.000000002244111784420580
    2288      0.000000002103077419009090
    2289      0.000000001867742599423790
    2290      0.000000001603434375738600
    2291      0.000000000919988897199971
    2292      0.000000000000000000000000
    2293      0.000000000000000000000000
    2294      0.000000000000000000000000
    2295      0.000000000000000000000000
    2296      0.000000000000000000000000
    2297      0.000000000000000000000000
    2298      0.000000000000000000000000
    2299      0.000000000000000000000000
    2300      0.000000000000000000000000
    2301      0.000000001767372376596450
    2302      0.000000002449641775297190
    2303      0.000000003066465529600350
    2304      0.000000002906492115529660
    2305      0.000000002974656317501520
    2306      0.000000002923366082467980
    2307      0.000000003527462199647150
    2308      0.000000004124128838876230
    2309      0.000000004124128838876230
    2310      0.000000004300340181978350
    2311      0.000000004343774688297110
    2312      0.000000003516946098610300
    2313      0.000000003087010157828300
    2314      0.000000002876701650585870
    2315      0.000000002594477334017740
    2316      0.000000003453369961633270
    2317      0.000000005843179344810840
    2318      0.000000002184889927922370
    2319      0.000000001802297506363950
    2320      0.000000001706155511728000
    2321      0.000000001165852457018110
    2322      0.000000002073317249029960
    2323      0.000000002586973614624700
    2324      0.000000003848040396460450
    2325      0.000000004968669006662100
    2326      0.000000005150841544446800
    2327      0.000000005028891887693960
    2328      0.000000005435533889116300
    2329      0.000000005651077920567520
    2330      0.000000005973816577410790
    2331      0.000000005692281240576440
    2332      0.000000005692281240576440
    2333      0.000000005750941824524260
    2334      0.000000005745385826225070
    2335      0.000000005449019538585590
    2336      0.000000004230540872380320
    2337      0.000000003856119661104450
    2338      0.000000002574402027503360
    2339      0.000000001306140163657120
    2340      0.000000000665874331324175
    2341      0.000000000000000000000000
    2342      0.000000000000000000000000
    2343      0.000000000000000000000000
    2344      0.000000000000000000000000
    2345      0.000000000000000000000000
    2346      0.000000000000000000000000
    2347      0.000000000000000000000000
    2348      0.000000000000000000000000
    2349      0.000000000000000000000000
    2350      0.000000000000000000000000
    2351      0.000000002164211708516130
    2352      0.000000002407142459593150
    2353      0.000000002393182141277940
    2354      0.000000002405378969872330
    2355      0.000000002537842765497790
    2356      0.000000002537842765497790
    2357      0.000000002299965536757880
    2358      0.000000002487428525478650
    2359      0.000000002027839060469570
    2360      0.000000001815228331913210
    2361      0.000000001560643738015270
    2362      0.000000001605031684509130
    2363      0.000000000741381363197275
    2364      0.000000000809254139819862
    2365      0.000000000809254139819862
    2366      0.000000000000000000000000
    2367      0.000000000000000000000000
    2368      0.000000000000000000000000
    2369      0.000000000201896564105068
    2370      0.000000000542422451712582
    2371      0.000000000580765790005257
    2372      0.000000000604805701394191
    2373      0.000000000662181106788309
    2374      0.000000000662181106788309
    2375      0.000000000704316658847876
    2376      0.000000000868046790046213
    2377      0.000000000967827114905992
    2378      0.000000000923362900466041
    2379      0.000000001363759207582960
    2380      0.000000001841407312519220
    2381      0.000000002293240340557210
    2382      0.000000002740944286756650
    2383      0.000000002312921925722150
    2384      0.000000002065817211387340
    2385      0.000000002523011979469930
    2386      0.000000002252451305954310
    2387      0.000000001716602578869680
    2388      0.000000001240948090405520
    2389      0.000000000919070988189144
    2390      0.000000001234907204849730
    2391      0.000000001496873377681870
    2392      0.000000001896361998881890
    2393      0.000000001812925845041870
    2394      0.000000002209224332123530
    2395      0.000000002596807624038510
    2396      0.000000002596807624038510
    2397      0.000000003126041900169720
    2398      0.000000002712631501904700
    2399      0.000000002712631501904700
    2400      0.000000003112898187343350
    2401      0.000000002897960182991320
    2402      0.000000002738252257994980
    2403      0.000000002738252257994980
    2404      0.000000003112898187343350
    2405      0.000000003463060350921820
    2406      0.000000003267280248227870
    2407      0.000000003017872993536800
    2408      0.000000002539185629581760
    2409      0.000000002553019586849850
    2410      0.000000002224426775519720
    2411      0.000000001583362722347910
    2412      0.000000001250526613061120
    2413      0.000000001299354421006750
    2414      0.000000001256807249869390
    2415      0.000000000000000000000000
    2416      0.000000000000000000000000
    2417      0.000000000000000000000000
    2418      0.000000000564561647806969
    2419      0.000000003885368235063740
    2420      0.000000003597578787551280
    2421      0.000000003437299244544600
    2422      0.000000003848644971015230
    2423      0.000000003870215535721310
    2424      0.000000004226451520955070
    2425      0.000000004690874302494390
    2426      0.000000004451839793639820
    2427      0.000000004695394741702070
    2428      0.000000005102888542961800
    2429      0.000000004889422609023740
    2430      0.000000004704561945199530
    2431      0.000000004425784660232180
    2432      0.000000003638308263651010
    2433      0.000000003132720481829810
    2434      0.000000002766948182402200
    2435      0.000000001719568036890840
    2436      0.000000001197819120144060
    2437      0.000000001306307496555270
    2438      0.000000000000000000000000
    2439      0.000000000000000000000000
    2440      0.000000001449993505143620
    2441      0.000000002652141057581970
    2442      0.000000003384712078264410
    2443      0.000000003840879081672710
    2444      0.000000004179511015430610
    2445      0.000000004411957120762670
    2446      0.000000004970193999701170
    2447      0.000000004741220602077380
    2448      0.000000005364036231720840
    2449      0.000000005488004747920940
    2450      0.000000004571996733915510
    2451      0.000000004848854807743100
    2452      0.000000004844139528939420
    2453      0.000000005137047414052770
    2454      0.000000005137047414052770
    2455      0.000000003610200784601320
    2456      0.000000003999462244449060
    2457      0.000000003144744011905280
    2458      0.000000002681683794295030
    2459      0.000000002035622252585390
    2460      0.000000001826164174386010
    2461      0.000000001132817443247820
    2462      0.000000000000000000000000
    2463      0.000000000000000000000000
    2464      0.000000000000000000000000
    2465      0.000000000689973120294796
    2466      0.000000000975259878028576
    2467      0.000000001979004333514510
    2468      0.000000003014307167221310
    2469      0.000000002933379731636540
    2470      0.000000002718228872142740
    2471      0.000000002908430462499970
    2472      0.000000003158296792170880
    2473      0.000000002253854249875520
    2474      0.000000003158296792170880
    2475      0.000000003203050963122170
    2476      0.000000003205399762065180
    2477      0.000000003205399762065180
    2478      0.000000003208552045107960
    2479      0.000000002888428870815160
    2480      0.000000002459707674685750
    2481      0.000000001538351185184870
    2482      0.000000001363573106311940
    2483      0.000000000000000000000000
    2484      0.000000000000000000000000
    2485      0.000000000063442098121705
    2486      0.000000000538676165057796
    2487      0.000000000978143952750037
    2488      0.000000000628965613042597
    2489      0.000000000692400090211951
    2490      0.000000000484568630459896
    2491      0.000000000620964004904066
    2492      0.000000000900565059380517
    2493      0.000000000722939759847369
    2494      0.000000002859688410741650
    2495      0.000000002207680313001450
    2496      0.000000002435890260400470
    2497      0.000000001688657424695990
    2498      0.000000001195415593382360
    2499      0.000000000979988913083685
    2500      0.000000001271475716626160
    2501      0.000000001684459666503470
    2502      0.000000002945727887571610
    2503      0.000000001686221153942990
    2504      0.000000001129476458627880
    2505      0.000000000820105728686564
    2506      0.000000000729636717114048
    2507      0.000000000000000000000000
    2508      0.000000000000000000000000
    2509      0.000000000000000000000000
    2510      0.000000000000000000000000
    2511      0.000000000000000000000000
    2512      0.000000000000000000000000
    2513      0.000000000000000000000000
    2514      0.000000000000000000000000
    2515      0.000000000000000000000000
    2516      0.000000000000000000000000
    2517      0.000000000000000000000000
    2518      0.000000000151373325331087
    2519      0.000000002015798895536040
    2520      0.000000002677061465409190
    2521      0.000000002677061465409190
    2522      0.000000003316536535058100
    2523      0.000000003471663053191930
    2524      0.000000003677749519442220
    2525      0.000000003745022469663320
    2526      0.000000003745022469663320
    2527      0.000000003205909892915910
    2528      0.000000002084293484084210
    2529      0.000000001616095882999740
    2530      0.000000000792756350907741
    2531      0.000000000000000000000000
    2532      0.000000000000000000000000
    2533      0.000000000000000000000000
    2534      0.000000000000000000000000
    2535      0.000000000000000000000000
    2536      0.000000000000000000000000
    2537      0.000000000000000000000000
    2538      0.000000000000000000000000
    2539      0.000000000000000000000000
    2540      0.000000000000000000000000
    2541      0.000000000000000000000000
    2542      0.000000000000000000000000
    2543      0.000000000000000000000000
    2544      0.000000000421953898871801
    2545      0.000000003801629369211670
    2546      0.000000004037245567841540
    2547      0.000000005101162656618800
    2548      0.000000004893566094537720
    2549      0.000000004891577464888120
    2550      0.000000004888789902743540
    2551      0.000000003652149318760230
    2552      0.000000002967022158676360
    2553      0.000000001704939095335770
    2554      0.000000000793994246934212
    2555      0.000000000000000000000000
    2556      0.000000000000000000000000
    2557      0.000000000000000000000000
    2558      0.000000000000000000000000
    2559      0.000000000000000000000000
    2560      0.000000000000000000000000
    2561      0.000000000000000000000000
    2562      0.000000000000000000000000
    2563      0.000000000000000000000000
    2564      0.000000000000000000000000
    2565      0.000000000000000000000000
    2566      0.000000000000000000000000
    2567      0.000000000000000000000000
    2568      0.000000000000000000000000
    2569      0.000000000000000000000000
    2570      0.000000000000000000000000
    2571      0.000000000000000000000000
    2572      0.000000000000000000000000
    2573      0.000000000000000000000000
    2574      0.000000001342777436612520
    2575      0.000000001587510497266690
    2576      0.000000000902687172070739
    2577      0.000000000000000000000000
    2578      0.000000000000000000000000
    2579      0.000000000000000000000000
    2580      0.000000000000000000000000
    2581      0.000000000000000000000000
    2582      0.000000000000000000000000
    2583      0.000000000000000000000000
    2584      0.000000000000000000000000
    2585      0.000000000000000000000000
    2586      0.000000000000000000000000
    2587      0.000000000000000000000000
    2588      0.000000000000000000000000
    2589      0.000000000000000000000000
    2590      0.000000000000000000000000
    2591      0.000000000000000000000000
    2592      0.000000000000000000000000
    2593      0.000000000540647321125279
    2594      0.000000003549144622722000
    2595      0.000000003784886149021330
    2596      0.000000003429892463134500
    2597      0.000000004357446570417620
    2598      0.000000003172270161187550
    2599      0.000000003031250113907780
    2600      0.000000001646798271485790
    2601      0.000000001151356371488540
    2602      0.000000000724563774569373
    2603      0.000000000250449952832696
    2604      0.000000000000000000000000
    2605      0.000000000096155711581671
    2606      0.000000001147964204495970
    2607      0.000000001258359053302390
    2608      0.000000001651027263156230
    2609      0.000000000000000000000000
    2610      0.000000000597751986171829
    2611      0.000000000679870953557093
    2612      0.000000000710655549083390
    2613      0.000000000620149589329041
    2614      0.000000000839479875854177
    2615      0.000000000454790861286122
    2616      0.000000000000000000000000
    2617      0.000000000000000000000000
    2618      0.000000000000000000000000
    2619      0.000000000000000000000000
    2620      0.000000000000000000000000
    2621      0.000000000000000000000000
    2622      0.000000000000000000000000
    2623      0.000000000000000000000000
    2624      0.000000000000000000000000
    2625      0.000000000000000000000000
    2626      0.000000000000000000000000
    2627      0.000000001676117219035790
    2628      0.000000003306583056251910
    2629      0.000000002317135945114970
    2630      0.000000001295803142199160
    2631      0.000000000538106857902496
    2632      0.000000000820262563311305
    2633      0.000000000359613980291675
    2634      0.000000001721044934864170
    2635      0.000000001748518407845410
    2636      0.000000001441244256038320
    2637      0.000000000587355344745986
    2638      0.000000000433693419745391
    2639      0.000000000554706333024220
    2640      0.000000000862492661704200
    2641      0.000000000870182194826863
    2642      0.000000001285654778404420
    2643      0.000000001285654778404420
    2644      0.000000001343294704205400
    2645      0.000000001818563790558150
    2646      0.000000001622175329899350
    2647      0.000000001083290008761000
    2648      0.000000000000000000000000
    2649      0.000000000000000000000000
    2650      0.000000000000000000000000
    2651      0.000000000000000000000000
    2652      0.000000000000000000000000
    2653      0.000000000000000000000000
    2654      0.000000000000000000000000
    2655      0.000000000000000000000000
    2656      0.000000000000000000000000
    2657      0.000000000000000000000000
    2658      0.000000000000000000000000
    2659      0.000000000000000000000000
    2660      0.000000000000000000000000
    2661      0.000000000000000000000000
    2662      0.000000000000000000000000
    2663      0.000000000000000000000000
    2664      0.000000000000000000000000
    2665      0.000000000000000000000000
    2666      0.000000000000000000000000
    2667      0.000000000000000000000000
    2668      0.000000000000000000000000
    2669      0.000000000000000000000000
    2670      0.000000000000000000000000
    2671      0.000000000000000000000000
    2672      0.000000000000000000000000
    2673      0.000000000000000000000000
    2674      0.000000000000000000000000
    2675      0.000000000000000000000000
    2676      0.000000000000000000000000
    2677      0.000000000000000000000000
    2678      0.000000000000000000000000
    2679      0.000000000000000000000000
    2680      0.000000000000000000000000
    2681      0.000000000000000000000000
    2682      0.000000000000000000000000
    2683      0.000000000000000000000000
    2684      0.000000000000000000000000
    2685      0.000000000000000000000000
    2686      0.000000000000000000000000
    2687      0.000000000000000000000000
    2688      0.000000000000000000000000
    2689      0.000000000000000000000000
    2690      0.000000000000000000000000
    2691      0.000000000000000000000000
    2692      0.000000000000000000000000
    2693      0.000000000000000000000000
    2694      0.000000000000000000000000
    2695      0.000000000000000000000000
    2696      0.000000000000000000000000
    2697      0.000000000000000000000000
    2698      0.000000000000000000000000
    2699      0.000000000000000000000000
    2700      0.000000000000000000000000
    2701      0.000000000000000000000000
    2702      0.000000000000000000000000
    2703      0.000000000000000000000000
    2704      0.000000000000000000000000
    2705      0.000000000000000000000000
    2706      0.000000000000000000000000
    2707      0.000000000000000000000000
    2708      0.000000000000000000000000
    2709      0.000000000000000000000000
    2710      0.000000000000000000000000
    2711      0.000000000000000000000000
    2712      0.000000000000000000000000
    2713      0.000000000000000000000000
    2714      0.000000000000000000000000
    2715      0.000000000000000000000000
    2716      0.000000000000000000000000
    2717      0.000000000000000000000000
    2718      0.000000000000000000000000
    2719      0.000000000000000000000000
    2720      0.000000000000000000000000
    2721      0.000000000000000000000000
    2722      0.000000000000000000000000
    2723      0.000000000872809130665364
    2724      0.000000001132022811231040
    2725      0.000000001360699441801800
    2726      0.000000000844184919464653
    2727      0.000000000795591135812217
    2728      0.000000000000000000000000
    2729      0.000000000000000000000000
    2730      0.000000000000000000000000
    2731      0.000000000759840578989361
    2732      0.000000002376813872357800
    2733      0.000000002693757978058560
    2734      0.000000002870561321311340
    2735      0.000000002758955963030340
    2736      0.000000003001647484523520
    2737      0.000000002756235917817810
    2738      0.000000002721831119654790
    2739      0.000000002451223614750600
    2740      0.000000002591567929253130
    2741      0.000000002023043734091170
    2742      0.000000002135839608141810
    2743      0.000000001907172391427530
    2744      0.000000002256982277234650
    2745      0.000000001732132221307280
    2746      0.000000000956144049816012
    2747      0.000000000000000000000000
    2748      0.000000000000000000000000
    2749      0.000000000000000000000000
    2750      0.000000000000000000000000
    2751      0.000000000000000000000000
    2752      0.000000000000000000000000
    2753      0.000000000000000000000000
    2754      0.000000000000000000000000
    2755      0.000000000000000000000000
    2756      0.000000000000000000000000
    2757      0.000000000000000000000000
    2758      0.000000000000000000000000
    2759      0.000000000000000000000000
    2760      0.000000000000000000000000
    2761      0.000000000000000000000000
    2762      0.000000000000000000000000
    2763      0.000000000000000000000000
    2764      0.000000001901852181965320
    2765      0.000000004094664504701800
    2766      0.000000003535770131764550
    2767      0.000000003033601231132920
    2768      0.000000001897504648241330
    2769      0.000000000973180999082798
    2770      0.000000000000000000000000
    2771      0.000000000000000000000000
    2772      0.000000000000000000000000
    2773      0.000000000000000000000000
    2774      0.000000000000000000000000
    2775      0.000000000000000000000000
    2776      0.000000000000000000000000
    2777      0.000000000000000000000000
    2778      0.000000000000000000000000
    2779      0.000000000000000000000000
    2780      0.000000000000000000000000
    2781      0.000000000000000000000000
    2782      0.000000000000000000000000
    2783      0.000000000000000000000000
    2784      0.000000000000000000000000
    2785      0.000000000000000000000000
    2786      0.000000000000000000000000
    2787      0.000000000000000000000000
    2788      0.000000000000000000000000
    2789      0.000000000000000000000000
    2790      0.000000000000000000000000
    2791      0.000000000000000000000000
    2792      0.000000000000000000000000
    2793      0.000000000000000000000000
    2794      0.000000000000000000000000
    2795      0.000000000000000000000000
    2796      0.000000000000000000000000
    2797      0.000000000000000000000000
    2798      0.000000000000000000000000
    2799      0.000000000000000000000000
    2800      0.000000000000000000000000
    2801      0.000000000000000000000000
    2802      0.000000000000000000000000
    2803      0.000000000000000000000000
    2804      0.000000000000000000000000
    2805      0.000000000000000000000000
    2806      0.000000000000000000000000
    2807      0.000000000000000000000000
    2808      0.000000000000000000000000
    2809      0.000000000000000000000000
    2810      0.000000000000000000000000
    2811      0.000000000000000000000000
    2812      0.000000000000000000000000
    2813      0.000000000000000000000000
    2814      0.000000000000000000000000
    2815      0.000000000000000000000000
    2816      0.000000000000000000000000
    2817      0.000000000000000000000000
    2818      0.000000000000000000000000
    2819      0.000000000000000000000000
    2820      0.000000000000000000000000
    2821      0.000000000000000000000000
    2822      0.000000000000000000000000
    2823      0.000000000704720409081869
    2824      0.000000002281680897679530
    2825      0.000000002256958398355760
    2826      0.000000001383089189774540
    2827      0.000000000000000000000000
    2828      0.000000000000000000000000
    2829      0.000000000000000000000000
    2830      0.000000000000000000000000
    2831      0.000000000000000000000000
    2832      0.000000000000000000000000
    2833      0.000000000000000000000000
    2834      0.000000000000000000000000
    2835      0.000000000000000000000000
    2836      0.000000000000000000000000
    2837      0.000000000000000000000000
    2838      0.000000000000000000000000
    2839      0.000000000000000000000000
    2840      0.000000000000000000000000
    2841      0.000000000000000000000000
    2842      0.000000000000000000000000
    2843      0.000000000000000000000000
    2844      0.000000000000000000000000
    2845      0.000000000000000000000000
    2846      0.000000000000000000000000
    2847      0.000000000000000000000000
    2848      0.000000000000000000000000
    2849      0.000000000000000000000000
    2850      0.000000000000000000000000
    2851      0.000000000000000000000000
    2852      0.000000000000000000000000
    2853      0.000000000000000000000000
    2854      0.000000000000000000000000
    2855      0.000000000000000000000000
    2856      0.000000000000000000000000
    2857      0.000000000000000000000000
    2858      0.000000000000000000000000
    2859      0.000000000000000000000000
    2860      0.000000000000000000000000
    2861      0.000000000000000000000000
    2862      0.000000000000000000000000
    2863      0.000000000000000000000000
    2864      0.000000000000000000000000
    2865      0.000000000000000000000000
    2866      0.000000000000000000000000
    2867      0.000000000000000000000000
    2868      0.000000000000000000000000
    2869      0.000000000000000000000000
    2870      0.000000000000000000000000
    2871      0.000000000000000000000000
    2872      0.000000000000000000000000
    2873      0.000000000000000000000000
    2874      0.000000000000000000000000
    2875      0.000000000000000000000000
    2876      0.000000000000000000000000
    2877      0.000000000000000000000000
    2878      0.000000000000000000000000
    2879      0.000000000000000000000000
    2880      0.000000000000000000000000
    2881      0.000000000000000000000000
    2882      0.000000000000000000000000
    2883      0.000000000000000000000000
    2884      0.000000000000000000000000
    2885      0.000000000000000000000000
    2886      0.000000000000000000000000
    2887      0.000000000000000000000000
    2888      0.000000000000000000000000
    2889      0.000000000000000000000000
    2890      0.000000000000000000000000
    2891      0.000000000000000000000000
    2892      0.000000000000000000000000
    2893      0.000000000000000000000000
    2894      0.000000000000000000000000
    2895      0.000000000000000000000000
    2896      0.000000000000000000000000
    2897      0.000000000000000000000000
    2898      0.000000000000000000000000
    2899      0.000000000000000000000000
    2900      0.000000000000000000000000
    2901      0.000000000000000000000000
    2902      0.000000000000000000000000
    2903      0.000000000000000000000000
    2904      0.000000000000000000000000
    2905      0.000000000000000000000000
    2906      0.000000000000000000000000
    2907      0.000000000000000000000000
    2908      0.000000000000000000000000
    2909      0.000000000000000000000000
    2910      0.000000000000000000000000
    2911      0.000000000000000000000000
    2912      0.000000000000000000000000
    2913      0.000000000000000000000000
    2914      0.000000000000000000000000
    2915      0.000000000000000000000000
    2916      0.000000000000000000000000
    2917      0.000000000000000000000000
    2918      0.000000000000000000000000
    2919      0.000000000000000000000000
    2920      0.000000000000000000000000
    2921      0.000000000000000000000000
    2922      0.000000000000000000000000
    2923      0.000000000000000000000000
    2924      0.000000000000000000000000
    2925      0.000000000000000000000000
    2926      0.000000000000000000000000
    2927      0.000000000000000000000000
    2928      0.000000000000000000000000
    2929      0.000000000000000000000000
    2930      0.000000000000000000000000
    2931      0.000000000000000000000000
    2932      0.000000000000000000000000
    2933      0.000000000000000000000000
    2934      0.000000000000000000000000
    2935      0.000000000000000000000000
    2936      0.000000000000000000000000
    2937      0.000000000000000000000000
    2938      0.000000000000000000000000
    2939      0.000000000000000000000000
    2940      0.000000000000000000000000
    2941      0.000000000000000000000000
    2942      0.000000000000000000000000
    2943      0.000000000000000000000000
    2944      0.000000000000000000000000
    2945      0.000000000000000000000000
    2946      0.000000000000000000000000
    2947      0.000000000000000000000000
    2948      0.000000000000000000000000
    2949      0.000000000000000000000000
    2950      0.000000000000000000000000
    2951      0.000000000000000000000000
    2952      0.000000000000000000000000
    2953      0.000000000000000000000000
    2954      0.000000000000000000000000
    2955      0.000000000000000000000000
    2956      0.000000000000000000000000
    2957      0.000000000000000000000000
    2958      0.000000000000000000000000
    2959      0.000000000000000000000000
    2960      0.000000000000000000000000
    2961      0.000000000000000000000000
    2962      0.000000000000000000000000
    2963      0.000000000000000000000000
    2964      0.000000000000000000000000
    2965      0.000000000000000000000000
    2966      0.000000000000000000000000
    2967      0.000000000000000000000000
    2968      0.000000000000000000000000
    2969      0.000000000000000000000000
    2970      0.000000000000000000000000
    2971      0.000000000000000000000000
    2972      0.000000000000000000000000
    2973      0.000000000000000000000000
    2974      0.000000000000000000000000
    2975      0.000000000000000000000000
    2976      0.000000000000000000000000
    2977      0.000000000000000000000000
    2978      0.000000000000000000000000
    2979      0.000000000000000000000000
    2980      0.000000000000000000000000
    2981      0.000000000000000000000000
    2982      0.000000000000000000000000
    2983      0.000000000000000000000000
    2984      0.000000000000000000000000
    2985      0.000000000000000000000000
    2986      0.000000000000000000000000
    2987      0.000000000000000000000000
    2988      0.000000000000000000000000
    2989      0.000000000000000000000000
    2990      0.000000000000000000000000
    2991      0.000000000000000000000000
    2992      0.000000000000000000000000
    2993      0.000000000000000000000000
    2994      0.000000000000000000000000
    2995      0.000000000000000000000000
    2996      0.000000000000000000000000
    2997      0.000000000000000000000000
    2998      0.000000000000000000000000
    2999      0.000000000000000000000000
    3000      0.000000000000000000000000
    3001      0.000000000000000000000000
    3002      0.000000000000000000000000
    3003      0.000000000000000000000000
    3004      0.000000000000000000000000
    3005      0.000000000000000000000000
    3006      0.000000000000000000000000
    3007      0.000000000000000000000000
    3008      0.000000000000000000000000
    3009      0.000000000000000000000000
    3010      0.000000000000000000000000
    3011      0.000000000000000000000000
    3012      0.000000000000000000000000
    3013      0.000000000000000000000000
    3014      0.000000000000000000000000
    3015      0.000000000000000000000000
    3016      0.000000000000000000000000
    3017      0.000000000000000000000000
    3018      0.000000000000000000000000
    3019      0.000000000000000000000000
    3020      0.000000000000000000000000
    3021      0.000000000000000000000000
    3022      0.000000000000000000000000
    3023      0.000000000000000000000000
    3024      0.000000000000000000000000
    3025      0.000000000000000000000000
    3026      0.000000000000000000000000
    3027      0.000000000000000000000000
    3028      0.000000000000000000000000
    3029      0.000000000000000000000000
    3030      0.000000000000000000000000
    3031      0.000000000000000000000000
    3032      0.000000000000000000000000
    3033      0.000000000000000000000000
    3034      0.000000000000000000000000
    3035      0.000000000000000000000000
    3036      0.000000000000000000000000
    3037      0.000000000000000000000000
    3038      0.000000000000000000000000
    3039      0.000000000000000000000000
    3040      0.000000000000000000000000
    3041      0.000000000000000000000000
    3042      0.000000000000000000000000
    3043      0.000000000000000000000000
    3044      0.000000000000000000000000
    3045      0.000000000000000000000000
    3046      0.000000000000000000000000
    3047      0.000000000000000000000000
    3048      0.000000000000000000000000
    3049      0.000000000000000000000000
    3050      0.000000000000000000000000
    3051      0.000000000000000000000000
    3052      0.000000000000000000000000
    3053      0.000000000000000000000000
    3054      0.000000000000000000000000
    3055      0.000000000000000000000000
    3056      0.000000000000000000000000
    3057      0.000000000000000000000000
    3058      0.000000000000000000000000
    3059      0.000000000000000000000000
    3060      0.000000000000000000000000
    3061      0.000000000000000000000000
    3062      0.000000000000000000000000
    3063      0.000000000000000000000000
    3064      0.000000000000000000000000
    3065      0.000000000000000000000000
    3066      0.000000000000000000000000
    3067      0.000000000000000000000000
    3068      0.000000000000000000000000
    3069      0.000000000000000000000000
    3070      0.000000000000000000000000
    3071      0.000000000000000000000000
    3072      0.000000000000000000000000
    3073      0.000000000000000000000000
    3074      0.000000000000000000000000
    3075      0.000000000000000000000000
    3076      0.000000000000000000000000
    3077      0.000000000000000000000000
    3078      0.000000000000000000000000
    3079      0.000000000000000000000000
    3080      0.000000000000000000000000
    3081      0.000000000000000000000000
    3082      0.000000000000000000000000
    3083      0.000000000000000000000000
    3084      0.000000000000000000000000
    3085      0.000000000000000000000000
    3086      0.000000000000000000000000
    3087      0.000000000000000000000000
    3088      0.000000000000000000000000
    3089      0.000000000000000000000000
    3090      0.000000000000000000000000
    3091      0.000000000000000000000000
    3092      0.000000000000000000000000
    3093      0.000000000000000000000000
    3094      0.000000000000000000000000
    3095      0.000000000000000000000000
    3096      0.000000000000000000000000
    3097      0.000000000000000000000000
    3098      0.000000000000000000000000
    3099      0.000000000000000000000000
    3100      0.000000000000000000000000
    3101      0.000000000000000000000000
    3102      0.000000000000000000000000
    3103      0.000000000000000000000000
    3104      0.000000000000000000000000
    3105      0.000000000000000000000000
    3106      0.000000000000000000000000
    3107      0.000000000000000000000000
    3108      0.000000000000000000000000
    3109      0.000000000000000000000000
    3110      0.000000000000000000000000
    3111      0.000000000000000000000000
    3112      0.000000000000000000000000
    3113      0.000000000000000000000000
    3114      0.000000000000000000000000
    3115      0.000000000000000000000000
    3116      0.000000000000000000000000
    3117      0.000000000000000000000000
    3118      0.000000000000000000000000
    3119      0.000000000000000000000000
    3120      0.000000000000000000000000
    3121      0.000000000000000000000000
    3122      0.000000000000000000000000
    3123      0.000000000000000000000000
    3124      0.000000000000000000000000
    3125      0.000000000000000000000000
    3126      0.000000000000000000000000
    3127      0.000000000000000000000000
    3128      0.000000000000000000000000
    3129      0.000000000000000000000000
    3130      0.000000000000000000000000
    3131      0.000000000000000000000000
    3132      0.000000000000000000000000
    3133      0.000000000000000000000000
    3134      0.000000000000000000000000
    3135      0.000000000000000000000000
    3136      0.000000000000000000000000
    3137      0.000000000000000000000000
    3138      0.000000000000000000000000
    3139      0.000000000000000000000000
    3140      0.000000000000000000000000
    3141      0.000000000000000000000000
    3142      0.000000000000000000000000
    3143      0.000000000000000000000000
    3144      0.000000000000000000000000
    3145      0.000000000000000000000000
    3146      0.000000000000000000000000
    3147      0.000000000000000000000000
    3148      0.000000000000000000000000
    3149      0.000000000000000000000000
    3150      0.000000000000000000000000
    3151      0.000000000000000000000000
    3152      0.000000000000000000000000
    3153      0.000000000000000000000000
    3154      0.000000000000000000000000
    3155      0.000000000000000000000000
    3156      0.000000000000000000000000
    3157      0.000000000000000000000000
    3158      0.000000000000000000000000
    3159      0.000000000000000000000000
    3160      0.000000000000000000000000
    3161      0.000000000000000000000000
    3162      0.000000000000000000000000
    3163      0.000000000000000000000000
    3164      0.000000000000000000000000
    3165      0.000000000000000000000000
    3166      0.000000000000000000000000
    3167      0.000000000000000000000000
    3168      0.000000000000000000000000
    3169      0.000000000000000000000000
    3170      0.000000000000000000000000
    3171      0.000000000000000000000000
    3172      0.000000000000000000000000
    3173      0.000000000000000000000000
    3174      0.000000000000000000000000
    3175      0.000000000000000000000000
    3176      0.000000000000000000000000
    3177      0.000000000000000000000000
    3178      0.000000000000000000000000
    3179      0.000000000000000000000000
    3180      0.000000000000000000000000
    3181      0.000000000000000000000000
    3182      0.000000000000000000000000
    3183      0.000000000000000000000000
    3184      0.000000000000000000000000
    3185      0.000000000000000000000000
    3186      0.000000000000000000000000
    3187      0.000000000000000000000000
    3188      0.000000000000000000000000
    3189      0.000000000000000000000000
    3190      0.000000000000000000000000
    3191      0.000000000000000000000000
    3192      0.000000000000000000000000
    3193      0.000000000000000000000000
    3194      0.000000000000000000000000
    3195      0.000000000000000000000000
    3196      0.000000000000000000000000
    3197      0.000000000000000000000000
    3198      0.000000000000000000000000
    3199      0.000000000000000000000000
    3200      0.000000000000000000000000
    3201      0.000000000000000000000000
    3202      0.000000000000000000000000
    3203      0.000000000000000000000000
    3204      0.000000000000000000000000
    3205      0.000000000000000000000000
    3206      0.000000000000000000000000
    3207      0.000000000000000000000000
    3208      0.000000000000000000000000
    3209      0.000000000000000000000000
    3210      0.000000000000000000000000
    3211      0.000000000000000000000000
    3212      0.000000000000000000000000
    3213      0.000000000000000000000000
    3214      0.000000000000000000000000
    3215      0.000000000000000000000000
    3216      0.000000000000000000000000
    3217      0.000000000000000000000000
    3218      0.000000000000000000000000
    3219      0.000000000000000000000000
    3220      0.000000000000000000000000
    3221      0.000000000000000000000000
    3222      0.000000000000000000000000
    3223      0.000000000000000000000000
    3224      0.000000000000000000000000
    3225      0.000000000000000000000000
    3226      0.000000000000000000000000
    3227      0.000000000000000000000000
    3228      0.000000000000000000000000
    3229      0.000000000000000000000000
    3230      0.000000000000000000000000
    3231      0.000000000000000000000000
    3232      0.000000000000000000000000
    3233      0.000000000000000000000000
    3234      0.000000000000000000000000
    3235      0.000000000000000000000000
    3236      0.000000000000000000000000
    3237      0.000000000000000000000000
    3238      0.000000000000000000000000
    3239      0.000000000000000000000000
    3240      0.000000000000000000000000
    3241      0.000000000000000000000000
    3242      0.000000000000000000000000
    3243      0.000000000000000000000000
    3244      0.000000000000000000000000
    3245      0.000000000000000000000000
    3246      0.000000000000000000000000
    3247      0.000000000000000000000000
    3248      0.000000000000000000000000
    3249      0.000000000000000000000000
    3250      0.000000000000000000000000
    3251      0.000000000000000000000000
    3252      0.000000000000000000000000
    3253      0.000000000000000000000000
    3254      0.000000000000000000000000
    3255      0.000000000000000000000000
    3256      0.000000000000000000000000
    3257      0.000000000000000000000000
    3258      0.000000000000000000000000
    3259      0.000000000000000000000000
    3260      0.000000000000000000000000
    3261      0.000000000000000000000000
    3262      0.000000000000000000000000
    3263      0.000000000000000000000000
    3264      0.000000000000000000000000
    3265      0.000000000000000000000000
    3266      0.000000000000000000000000
    3267      0.000000000000000000000000
    3268      0.000000000000000000000000
    3269      0.000000000000000000000000
    3270      0.000000000000000000000000
    3271      0.000000000000000000000000
    3272      0.000000000000000000000000
    3273      0.000000000000000000000000
    3274      0.000000000000000000000000
    3275      0.000000000000000000000000
    3276      0.000000000000000000000000
    3277      0.000000000000000000000000
    3278      0.000000000000000000000000
    3279      0.000000000000000000000000
    3280      0.000000000000000000000000
    3281      0.000000000000000000000000
    3282      0.000000000000000000000000
    3283      0.000000000000000000000000
    3284      0.000000000000000000000000
    3285      0.000000000000000000000000
    3286      0.000000000000000000000000
    3287      0.000000000000000000000000
    3288      0.000000000000000000000000
    3289      0.000000000000000000000000
    3290      0.000000000000000000000000
    3291      0.000000000000000000000000
    3292      0.000000000000000000000000
    3293      0.000000000000000000000000
    3294      0.000000000000000000000000
    3295      0.000000000000000000000000
    3296      0.000000000000000000000000
    3297      0.000000000000000000000000
    3298      0.000000000000000000000000
    3299      0.000000000000000000000000
    3300      0.000000000000000000000000
    3301      0.000000000000000000000000
    3302      0.000000000000000000000000
    3303      0.000000000000000000000000
    3304      0.000000000000000000000000
    3305      0.000000000000000000000000
    3306      0.000000000000000000000000
    3307      0.000000000000000000000000
    3308      0.000000000000000000000000
    3309      0.000000000000000000000000
    3310      0.000000000000000000000000
    3311      0.000000000000000000000000
    3312      0.000000000000000000000000
    3313      0.000000000000000000000000
    3314      0.000000000000000000000000
    3315      0.000000000000000000000000
    3316      0.000000000000000000000000
    3317      0.000000000000000000000000
    3318      0.000000000000000000000000
    3319      0.000000000000000000000000
    3320      0.000000000000000000000000
    3321      0.000000000000000000000000
    3322      0.000000000000000000000000
    3323      0.000000000000000000000000
    3324      0.000000000000000000000000
    3325      0.000000000000000000000000
    3326      0.000000000000000000000000
    3327      0.000000000000000000000000
    3328      0.000000000000000000000000
    3329      0.000000000000000000000000
    3330      0.000000000000000000000000
    3331      0.000000000000000000000000
    3332      0.000000000000000000000000
    3333      0.000000000000000000000000
    3334      0.000000000000000000000000
    3335      0.000000000000000000000000
    3336      0.000000000000000000000000
    3337      0.000000000000000000000000
    3338      0.000000000000000000000000
    3339      0.000000000000000000000000
    3340      0.000000000000000000000000
    3341      0.000000000000000000000000
    3342      0.000000000000000000000000
    3343      0.000000000000000000000000
    3344      0.000000000000000000000000
    3345      0.000000000000000000000000
    3346      0.000000000000000000000000
    3347      0.000000000000000000000000
    3348      0.000000000000000000000000
    3349      0.000000000000000000000000
    3350      0.000000000000000000000000
    3351      0.000000000000000000000000
    3352      0.000000000000000000000000
    3353      0.000000000000000000000000
    3354      0.000000000000000000000000
    3355      0.000000000000000000000000
    3356      0.000000000000000000000000
    3357      0.000000000000000000000000
    3358      0.000000000000000000000000
    3359      0.000000000000000000000000
    3360      0.000000000000000000000000
    3361      0.000000000000000000000000
    3362      0.000000000000000000000000
    3363      0.000000000000000000000000
    3364      0.000000000000000000000000
    3365      0.000000000000000000000000
    3366      0.000000000000000000000000
    3367      0.000000000000000000000000
    3368      0.000000000000000000000000
    3369      0.000000000000000000000000
    3370      0.000000000000000000000000
    3371      0.000000000000000000000000
    3372      0.000000000000000000000000
    3373      0.000000000000000000000000
    3374      0.000000000000000000000000
    3375      0.000000000000000000000000
    3376      0.000000000000000000000000
    3377      0.000000000000000000000000
    3378      0.000000000000000000000000
    3379      0.000000000000000000000000
    3380      0.000000000000000000000000
    3381      0.000000000000000000000000
    3382      0.000000000000000000000000
    3383      0.000000000000000000000000
    3384      0.000000000000000000000000
    3385      0.000000000000000000000000
    3386      0.000000000000000000000000
    3387      0.000000000000000000000000
    3388      0.000000000000000000000000
    3389      0.000000000000000000000000
    3390      0.000000000000000000000000
    3391      0.000000000000000000000000
    3392      0.000000000000000000000000
    3393      0.000000000000000000000000
    3394      0.000000000000000000000000
    3395      0.000000000000000000000000
    3396      0.000000000000000000000000
    3397      0.000000000000000000000000
    3398      0.000000000000000000000000
    3399      0.000000000000000000000000
    3400      0.000000000000000000000000
    3401      0.000000000000000000000000
    3402      0.000000000000000000000000
    3403      0.000000000000000000000000
    3404      0.000000000000000000000000
    3405      0.000000000000000000000000
    3406      0.000000000000000000000000
    3407      0.000000000000000000000000
    3408      0.000000000000000000000000
    3409      0.000000000000000000000000
    3410      0.000000000000000000000000
    3411      0.000000000000000000000000
    3412      0.000000000000000000000000
    3413      0.000000000000000000000000
    3414      0.000000000000000000000000
    3415      0.000000000000000000000000
    3416      0.000000000000000000000000
    3417      0.000000000000000000000000
    3418      0.000000000000000000000000
    3419      0.000000000000000000000000
    3420      0.000000000000000000000000
    3421      0.000000000000000000000000
    3422      0.000000000000000000000000
    3423      0.000000000000000000000000
    3424      0.000000000000000000000000
    3425      0.000000000000000000000000
    3426      0.000000000000000000000000
    3427      0.000000000000000000000000
    3428      0.000000000000000000000000
    3429      0.000000000000000000000000
    3430      0.000000000000000000000000
    3431      0.000000000000000000000000
    3432      0.000000000000000000000000
    3433      0.000000000000000000000000
    3434      0.000000000000000000000000
    3435      0.000000000000000000000000
    3436      0.000000000000000000000000
    3437      0.000000000000000000000000
    3438      0.000000000000000000000000
    3439      0.000000000000000000000000
    3440      0.000000000000000000000000
    3441      0.000000000000000000000000
    3442      0.000000000000000000000000
    3443      0.000000000000000000000000
    3444      0.000000000000000000000000
    3445      0.000000000000000000000000
    3446      0.000000000000000000000000
    3447      0.000000000000000000000000
    3448      0.000000000000000000000000
    3449      0.000000000000000000000000
    3450      0.000000000000000000000000
    3451      0.000000000000000000000000
    3452      0.000000000000000000000000
    3453      0.000000000000000000000000
    3454      0.000000000000000000000000
    3455      0.000000000000000000000000
    3456      0.000000000000000000000000
    3457      0.000000000000000000000000
    3458      0.000000000000000000000000
    3459      0.000000000000000000000000
    3460      0.000000000000000000000000
    3461      0.000000000000000000000000
    3462      0.000000000000000000000000
    3463      0.000000000000000000000000
    3464      0.000000000000000000000000
    3465      0.000000000000000000000000
    3466      0.000000000000000000000000
    3467      0.000000000000000000000000
    3468      0.000000000000000000000000
    3469      0.000000000000000000000000
    3470      0.000000000000000000000000
    3471      0.000000000000000000000000
    3472      0.000000000000000000000000
    3473      0.000000000000000000000000
    3474      0.000000000000000000000000
    3475      0.000000000000000000000000
    3476      0.000000000000000000000000
    3477      0.000000000000000000000000
    3478      0.000000000000000000000000
    3479      0.000000000000000000000000
    3480      0.000000000000000000000000
    3481      0.000000000000000000000000
    3482      0.000000000000000000000000
    3483      0.000000000000000000000000
    3484      0.000000000000000000000000
    3485      0.000000000000000000000000
    3486      0.000000000000000000000000
    3487      0.000000000000000000000000
    3488      0.000000000000000000000000
    3489      0.000000000000000000000000
    3490      0.000000000000000000000000
    3491      0.000000000000000000000000
    3492      0.000000000000000000000000
    3493      0.000000000000000000000000
    3494      0.000000000000000000000000
    3495      0.000000000000000000000000
    3496      0.000000000000000000000000
    3497      0.000000000000000000000000
    3498      0.000000000000000000000000
    3499      0.000000000000000000000000
    3500      0.000000000000000000000000
    3501      0.000000000000000000000000
    3502      0.000000000000000000000000
    3503      0.000000000000000000000000
    3504      0.000000000000000000000000
    3505      0.000000000000000000000000
    3506      0.000000000000000000000000
    3507      0.000000000000000000000000
    3508      0.000000000000000000000000
    3509      0.000000000000000000000000
    3510      0.000000000000000000000000
    3511      0.000000000000000000000000
    3512      0.000000000000000000000000
    3513      0.000000000000000000000000
    3514      0.000000000000000000000000
    3515      0.000000000000000000000000
    3516      0.000000000000000000000000
    3517      0.000000000000000000000000
    3518      0.000000000000000000000000
    3519      0.000000000000000000000000
    3520      0.000000000000000000000000
    3521      0.000000000000000000000000
    3522      0.000000000000000000000000
    3523      0.000000000000000000000000
    3524      0.000000000000000000000000
    3525      0.000000000000000000000000
    3526      0.000000000000000000000000
    3527      0.000000000000000000000000
    3528      0.000000000000000000000000
    3529      0.000000000000000000000000
    3530      0.000000000000000000000000
    3531      0.000000000000000000000000
    3532      0.000000000000000000000000
    3533      0.000000000000000000000000
    3534      0.000000000000000000000000
    3535      0.000000000000000000000000
    3536      0.000000000000000000000000
    3537      0.000000000000000000000000
    3538      0.000000000000000000000000
    3539      0.000000000000000000000000
    3540      0.000000000000000000000000
    3541      0.000000000000000000000000
    3542      0.000000000000000000000000
    3543      0.000000000000000000000000
    3544      0.000000000000000000000000
    3545      0.000000000000000000000000
    3546      0.000000000000000000000000
    3547      0.000000000000000000000000
    3548      0.000000000000000000000000
    3549      0.000000000000000000000000
    3550      0.000000000000000000000000
    3551      0.000000000000000000000000
    3552      0.000000000000000000000000
    3553      0.000000000000000000000000
    3554      0.000000000000000000000000
    3555      0.000000000000000000000000
    3556      0.000000000000000000000000
    3557      0.000000000000000000000000
    3558      0.000000000000000000000000
    3559      0.000000000000000000000000
    3560      0.000000000000000000000000
    3561      0.000000000000000000000000
    3562      0.000000000000000000000000
    3563      0.000000000000000000000000
    3564      0.000000000000000000000000
    3565      0.000000000000000000000000
    3566      0.000000000000000000000000
    3567      0.000000000000000000000000
    3568      0.000000000000000000000000
    3569      0.000000000000000000000000
    3570      0.000000000000000000000000
    3571      0.000000000000000000000000
    3572      0.000000000000000000000000
    3573      0.000000000000000000000000
    3574      0.000000000000000000000000
    3575      0.000000000000000000000000
    3576      0.000000000000000000000000
    3577      0.000000000000000000000000
    3578      0.000000000000000000000000
    3579      0.000000000000000000000000
    3580      0.000000000000000000000000
    3581      0.000000000000000000000000
    3582      0.000000000000000000000000
    3583      0.000000000000000000000000
    3584      0.000000000000000000000000
    3585      0.000000000000000000000000
    3586      0.000000000000000000000000
    3587      0.000000000000000000000000
    3588      0.000000000000000000000000
    3589      0.000000000000000000000000
    3590      0.000000000000000000000000
    3591      0.000000000000000000000000
    3592      0.000000000000000000000000
    3593      0.000000000000000000000000
    3594      0.000000000000000000000000
    3595      0.000000000000000000000000
    3596      0.000000000000000000000000
    3597      0.000000000000000000000000
    3598      0.000000000000000000000000
    3599      0.000000000000000000000000
    3600      0.000000000000000000000000
    3601      0.000000000000000000000000
    3602      0.000000000000000000000000
    3603      0.000000000000000000000000
    3604      0.000000000000000000000000
    3605      0.000000000000000000000000
    3606      0.000000000000000000000000
    3607      0.000000000000000000000000
    3608      0.000000000000000000000000
    3609      0.000000000000000000000000
    3610      0.000000000000000000000000
    3611      0.000000000000000000000000
    3612      0.000000000000000000000000
    3613      0.000000000000000000000000
    3614      0.000000000000000000000000
    3615      0.000000000000000000000000
    3616      0.000000000000000000000000
    3617      0.000000000000000000000000
    3618      0.000000000000000000000000
    3619      0.000000000000000000000000
    3620      0.000000000000000000000000
    3621      0.000000000000000000000000
    3622      0.000000000000000000000000
    3623      0.000000000000000000000000
    3624      0.000000000000000000000000
    3625      0.000000000000000000000000
    3626      0.000000000000000000000000
    3627      0.000000000000000000000000
    3628      0.000000000000000000000000
    3629      0.000000000000000000000000
    3630      0.000000000000000000000000
    3631      0.000000000000000000000000
    3632      0.000000000000000000000000
    3633      0.000000000000000000000000
    3634      0.000000000000000000000000
    3635      0.000000000000000000000000
    3636      0.000000000000000000000000
    3637      0.000000000000000000000000
    3638      0.000000000000000000000000
    3639      0.000000000000000000000000
    3640      0.000000000000000000000000
    3641      0.000000000000000000000000
    3642      0.000000000000000000000000
    3643      0.000000000000000000000000
    3644      0.000000000000000000000000
    3645      0.000000000000000000000000
    3646      0.000000000000000000000000
    3647      0.000000000000000000000000
    3648      0.000000000000000000000000
    3649      0.000000000000000000000000
    3650      0.000000000000000000000000
    3651      0.000000000000000000000000
    3652      0.000000000000000000000000
    3653      0.000000000000000000000000
    3654      0.000000000000000000000000
    3655      0.000000000000000000000000
    3656      0.000000000000000000000000
    3657      0.000000000000000000000000
    3658      0.000000000000000000000000
    3659      0.000000000000000000000000
    3660      0.000000000000000000000000
    3661      0.000000000000000000000000
    3662      0.000000000000000000000000
    3663      0.000000000000000000000000
    3664      0.000000000000000000000000
    3665      0.000000000000000000000000
    3666      0.000000000000000000000000
    3667      0.000000000000000000000000
    3668      0.000000000000000000000000
    3669      0.000000000000000000000000
    3670      0.000000000000000000000000
    3671      0.000000000000000000000000
    3672      0.000000000000000000000000
    3673      0.000000000000000000000000
    3674      0.000000000000000000000000
    3675      0.000000000000000000000000
    3676      0.000000000000000000000000
    3677      0.000000000000000000000000
    3678      0.000000000000000000000000
    3679      0.000000000000000000000000
    3680      0.000000000000000000000000
    3681      0.000000000000000000000000
    3682      0.000000000000000000000000
    3683      0.000000000000000000000000
    3684      0.000000000000000000000000
    3685      0.000000000000000000000000
    3686      0.000000000000000000000000
    3687      0.000000000000000000000000
    3688      0.000000000000000000000000
    3689      0.000000000000000000000000
    3690      0.000000000000000000000000
    3691      0.000000000000000000000000
    3692      0.000000000000000000000000
    3693      0.000000000000000000000000
    3694      0.000000000000000000000000
    3695      0.000000000000000000000000
    3696      0.000000000000000000000000
    3697      0.000000000000000000000000
    3698      0.000000000000000000000000
    3699      0.000000000000000000000000
    3700      0.000000000000000000000000
    3701      0.000000000000000000000000
    3702      0.000000000000000000000000
    3703      0.000000000000000000000000
    3704      0.000000000000000000000000
    3705      0.000000000000000000000000
    3706      0.000000000000000000000000
    3707      0.000000000000000000000000
    3708      0.000000000000000000000000
    3709      0.000000000000000000000000
    3710      0.000000000000000000000000
    3711      0.000000000000000000000000
    3712      0.000000000000000000000000
    3713      0.000000000000000000000000
    3714      0.000000000000000000000000
    3715      0.000000000000000000000000
    3716      0.000000000000000000000000
    3717      0.000000000000000000000000
    3718      0.000000000000000000000000
    3719      0.000000000000000000000000
    3720      0.000000000000000000000000
    3721      0.000000000000000000000000
    3722      0.000000000000000000000000
    3723      0.000000000000000000000000
    3724      0.000000000000000000000000
    3725      0.000000000000000000000000
    3726      0.000000000000000000000000
    3727      0.000000000000000000000000
    3728      0.000000000000000000000000
    3729      0.000000000000000000000000
    3730      0.000000000000000000000000
    3731      0.000000000000000000000000
    3732      0.000000000000000000000000
    3733      0.000000000000000000000000
    3734      0.000000000000000000000000
    3735      0.000000000000000000000000
    3736      0.000000000000000000000000
    3737      0.000000000000000000000000
    3738      0.000000000000000000000000
    3739      0.000000000000000000000000
    3740      0.000000000000000000000000
    3741      0.000000000000000000000000
    3742      0.000000000000000000000000
    3743      0.000000000000000000000000
    3744      0.000000000000000000000000
    3745      0.000000000000000000000000
    3746      0.000000000000000000000000
    3747      0.000000000000000000000000
    3748      0.000000000000000000000000
    3749      0.000000000000000000000000
    3750      0.000000000000000000000000
    3751      0.000000000000000000000000
    3752      0.000000000000000000000000
    3753      0.000000000000000000000000
    3754      0.000000000000000000000000
    3755      0.000000000000000000000000
    3756      0.000000000000000000000000
    3757      0.000000000000000000000000
    3758      0.000000000000000000000000
    3759      0.000000000000000000000000
    3760      0.000000000000000000000000
    3761      0.000000000000000000000000
    3762      0.000000000000000000000000
    3763      0.000000000000000000000000
    3764      0.000000000000000000000000
    3765      0.000000000000000000000000
    3766      0.000000000000000000000000
    3767      0.000000000000000000000000
    3768      0.000000000000000000000000
    3769      0.000000000000000000000000
    3770      0.000000000000000000000000
    3771      0.000000000000000000000000
    3772      0.000000000000000000000000
    3773      0.000000000000000000000000
    3774      0.000000000000000000000000
    3775      0.000000000000000000000000
    3776      0.000000000000000000000000
    3777      0.000000000000000000000000
    3778      0.000000000000000000000000
    3779      0.000000000000000000000000
    3780      0.000000000000000000000000
    3781      0.000000000000000000000000
    3782      0.000000000000000000000000
    3783      0.000000000000000000000000
    3784      0.000000000000000000000000
    3785      0.000000000000000000000000
    3786      0.000000000000000000000000
    3787      0.000000000000000000000000
    3788      0.000000000000000000000000
    3789      0.000000000000000000000000
    3790      0.000000000000000000000000
    3791      0.000000000000000000000000
    3792      0.000000000000000000000000
    3793      0.000000000000000000000000
    3794      0.000000000000000000000000
    3795      0.000000000000000000000000
    3796      0.000000000000000000000000
    3797      0.000000000000000000000000
    3798      0.000000000000000000000000
    3799      0.000000000000000000000000
    3800      0.000000000000000000000000
    3801      0.000000000000000000000000
    3802      0.000000000000000000000000
    3803      0.000000000000000000000000
    3804      0.000000000000000000000000
    3805      0.000000000000000000000000
    3806      0.000000000000000000000000
    3807      0.000000000000000000000000
    3808      0.000000000000000000000000
    3809      0.000000000000000000000000
    3810      0.000000000000000000000000
    3811      0.000000000000000000000000
    3812      0.000000000000000000000000
    3813      0.000000000000000000000000
    3814      0.000000000000000000000000
    3815      0.000000000000000000000000
    3816      0.000000000000000000000000
    3817      0.000000000000000000000000
    3818      0.000000000000000000000000
    3819      0.000000000000000000000000
    3820      0.000000000000000000000000
    3821      0.000000000000000000000000
    3822      0.000000000000000000000000
    3823      0.000000000000000000000000
    3824      0.000000000000000000000000
    3825      0.000000000000000000000000
    3826      0.000000000000000000000000
    3827      0.000000000000000000000000
    3828      0.000000000000000000000000
    3829      0.000000000000000000000000
    3830      0.000000000000000000000000
    3831      0.000000000000000000000000
    3832      0.000000000000000000000000
    3833      0.000000000000000000000000
    3834      0.000000000000000000000000
    3835      0.000000000000000000000000
    3836      0.000000000000000000000000
    3837      0.000000000000000000000000
    3838      0.000000000000000000000000
    3839      0.000000000000000000000000
    3840      0.000000000000000000000000
    3841      0.000000000000000000000000
    3842      0.000000000000000000000000
    3843      0.000000000000000000000000
    3844      0.000000000000000000000000
    3845      0.000000000000000000000000
    3846      0.000000000000000000000000
    3847      0.000000000000000000000000
    3848      0.000000000000000000000000
    3849      0.000000000000000000000000
    3850      0.000000000000000000000000
    3851      0.000000000000000000000000
    3852      0.000000000000000000000000
    3853      0.000000000000000000000000
    3854      0.000000000000000000000000
    3855      0.000000000000000000000000
    3856      0.000000000000000000000000
    3857      0.000000000000000000000000
    3858      0.000000000000000000000000
    3859      0.000000000000000000000000
    3860      0.000000000000000000000000
    3861      0.000000000000000000000000
    3862      0.000000000000000000000000
    3863      0.000000000000000000000000
    3864      0.000000000000000000000000
    3865      0.000000000000000000000000
    3866      0.000000000000000000000000
    3867      0.000000000000000000000000
    3868      0.000000000000000000000000
    3869      0.000000000000000000000000
    3870      0.000000000000000000000000
    3871      0.000000000000000000000000
    3872      0.000000000000000000000000
    3873      0.000000000000000000000000
    3874      0.000000000000000000000000
    3875      0.000000000000000000000000
    3876      0.000000000000000000000000
    3877      0.000000000000000000000000
    3878      0.000000000000000000000000
    3879      0.000000000000000000000000
    3880      0.000000000000000000000000
    3881      0.000000000000000000000000
    3882      0.000000000000000000000000
    3883      0.000000000000000000000000
    3884      0.000000000000000000000000
    3885      0.000000000000000000000000
    3886      0.000000000000000000000000
    3887      0.000000000000000000000000
    3888      0.000000000000000000000000
    3889      0.000000000000000000000000
    3890      0.000000000000000000000000
    3891      0.000000000000000000000000
    3892      0.000000000000000000000000
    3893      0.000000000000000000000000
    3894      0.000000000000000000000000
    3895      0.000000000000000000000000
    3896      0.000000000000000000000000
    3897      0.000000000000000000000000
    3898      0.000000000000000000000000
    3899      0.000000000000000000000000
    3900      0.000000000000000000000000
    3901      0.000000000000000000000000
    3902      0.000000000000000000000000
    3903      0.000000000000000000000000
    3904      0.000000000000000000000000
    3905      0.000000000000000000000000
    3906      0.000000000000000000000000
    3907      0.000000000000000000000000
    3908      0.000000000000000000000000
    3909      0.000000000000000000000000
    3910      0.000000000000000000000000
    3911      0.000000000000000000000000
    3912      0.000000000000000000000000
    3913      0.000000000000000000000000
    3914      0.000000000000000000000000
    3915      0.000000000000000000000000
    3916      0.000000000000000000000000
    3917      0.000000000000000000000000
    3918      0.000000000000000000000000
    3919      0.000000000000000000000000
    3920      0.000000000000000000000000
    3921      0.000000000000000000000000
    3922      0.000000000000000000000000
    3923      0.000000000000000000000000
    3924      0.000000000000000000000000
    3925      0.000000000000000000000000
    3926      0.000000000000000000000000
    3927      0.000000000000000000000000
    3928      0.000000000000000000000000
    3929      0.000000000000000000000000
    3930      0.000000000000000000000000
    3931      0.000000000000000000000000
    3932      0.000000000000000000000000
    3933      0.000000000000000000000000
    3934      0.000000000000000000000000
    3935      0.000000000000000000000000
    3936      0.000000000000000000000000
    3937      0.000000000000000000000000
    3938      0.000000000000000000000000
    3939      0.000000000000000000000000
    3940      0.000000000000000000000000
    3941      0.000000000000000000000000
    3942      0.000000000000000000000000
    3943      0.000000000000000000000000
    3944      0.000000000000000000000000
    3945      0.000000000000000000000000
    3946      0.000000000000000000000000
    3947      0.000000000000000000000000
    3948      0.000000000000000000000000
    3949      0.000000000000000000000000
    3950      0.000000000000000000000000
    3951      0.000000000000000000000000
    3952      0.000000000000000000000000
    3953      0.000000000000000000000000
    3954      0.000000000000000000000000
    3955      0.000000000000000000000000
    3956      0.000000000000000000000000
    3957      0.000000000000000000000000
    3958      0.000000000000000000000000
    3959      0.000000000000000000000000
    3960      0.000000000000000000000000
    3961      0.000000000000000000000000
    3962      0.000000000000000000000000
    3963      0.000000000000000000000000
    3964      0.000000000000000000000000
    3965      0.000000000000000000000000
    3966      0.000000000000000000000000
    3967      0.000000000000000000000000
    3968      0.000000000000000000000000
    3969      0.000000000000000000000000
    3970      0.000000000000000000000000
    3971      0.000000000000000000000000
    3972      0.000000000000000000000000
    3973      0.000000000000000000000000
    3974      0.000000000000000000000000
    3975      0.000000000000000000000000
    3976      0.000000000000000000000000
    3977      0.000000000000000000000000
    3978      0.000000000000000000000000
    3979      0.000000000000000000000000
    3980      0.000000000000000000000000
    3981      0.000000000000000000000000
    3982      0.000000000000000000000000
    3983      0.000000000000000000000000
    3984      0.000000000000000000000000
    3985      0.000000000000000000000000
    3986      0.000000000000000000000000
    3987      0.000000000000000000000000
    3988      0.000000000000000000000000
    3989      0.000000000000000000000000
    3990      0.000000000000000000000000
    3991      0.000000000000000000000000
    3992      0.000000000000000000000000
    3993      0.000000000000000000000000
    3994      0.000000000000000000000000
    3995      0.000000000000000000000000
    3996      0.000000000000000000000000
    3997      0.000000000000000000000000
    3998      0.000000000000000000000000
    3999      0.000000000000000000000000
    4000      0.000000000000000000000000
    4001      0.000000000000000000000000
    4002      0.000000000000000000000000
    4003      0.000000000000000000000000
    4004      0.000000000000000000000000
    4005      0.000000000000000000000000
    4006      0.000000000000000000000000
    4007      0.000000000000000000000000
    4008      0.000000000000000000000000
    4009      0.000000000000000000000000
    4010      0.000000000000000000000000
    4011      0.000000000000000000000000
    4012      0.000000000000000000000000
    4013      0.000000000000000000000000
    4014      0.000000000000000000000000
    4015      0.000000000000000000000000
    4016      0.000000000000000000000000
    4017      0.000000000000000000000000
    4018      0.000000000000000000000000
    4019      0.000000000000000000000000
    4020      0.000000000000000000000000
    4021      0.000000000000000000000000
    4022      0.000000000000000000000000
    4023      0.000000000000000000000000
    4024      0.000000000000000000000000
    4025      0.000000000000000000000000
    4026      0.000000000000000000000000
    4027      0.000000000000000000000000
    4028      0.000000000000000000000000
    4029      0.000000000000000000000000
    4030      0.000000000000000000000000
    4031      0.000000000000000000000000
    4032      0.000000000000000000000000
    4033      0.000000000000000000000000
    4034      0.000000000000000000000000
    4035      0.000000000000000000000000
    4036      0.000000000000000000000000
    4037      0.000000000000000000000000
    4038      0.000000000000000000000000
    4039      0.000000000000000000000000
    4040      0.000000000000000000000000
    4041      0.000000000000000000000000
    4042      0.000000000000000000000000
    4043      0.000000000000000000000000
    4044      0.000000000000000000000000
    4045      0.000000000000000000000000
    4046      0.000000000000000000000000
    4047      0.000000000000000000000000
    4048      0.000000000000000000000000
    4049      0.000000000000000000000000
    4050      0.000000000000000000000000
    4051      0.000000000000000000000000
    4052      0.000000000000000000000000
    4053      0.000000000000000000000000
    4054      0.000000000000000000000000
    4055      0.000000000000000000000000
    4056      0.000000000000000000000000
    4057      0.000000000000000000000000
    4058      0.000000000000000000000000
    4059      0.000000000000000000000000
    4060      0.000000000000000000000000
    4061      0.000000000000000000000000
    4062      0.000000000000000000000000
    4063      0.000000000000000000000000
    4064      0.000000000000000000000000
    4065      0.000000000000000000000000
    4066      0.000000000000000000000000
    4067      0.000000000000000000000000
    4068      0.000000000000000000000000
    4069      0.000000000000000000000000
    4070      0.000000000000000000000000
    4071      0.000000000000000000000000
    4072      0.000000000000000000000000
    4073      0.000000000000000000000000
    4074      0.000000000000000000000000
    4075      0.000000000000000000000000
    4076      0.000000000000000000000000
    4077      0.000000000000000000000000
    4078      0.000000000000000000000000
    4079      0.000000000000000000000000
    4080      0.000000000000000000000000
    4081      0.000000000000000000000000
    4082      0.000000000000000000000000
    4083      0.000000000000000000000000
    4084      0.000000000000000000000000
    4085      0.000000000000000000000000
    4086      0.000000000000000000000000
    4087      0.000000000000000000000000
    4088      0.000000000000000000000000
    4089      0.000000000000000000000000
    4090      0.000000000000000000000000
    4091      0.000000000000000000000000
    4092      0.000000000000000000000000
    4093      0.000000000000000000000000
    4094      0.000000000000000000000000
    4095      0.000000000000000000000000
    4096      0.000000000000000000000000
    4097      0.000000000000000000000000
    4098      0.000000000000000000000000
    4099      0.000000000000000000000000
    4100      0.000000000000000000000000
    4101      0.000000000000000000000000
    4102      0.000000000000000000000000
    4103      0.000000000000000000000000
    4104      0.000000000000000000000000
    4105      0.000000000000000000000000
    4106      0.000000000000000000000000
    4107      0.000000000000000000000000
    4108      0.000000000000000000000000
    4109      0.000000000000000000000000
    4110      0.000000000000000000000000
    4111      0.000000000000000000000000
    4112      0.000000000000000000000000
    4113      0.000000000000000000000000
    4114      0.000000000000000000000000
    4115      0.000000000000000000000000
    4116      0.000000000000000000000000
    4117      0.000000000000000000000000
    4118      0.000000000000000000000000
    4119      0.000000000000000000000000
    4120      0.000000000000000000000000
    4121      0.000000000000000000000000
    4122      0.000000000000000000000000
    4123      0.000000000000000000000000
    4124      0.000000000000000000000000
    4125      0.000000000000000000000000
    4126      0.000000000000000000000000
    4127      0.000000000000000000000000
    4128      0.000000000000000000000000
    4129      0.000000000000000000000000
    4130      0.000000000000000000000000
    4131      0.000000000000000000000000
    4132      0.000000000000000000000000
    4133      0.000000000000000000000000
    4134      0.000000000000000000000000
    4135      0.000000000000000000000000
    4136      0.000000000000000000000000
    4137      0.000000000000000000000000
    4138      0.000000000000000000000000
    4139      0.000000000000000000000000
    4140      0.000000000000000000000000
    4141      0.000000000000000000000000
    4142      0.000000000000000000000000
    4143      0.000000000000000000000000
    4144      0.000000000000000000000000
    4145      0.000000000000000000000000
    4146      0.000000000000000000000000
    4147      0.000000000000000000000000
    4148      0.000000000000000000000000
    4149      0.000000000000000000000000
    4150      0.000000000000000000000000
    4151      0.000000000000000000000000
    4152      0.000000000000000000000000
    4153      0.000000000000000000000000
    4154      0.000000000000000000000000
    4155      0.000000000000000000000000
    4156      0.000000000000000000000000
    4157      0.000000000000000000000000
    4158      0.000000000000000000000000
    4159      0.000000000000000000000000
    4160      0.000000000000000000000000
    4161      0.000000000000000000000000
    4162      0.000000000000000000000000
    4163      0.000000000000000000000000
    4164      0.000000000000000000000000
    4165      0.000000000000000000000000
    4166      0.000000000000000000000000
    4167      0.000000000000000000000000
    4168      0.000000000000000000000000
    4169      0.000000000000000000000000
    4170      0.000000000000000000000000
    4171      0.000000000000000000000000
    4172      0.000000000000000000000000
    4173      0.000000000000000000000000
    4174      0.000000000000000000000000
    4175      0.000000000000000000000000
    4176      0.000000000000000000000000
    4177      0.000000000000000000000000
    4178      0.000000000000000000000000
    4179      0.000000000000000000000000
    4180      0.000000000000000000000000
    4181      0.000000000000000000000000
    4182      0.000000000000000000000000
    4183      0.000000000000000000000000
    4184      0.000000000000000000000000
    4185      0.000000000000000000000000
    4186      0.000000000000000000000000
    4187      0.000000000000000000000000
    4188      0.000000000000000000000000
    4189      0.000000000000000000000000
    4190      0.000000000000000000000000
    4191      0.000000000000000000000000
    4192      0.000000000000000000000000
    4193      0.000000000000000000000000
    4194      0.000000000000000000000000
    4195      0.000000000000000000000000
    4196      0.000000000000000000000000
    4197      0.000000000000000000000000
    4198      0.000000000000000000000000
    4199      0.000000000000000000000000
    4200      0.000000000000000000000000
    4201      0.000000000000000000000000
    4202      0.000000000000000000000000
    4203      0.000000000000000000000000
    4204      0.000000000000000000000000
    4205      0.000000000000000000000000
    4206      0.000000000000000000000000
    4207      0.000000000000000000000000
    4208      0.000000000000000000000000
    4209      0.000000000000000000000000
    4210      0.000000000000000000000000
    4211      0.000000000000000000000000
    4212      0.000000000000000000000000
    4213      0.000000000000000000000000
    4214      0.000000000000000000000000
    4215      0.000000000000000000000000
    4216      0.000000000000000000000000
    4217      0.000000000000000000000000
    4218      0.000000000000000000000000
    4219      0.000000000000000000000000
    4220      0.000000000000000000000000
    4221      0.000000000000000000000000
    4222      0.000000000000000000000000
    4223      0.000000000000000000000000
    4224      0.000000000000000000000000
    4225      0.000000000000000000000000
    4226      0.000000000000000000000000
    4227      0.000000000000000000000000
    4228      0.000000000000000000000000
    4229      0.000000000000000000000000
    4230      0.000000000000000000000000
    4231      0.000000000000000000000000
    4232      0.000000000000000000000000
    4233      0.000000000000000000000000
    4234      0.000000000000000000000000
    4235      0.000000000000000000000000
    4236      0.000000000000000000000000
    4237      0.000000000000000000000000
    4238      0.000000000000000000000000
    4239      0.000000000000000000000000
    4240      0.000000000000000000000000
    4241      0.000000000000000000000000
    4242      0.000000000000000000000000
    4243      0.000000000000000000000000
    4244      0.000000000000000000000000
    4245      0.000000000000000000000000
    4246      0.000000000000000000000000
    4247      0.000000000000000000000000
    4248      0.000000000000000000000000
    4249      0.000000000000000000000000
    4250      0.000000000000000000000000
    4251      0.000000000000000000000000
    4252      0.000000000000000000000000
    4253      0.000000000000000000000000
    4254      0.000000000000000000000000
    4255      0.000000000000000000000000
    4256      0.000000000000000000000000
    4257      0.000000000000000000000000
    4258      0.000000000000000000000000
    4259      0.000000000000000000000000
    4260      0.000000000000000000000000
    4261      0.000000000000000000000000
    4262      0.000000000000000000000000
    4263      0.000000000000000000000000
    4264      0.000000000000000000000000
    4265      0.000000000000000000000000
    4266      0.000000000000000000000000
    4267      0.000000000000000000000000
    4268      0.000000000000000000000000
    4269      0.000000000000000000000000
    4270      0.000000000000000000000000
    4271      0.000000000000000000000000
    4272      0.000000000000000000000000
    4273      0.000000000000000000000000
    4274      0.000000000000000000000000
    4275      0.000000000000000000000000
    4276      0.000000000000000000000000
    4277      0.000000000000000000000000
    4278      0.000000000000000000000000
    4279      0.000000000000000000000000
    4280      0.000000000000000000000000
    4281      0.000000000000000000000000
    4282      0.000000000000000000000000
    4283      0.000000000000000000000000
    4284      0.000000000000000000000000
    4285      0.000000000000000000000000
    4286      0.000000000000000000000000
    4287      0.000000000000000000000000
    4288      0.000000000000000000000000
    4289      0.000000000000000000000000
    4290      0.000000000000000000000000
    4291      0.000000000000000000000000
    4292      0.000000000000000000000000
    4293      0.000000000000000000000000
    4294      0.000000000000000000000000
    4295      0.000000000000000000000000
    4296      0.000000000000000000000000
    4297      0.000000000000000000000000
    4298      0.000000000000000000000000
    4299      0.000000000000000000000000
    4300      0.000000000000000000000000
    4301      0.000000000000000000000000
    4302      0.000000000000000000000000
    4303      0.000000000000000000000000
    4304      0.000000000000000000000000
    4305      0.000000000000000000000000
    4306      0.000000000000000000000000
    4307      0.000000000000000000000000
    4308      0.000000000000000000000000
    4309      0.000000000000000000000000
    4310      0.000000000000000000000000
    4311      0.000000000000000000000000
    4312      0.000000000000000000000000
    4313      0.000000000000000000000000
    4314      0.000000000000000000000000
    4315      0.000000000000000000000000
    4316      0.000000000000000000000000
    4317      0.000000000000000000000000
    4318      0.000000000000000000000000
    4319      0.000000000000000000000000
    4320      0.000000000000000000000000
    4321      0.000000000000000000000000
    4322      0.000000000000000000000000
    4323      0.000000000000000000000000
    4324      0.000000000000000000000000
    4325      0.000000000000000000000000
    4326      0.000000000000000000000000
    4327      0.000000000000000000000000
    4328      0.000000000000000000000000
    4329      0.000000000000000000000000
    4330      0.000000000000000000000000
    4331      0.000000000000000000000000
    4332      0.000000000000000000000000
    4333      0.000000000000000000000000
    4334      0.000000000000000000000000
    4335      0.000000000000000000000000
    4336      0.000000000000000000000000
    4337      0.000000000000000000000000
    4338      0.000000000000000000000000
    4339      0.000000000000000000000000
    4340      0.000000000000000000000000
    4341      0.000000000000000000000000
    4342      0.000000000000000000000000
    4343      0.000000000000000000000000
    4344      0.000000000000000000000000
    4345      0.000000000000000000000000
    4346      0.000000000000000000000000
    4347      0.000000000000000000000000
    4348      0.000000000000000000000000
    4349      0.000000000000000000000000
    4350      0.000000000000000000000000
    4351      0.000000000000000000000000
    4352      0.000000000000000000000000
    4353      0.000000000000000000000000
    4354      0.000000000000000000000000
    4355      0.000000000000000000000000
    4356      0.000000000000000000000000
    4357      0.000000000000000000000000
    4358      0.000000000000000000000000
    4359      0.000000000000000000000000
    4360      0.000000000000000000000000
    4361      0.000000000000000000000000
    4362      0.000000000000000000000000
    4363      0.000000000000000000000000
    4364      0.000000000000000000000000
    4365      0.000000000000000000000000
    4366      0.000000000000000000000000
    4367      0.000000000000000000000000
    4368      0.000000000000000000000000
    4369      0.000000000000000000000000
    4370      0.000000000000000000000000
    4371      0.000000000000000000000000
    4372      0.000000000000000000000000
    4373      0.000000000000000000000000
    4374      0.000000000000000000000000
    4375      0.000000000000000000000000
    4376      0.000000000000000000000000
    4377      0.000000000000000000000000
    4378      0.000000000000000000000000
    4379      0.000000000000000000000000
    4380      0.000000000000000000000000
    4381      0.000000000000000000000000
    4382      0.000000000000000000000000
    4383      0.000000000000000000000000
    4384      0.000000000000000000000000
    4385      0.000000000000000000000000
    4386      0.000000000000000000000000
    4387      0.000000000000000000000000
    4388      0.000000000000000000000000
    4389      0.000000000000000000000000
    4390      0.000000000000000000000000
    4391      0.000000000000000000000000
    4392      0.000000000000000000000000
    4393      0.000000000000000000000000
    4394      0.000000000000000000000000
    4395      0.000000000000000000000000
    4396      0.000000000000000000000000
    4397      0.000000000000000000000000
    4398      0.000000000000000000000000
    4399      0.000000000000000000000000
    4400      0.000000000000000000000000
    4401      0.000000000000000000000000
    4402      0.000000000000000000000000
    4403      0.000000000000000000000000
    4404      0.000000000000000000000000
    4405      0.000000000000000000000000
    4406      0.000000000000000000000000
    4407      0.000000000000000000000000
    4408      0.000000000000000000000000
    4409      0.000000000000000000000000
    4410      0.000000000000000000000000
    4411      0.000000000000000000000000
    4412      0.000000000000000000000000
    4413      0.000000000000000000000000
    4414      0.000000000000000000000000
    4415      0.000000000000000000000000
    4416      0.000000000000000000000000
    4417      0.000000000000000000000000
    4418      0.000000000000000000000000
    4419      0.000000000000000000000000
    4420      0.000000000000000000000000
    4421      0.000000000000000000000000
    4422      0.000000000000000000000000
    4423      0.000000000000000000000000
    4424      0.000000000000000000000000
    4425      0.000000000000000000000000
    4426      0.000000000000000000000000
    4427      0.000000000000000000000000
    4428      0.000000000000000000000000
    4429      0.000000000000000000000000
    4430      0.000000000000000000000000
    4431      0.000000000000000000000000
    4432      0.000000000000000000000000
    4433      0.000000000000000000000000
    4434      0.000000000000000000000000
    4435      0.000000000000000000000000
    4436      0.000000000000000000000000
    4437      0.000000000000000000000000
    4438      0.000000000000000000000000
    4439      0.000000000000000000000000
    4440      0.000000000000000000000000
    4441      0.000000000000000000000000
    4442      0.000000000000000000000000
    4443      0.000000000000000000000000
    4444      0.000000000000000000000000
    4445      0.000000000000000000000000
    4446      0.000000000000000000000000
    4447      0.000000000000000000000000
    4448      0.000000000000000000000000
    4449      0.000000000000000000000000
    4450      0.000000000000000000000000
    4451      0.000000000000000000000000
    4452      0.000000000000000000000000
    4453      0.000000000000000000000000
    4454      0.000000000000000000000000
    4455      0.000000000000000000000000
    4456      0.000000000000000000000000
    4457      0.000000000000000000000000
    4458      0.000000000000000000000000
    4459      0.000000000000000000000000
    4460      0.000000000000000000000000
    4461      0.000000000000000000000000
    4462      0.000000000000000000000000
    4463      0.000000000000000000000000
    4464      0.000000000000000000000000
    4465      0.000000000000000000000000
    4466      0.000000000000000000000000
    4467      0.000000000000000000000000
    4468      0.000000000000000000000000
    4469      0.000000000000000000000000
    4470      0.000000000000000000000000
    4471      0.000000000000000000000000
    4472      0.000000000000000000000000
    4473      0.000000000000000000000000
    4474      0.000000000000000000000000
    4475      0.000000000000000000000000
    4476      0.000000000000000000000000
    4477      0.000000000000000000000000
    4478      0.000000000000000000000000
    4479      0.000000000000000000000000
    4480      0.000000000000000000000000
    4481      0.000000000000000000000000
    4482      0.000000000000000000000000
    4483      0.000000000000000000000000
    4484      0.000000000000000000000000
    4485      0.000000000000000000000000
    4486      0.000000000000000000000000
    4487      0.000000000000000000000000
    4488      0.000000000000000000000000
    4489      0.000000000000000000000000
    4490      0.000000000000000000000000
    4491      0.000000000000000000000000
    4492      0.000000000000000000000000
    4493      0.000000000000000000000000
    4494      0.000000000000000000000000
    4495      0.000000000000000000000000
    4496      0.000000000000000000000000
    4497      0.000000000000000000000000
    4498      0.000000000000000000000000
    4499      0.000000000000000000000000
    4500      0.000000000000000000000000
    4501      0.000000000000000000000000
    4502      0.000000000000000000000000
    4503      0.000000000000000000000000
    4504      0.000000000000000000000000
    4505      0.000000000000000000000000
    4506      0.000000000000000000000000
    4507      0.000000000000000000000000
    4508      0.000000000000000000000000
    4509      0.000000000000000000000000
    4510      0.000000000000000000000000
    4511      0.000000000000000000000000
    4512      0.000000000000000000000000
    4513      0.000000000000000000000000
    4514      0.000000000000000000000000
    4515      0.000000000000000000000000
    4516      0.000000000000000000000000
    4517      0.000000000000000000000000
    4518      0.000000000000000000000000
    4519      0.000000000000000000000000
    4520      0.000000000000000000000000
    4521      0.000000000000000000000000
    4522      0.000000000000000000000000
    4523      0.000000000000000000000000
    4524      0.000000000000000000000000
    4525      0.000000000000000000000000
    4526      0.000000000000000000000000
    4527      0.000000000000000000000000
    4528      0.000000000000000000000000
    4529      0.000000000000000000000000
    4530      0.000000000000000000000000
    4531      0.000000000000000000000000
    4532      0.000000000000000000000000
    4533      0.000000000000000000000000
    4534      0.000000000000000000000000
    4535      0.000000000000000000000000
    4536      0.000000000000000000000000
    4537      0.000000000000000000000000
    4538      0.000000000000000000000000
    4539      0.000000000000000000000000
    4540      0.000000000000000000000000
    4541      0.000000000000000000000000
    4542      0.000000000000000000000000
    4543      0.000000000000000000000000
    4544      0.000000000000000000000000
    4545      0.000000000000000000000000
    4546      0.000000000000000000000000
    4547      0.000000000000000000000000
    4548      0.000000000000000000000000
    4549      0.000000000000000000000000
    4550      0.000000000000000000000000
    4551      0.000000000000000000000000
    4552      0.000000000000000000000000
    4553      0.000000000000000000000000
    4554      0.000000000000000000000000
    4555      0.000000000000000000000000
    4556      0.000000000000000000000000
    4557      0.000000000000000000000000
    4558      0.000000000000000000000000
    4559      0.000000000000000000000000
    4560      0.000000000000000000000000
    4561      0.000000000000000000000000
    4562      0.000000000000000000000000
    4563      0.000000000000000000000000
    4564      0.000000000000000000000000
    4565      0.000000000000000000000000
    4566      0.000000000000000000000000
    4567      0.000000000000000000000000
    4568      0.000000000000000000000000
    4569      0.000000000000000000000000
    4570      0.000000000000000000000000
    4571      0.000000000000000000000000
    4572      0.000000000000000000000000
    4573      0.000000000000000000000000
    4574      0.000000000000000000000000
    4575      0.000000000000000000000000
    4576      0.000000000000000000000000
    4577      0.000000000000000000000000
    4578      0.000000000000000000000000
    4579      0.000000000000000000000000
    4580      0.000000000000000000000000
    4581      0.000000000000000000000000
    4582      0.000000000000000000000000
    4583      0.000000000000000000000000
    4584      0.000000000000000000000000
    4585      0.000000000000000000000000
    4586      0.000000000000000000000000
    4587      0.000000000000000000000000
    4588      0.000000000000000000000000
    4589      0.000000000000000000000000
    4590      0.000000000000000000000000
    4591      0.000000000000000000000000
    4592      0.000000000000000000000000
    4593      0.000000000000000000000000
    4594      0.000000000000000000000000
    4595      0.000000000000000000000000
    4596      0.000000000000000000000000
    4597      0.000000000000000000000000
    4598      0.000000000000000000000000
    4599      0.000000000000000000000000
    4600      0.000000000000000000000000
    4601      0.000000000000000000000000
    4602      0.000000000000000000000000
    4603      0.000000000000000000000000
    4604      0.000000000000000000000000
    4605      0.000000000000000000000000
    4606      0.000000000000000000000000
    4607      0.000000000000000000000000
    4608      0.000000000000000000000000
    4609      0.000000000000000000000000
    4610      0.000000000000000000000000
    4611      0.000000000000000000000000
    4612      0.000000000000000000000000
    4613      0.000000000000000000000000
    4614      0.000000000000000000000000
    4615      0.000000000000000000000000
    4616      0.000000000000000000000000
    4617      0.000000000000000000000000
    4618      0.000000000000000000000000
    4619      0.000000000000000000000000
    4620      0.000000000000000000000000
    4621      0.000000000000000000000000
    4622      0.000000000000000000000000
    4623      0.000000000000000000000000
    4624      0.000000000000000000000000
    4625      0.000000000000000000000000
    4626      0.000000000000000000000000
    4627      0.000000000000000000000000
    4628      0.000000000000000000000000
    4629      0.000000000000000000000000
    4630      0.000000000000000000000000
    4631      0.000000000000000000000000
    4632      0.000000000000000000000000
    4633      0.000000000000000000000000
    4634      0.000000000000000000000000
    4635      0.000000000000000000000000
    4636      0.000000000000000000000000
    4637      0.000000000000000000000000
    4638      0.000000000000000000000000
    4639      0.000000000000000000000000
    4640      0.000000000000000000000000
    4641      0.000000000000000000000000
    4642      0.000000000000000000000000
    4643      0.000000000000000000000000
    4644      0.000000000000000000000000
    4645      0.000000000000000000000000
    4646      0.000000000000000000000000
    4647      0.000000000000000000000000
    4648      0.000000000000000000000000
    4649      0.000000000000000000000000
    4650      0.000000000000000000000000
    4651      0.000000000000000000000000
    4652      0.000000000000000000000000
    4653      0.000000000000000000000000
    4654      0.000000000000000000000000
    4655      0.000000000000000000000000
    4656      0.000000000000000000000000
    4657      0.000000000000000000000000
    4658      0.000000000000000000000000
    4659      0.000000000000000000000000
    4660      0.000000000000000000000000
    4661      0.000000000000000000000000
    4662      0.000000000000000000000000
    4663      0.000000000000000000000000
    4664      0.000000000000000000000000
    4665      0.000000000000000000000000
    4666      0.000000000000000000000000
    4667      0.000000000000000000000000
    4668      0.000000000000000000000000
    4669      0.000000000000000000000000
    4670      0.000000000000000000000000
    4671      0.000000000000000000000000
    4672      0.000000000000000000000000
    4673      0.000000000000000000000000
    4674      0.000000000000000000000000
    4675      0.000000000000000000000000
    4676      0.000000000000000000000000
    4677      0.000000000000000000000000
    4678      0.000000000000000000000000
    4679      0.000000000000000000000000
    4680      0.000000000000000000000000
    4681      0.000000000000000000000000
    4682      0.000000000000000000000000
    4683      0.000000000000000000000000
    4684      0.000000000000000000000000
    4685      0.000000000000000000000000
    4686      0.000000000000000000000000
    4687      0.000000000000000000000000
    4688      0.000000000000000000000000
    4689      0.000000000000000000000000
    4690      0.000000000000000000000000
    4691      0.000000000000000000000000
    4692      0.000000000000000000000000
    4693      0.000000000000000000000000
    4694      0.000000000000000000000000
    4695      0.000000000000000000000000
    4696      0.000000000000000000000000
    4697      0.000000000000000000000000
    4698      0.000000000000000000000000
    4699      0.000000000000000000000000
    4700      0.000000000000000000000000
    4701      0.000000000000000000000000
    4702      0.000000000000000000000000
    4703      0.000000000000000000000000
    4704      0.000000000000000000000000
    4705      0.000000000000000000000000
    4706      0.000000000000000000000000
    4707      0.000000000000000000000000
    4708      0.000000000000000000000000
    4709      0.000000000000000000000000
    4710      0.000000000000000000000000
    4711      0.000000000000000000000000
    4712      0.000000000000000000000000
    4713      0.000000000000000000000000
    4714      0.000000000000000000000000
    4715      0.000000000000000000000000
    4716      0.000000000000000000000000
    4717      0.000000000000000000000000
    4718      0.000000000000000000000000
    4719      0.000000000000000000000000
    4720      0.000000000000000000000000
    4721      0.000000000000000000000000
    4722      0.000000000000000000000000
    4723      0.000000000000000000000000
    4724      0.000000000000000000000000
    4725      0.000000000000000000000000
    4726      0.000000000000000000000000
    4727      0.000000000000000000000000
    4728      0.000000000000000000000000
    4729      0.000000000000000000000000
    4730      0.000000000000000000000000
    4731      0.000000000000000000000000
    4732      0.000000000000000000000000
    4733      0.000000000000000000000000
    4734      0.000000000000000000000000
    4735      0.000000000000000000000000
    4736      0.000000000000000000000000
    4737      0.000000000000000000000000
    4738      0.000000000000000000000000
    4739      0.000000000000000000000000
    4740      0.000000000000000000000000
    4741      0.000000000000000000000000
    4742      0.000000000000000000000000
    4743      0.000000000000000000000000
    4744      0.000000000000000000000000
    4745      0.000000000000000000000000
    4746      0.000000000000000000000000
    4747      0.000000000000000000000000
    4748      0.000000000000000000000000
    4749      0.000000000000000000000000
    4750      0.000000000000000000000000
    4751      0.000000000000000000000000
    4752      0.000000000000000000000000
    4753      0.000000000000000000000000
    4754      0.000000000000000000000000
    4755      0.000000000000000000000000
    4756      0.000000000000000000000000
    4757      0.000000000000000000000000
    4758      0.000000000000000000000000
    4759      0.000000000000000000000000
    4760      0.000000000000000000000000
    4761      0.000000000000000000000000
    4762      0.000000000000000000000000
    4763      0.000000000000000000000000
    4764      0.000000000000000000000000
    4765      0.000000000000000000000000
    4766      0.000000000000000000000000
    4767      0.000000000000000000000000
    4768      0.000000000000000000000000
    4769      0.000000000000000000000000
    4770      0.000000000000000000000000
    4771      0.000000000000000000000000
    4772      0.000000000000000000000000
    4773      0.000000000000000000000000
    4774      0.000000000000000000000000
    4775      0.000000000000000000000000
    4776      0.000000000000000000000000
    4777      0.000000000000000000000000
    4778      0.000000000000000000000000
    4779      0.000000000000000000000000
    4780      0.000000000000000000000000
    4781      0.000000000000000000000000
    4782      0.000000000000000000000000
    4783      0.000000000000000000000000
    4784      0.000000000000000000000000
    4785      0.000000000000000000000000
    4786      0.000000000000000000000000
    4787      0.000000000000000000000000
    4788      0.000000000000000000000000
    4789      0.000000000000000000000000
    4790      0.000000000000000000000000
    4791      0.000000000000000000000000
    4792      0.000000000000000000000000
    4793      0.000000000000000000000000
    4794      0.000000000000000000000000
    4795      0.000000000000000000000000
    4796      0.000000000000000000000000
    4797      0.000000000000000000000000
    4798      0.000000000000000000000000
    4799      0.000000000000000000000000
    4800      0.000000000000000000000000
    4801      0.000000000000000000000000
    4802      0.000000000000000000000000
    4803      0.000000000000000000000000
    4804      0.000000000000000000000000
    4805      0.000000000000000000000000
    4806      0.000000000000000000000000
    4807      0.000000000000000000000000
    4808      0.000000000000000000000000
    4809      0.000000000000000000000000
    4810      0.000000000000000000000000
    4811      0.000000000000000000000000
    4812      0.000000000000000000000000
    4813      0.000000000000000000000000
    4814      0.000000000000000000000000
    4815      0.000000000000000000000000
    4816      0.000000000000000000000000
    4817      0.000000000000000000000000
    4818      0.000000000000000000000000
    4819      0.000000000000000000000000
    4820      0.000000000000000000000000
    4821      0.000000000000000000000000
    4822      0.000000000000000000000000
    4823      0.000000000000000000000000
    4824      0.000000000000000000000000
    4825      0.000000000000000000000000
    4826      0.000000000000000000000000
    4827      0.000000000000000000000000
    4828      0.000000000000000000000000
    4829      0.000000000000000000000000
    4830      0.000000000000000000000000
    4831      0.000000000000000000000000
    4832      0.000000000000000000000000
    4833      0.000000000000000000000000
    4834      0.000000000000000000000000
    4835      0.000000000000000000000000
    4836      0.000000000000000000000000
    4837      0.000000000000000000000000
    4838      0.000000000000000000000000
    4839      0.000000000000000000000000
    4840      0.000000000000000000000000
    4841      0.000000000000000000000000
    4842      0.000000000000000000000000
    4843      0.000000000000000000000000
    4844      0.000000000000000000000000
    4845      0.000000000000000000000000
    4846      0.000000000000000000000000
    4847      0.000000000000000000000000
    4848      0.000000000000000000000000
    4849      0.000000000000000000000000
    4850      0.000000000000000000000000
    4851      0.000000000000000000000000
    4852      0.000000000000000000000000
    4853      0.000000000000000000000000
    4854      0.000000000000000000000000
    4855      0.000000000000000000000000
    4856      0.000000000000000000000000
    4857      0.000000000000000000000000
    4858      0.000000000000000000000000
    4859      0.000000000000000000000000
    4860      0.000000000000000000000000
    4861      0.000000000000000000000000
    4862      0.000000000000000000000000
    4863      0.000000000000000000000000
    4864      0.000000000000000000000000
    4865      0.000000000000000000000000
    4866      0.000000000000000000000000
    4867      0.000000000000000000000000
    4868      0.000000000000000000000000
    4869      0.000000000000000000000000
    4870      0.000000000000000000000000
    4871      0.000000000000000000000000
    4872      0.000000000000000000000000
    4873      0.000000000000000000000000
    4874      0.000000000000000000000000
    4875      0.000000000000000000000000
    4876      0.000000000000000000000000
    4877      0.000000000000000000000000
    4878      0.000000000000000000000000
    4879      0.000000000000000000000000
    4880      0.000000000000000000000000
    4881      0.000000000000000000000000
    4882      0.000000000000000000000000
    4883      0.000000000000000000000000
    4884      0.000000000000000000000000
    4885      0.000000000000000000000000
    4886      0.000000000000000000000000
    4887      0.000000000000000000000000
    4888      0.000000000000000000000000
    4889      0.000000000000000000000000
    4890      0.000000000000000000000000
    4891      0.000000000000000000000000
    4892      0.000000000000000000000000
    4893      0.000000000000000000000000
    4894      0.000000000000000000000000
    4895      0.000000000000000000000000
    4896      0.000000000000000000000000
    4897      0.000000000000000000000000
    4898      0.000000000000000000000000
    4899      0.000000000000000000000000
    4900      0.000000000000000000000000
    4901      0.000000000000000000000000
    4902      0.000000000000000000000000
    4903      0.000000000000000000000000
    4904      0.000000000000000000000000
    4905      0.000000000000000000000000
    4906      0.000000000000000000000000
    4907      0.000000000000000000000000
    4908      0.000000000000000000000000
    4909      0.000000000000000000000000
    4910      0.000000000000000000000000
    4911      0.000000000000000000000000
    4912      0.000000000000000000000000
    4913      0.000000000000000000000000
    4914      0.000000000000000000000000
    4915      0.000000000000000000000000
    4916      0.000000000000000000000000
    4917      0.000000000000000000000000
    4918      0.000000000000000000000000
    4919      0.000000000000000000000000
    4920      0.000000000000000000000000
    4921      0.000000000000000000000000
    4922      0.000000000000000000000000
    4923      0.000000000000000000000000
    4924      0.000000000000000000000000
    4925      0.000000000000000000000000
    4926      0.000000000000000000000000
    4927      0.000000000000000000000000
    4928      0.000000000000000000000000
    4929      0.000000000000000000000000
    4930      0.000000000000000000000000
    4931      0.000000000000000000000000
    4932      0.000000000000000000000000
    4933      0.000000000000000000000000
    4934      0.000000000000000000000000
    4935      0.000000000000000000000000
    4936      0.000000000000000000000000
    4937      0.000000000000000000000000
    4938      0.000000000000000000000000
    4939      0.000000000000000000000000
    4940      0.000000000000000000000000
    4941      0.000000000000000000000000
    4942      0.000000000000000000000000
    4943      0.000000000000000000000000
    4944      0.000000000000000000000000
    4945      0.000000000000000000000000
    4946      0.000000000000000000000000
    4947      0.000000000000000000000000
    4948      0.000000000000000000000000
    4949      0.000000000000000000000000
    4950      0.000000000000000000000000
    4951      0.000000000000000000000000
    4952      0.000000000000000000000000
    4953      0.000000000000000000000000
    4954      0.000000000000000000000000
    4955      0.000000000000000000000000
    4956      0.000000000000000000000000
    4957      0.000000000000000000000000
    4958      0.000000000000000000000000
    4959      0.000000000000000000000000
    4960      0.000000000000000000000000
    4961      0.000000000000000000000000
    4962      0.000000000000000000000000
    4963      0.000000000000000000000000
    4964      0.000000000000000000000000
    4965      0.000000000000000000000000
    4966      0.000000000000000000000000
    4967      0.000000000000000000000000
    4968      0.000000000000000000000000
    4969      0.000000000000000000000000
    4970      0.000000000000000000000000
    4971      0.000000000000000000000000
    4972      0.000000000000000000000000
    4973      0.000000000000000000000000
    4974      0.000000000000000000000000
    4975      0.000000000000000000000000
    4976      0.000000000000000000000000
    4977      0.000000000000000000000000
    4978      0.000000000000000000000000
    4979      0.000000000000000000000000
    4980      0.000000000000000000000000
    4981      0.000000000000000000000000
    4982      0.000000000000000000000000
    4983      0.000000000000000000000000
    4984      0.000000000000000000000000
    4985      0.000000000000000000000000
    4986      0.000000000000000000000000
    4987      0.000000000000000000000000
    4988      0.000000000000000000000000
    4989      0.000000000000000000000000
    4990      0.000000000000000000000000
    4991      0.000000000000000000000000
    4992      0.000000000000000000000000
    4993      0.000000000000000000000000
    4994      0.000000000000000000000000
    4995      0.000000000000000000000000
    4996      0.000000000000000000000000
    4997      0.000000000000000000000000
    4998      0.000000000000000000000000
    4999      0.000000000000000000000000
    5000      0.000000000000000000000000
    5001      0.000000000000000000000000
    5002      0.000000000000000000000000
    5003      0.000000000000000000000000
    5004      0.000000000000000000000000
    5005      0.000000000000000000000000
    5006      0.000000000000000000000000
    5007      0.000000000000000000000000
    5008      0.000000000000000000000000
    5009      0.000000000000000000000000
    5010      0.000000000000000000000000
    5011      0.000000000000000000000000
    5012      0.000000000000000000000000
    5013      0.000000000000000000000000
    5014      0.000000000000000000000000
    5015      0.000000000000000000000000
    5016      0.000000000000000000000000
    5017      0.000000000000000000000000
    5018      0.000000000000000000000000
    5019      0.000000000000000000000000
    5020      0.000000000000000000000000
    5021      0.000000000000000000000000
    5022      0.000000000000000000000000
    5023      0.000000000000000000000000
    5024      0.000000000000000000000000
    5025      0.000000000000000000000000
    5026      0.000000000000000000000000
    5027      0.000000000000000000000000
    5028      0.000000000000000000000000
    5029      0.000000000000000000000000
    5030      0.000000000000000000000000
    5031      0.000000000000000000000000
    5032      0.000000000000000000000000
    5033      0.000000000000000000000000
    5034      0.000000000000000000000000
    5035      0.000000000000000000000000
    5036      0.000000000000000000000000
    5037      0.000000000000000000000000
    5038      0.000000000000000000000000
    5039      0.000000000000000000000000
    5040      0.000000000000000000000000
    5041      0.000000000000000000000000
    5042      0.000000000000000000000000
    5043      0.000000000000000000000000
    5044      0.000000000000000000000000
    5045      0.000000000000000000000000
    5046      0.000000000000000000000000
    5047      0.000000000000000000000000
    5048      0.000000000000000000000000
    5049      0.000000000000000000000000
    5050      0.000000000000000000000000
    5051      0.000000000000000000000000
    5052      0.000000000000000000000000
    5053      0.000000000000000000000000
    5054      0.000000000000000000000000
    5055      0.000000000000000000000000
    5056      0.000000000000000000000000
    5057      0.000000000000000000000000
    5058      0.000000000000000000000000
    5059      0.000000000000000000000000
    5060      0.000000000000000000000000
    5061      0.000000000000000000000000
    5062      0.000000000000000000000000
    5063      0.000000000000000000000000
    5064      0.000000000000000000000000
    5065      0.000000000000000000000000
    5066      0.000000000000000000000000
    5067      0.000000000000000000000000
    5068      0.000000000000000000000000
    5069      0.000000000000000000000000
    5070      0.000000000000000000000000
    5071      0.000000000000000000000000
    5072      0.000000000000000000000000
    5073      0.000000000000000000000000
    5074      0.000000000000000000000000
    5075      0.000000000000000000000000
    5076      0.000000000000000000000000
    5077      0.000000000000000000000000
    5078      0.000000000000000000000000
    5079      0.000000000000000000000000
    5080      0.000000000000000000000000
    5081      0.000000000000000000000000
    5082      0.000000000000000000000000
    5083      0.000000000000000000000000
    5084      0.000000000000000000000000
    5085      0.000000000000000000000000
    5086      0.000000000000000000000000
    5087      0.000000000000000000000000
    5088      0.000000000000000000000000
    5089      0.000000000000000000000000
    5090      0.000000000000000000000000
    5091      0.000000000000000000000000
    5092      0.000000000000000000000000
    5093      0.000000000000000000000000
    5094      0.000000000000000000000000
    5095      0.000000000000000000000000
    5096      0.000000000000000000000000
    5097      0.000000000000000000000000
    5098      0.000000000000000000000000
    5099      0.000000000000000000000000
    5100      0.000000000000000000000000
    5101      0.000000000000000000000000
    5102      0.000000000000000000000000
    5103      0.000000000000000000000000
    5104      0.000000000000000000000000
    5105      0.000000000000000000000000
    5106      0.000000000000000000000000
    5107      0.000000000000000000000000
    5108      0.000000000000000000000000
    5109      0.000000000000000000000000
    5110      0.000000000000000000000000
    5111      0.000000000000000000000000
    5112      0.000000000000000000000000
    5113      0.000000000000000000000000
    5114      0.000000000000000000000000
    5115      0.000000000000000000000000
    5116      0.000000000000000000000000
    5117      0.000000000000000000000000
    5118      0.000000000000000000000000
    5119      0.000000000000000000000000
    5120      0.000000000000000000000000
    5121      0.000000000000000000000000
    5122      0.000000000000000000000000
    5123      0.000000000000000000000000
    5124      0.000000000000000000000000
    5125      0.000000000000000000000000
    5126      0.000000000000000000000000
    5127      0.000000000000000000000000
    5128      0.000000000000000000000000
    5129      0.000000000000000000000000
    5130      0.000000000000000000000000
    5131      0.000000000000000000000000
    5132      0.000000000000000000000000
    5133      0.000000000000000000000000
    5134      0.000000000000000000000000
    5135      0.000000000000000000000000
    5136      0.000000000000000000000000
    5137      0.000000000000000000000000
    5138      0.000000000000000000000000
    5139      0.000000000000000000000000
    5140      0.000000000000000000000000
    5141      0.000000000000000000000000
    5142      0.000000000000000000000000
    5143      0.000000000000000000000000
    5144      0.000000000000000000000000
    5145      0.000000000000000000000000
    5146      0.000000000000000000000000
    5147      0.000000000000000000000000
    5148      0.000000000000000000000000
    5149      0.000000000000000000000000
    5150      0.000000000000000000000000
    5151      0.000000000000000000000000
    5152      0.000000000000000000000000
    5153      0.000000000000000000000000
    5154      0.000000000000000000000000
    5155      0.000000000000000000000000
    5156      0.000000000000000000000000
    5157      0.000000000000000000000000
    5158      0.000000000000000000000000
    5159      0.000000000000000000000000
    5160      0.000000000000000000000000
    5161      0.000000000000000000000000
    5162      0.000000000000000000000000
    5163      0.000000000000000000000000
    5164      0.000000000000000000000000
    5165      0.000000000000000000000000
    5166      0.000000000000000000000000
    5167      0.000000000000000000000000
    5168      0.000000000000000000000000
    5169      0.000000000000000000000000
    5170      0.000000000000000000000000
    5171      0.000000000000000000000000
    5172      0.000000000000000000000000
    5173      0.000000000000000000000000
    5174      0.000000000000000000000000
    5175      0.000000000000000000000000
    5176      0.000000000000000000000000
    5177      0.000000000000000000000000
    5178      0.000000000000000000000000
    5179      0.000000000000000000000000
    5180      0.000000000000000000000000
    5181      0.000000000000000000000000
    5182      0.000000000000000000000000
    5183      0.000000000000000000000000
    5184      0.000000000000000000000000
    5185      0.000000000000000000000000
    5186      0.000000000000000000000000
    5187      0.000000000000000000000000
    5188      0.000000000000000000000000
    5189      0.000000000000000000000000
    5190      0.000000000000000000000000
    5191      0.000000000000000000000000
    5192      0.000000000000000000000000
    5193      0.000000000000000000000000
    5194      0.000000000000000000000000
    5195      0.000000000000000000000000
    5196      0.000000000000000000000000
    5197      0.000000000000000000000000
    5198      0.000000000000000000000000
    5199      0.000000000000000000000000
    5200      0.000000000000000000000000
    5201      0.000000000000000000000000
    5202      0.000000000000000000000000
    5203      0.000000000000000000000000
    5204      0.000000000000000000000000
    5205      0.000000000000000000000000
    5206      0.000000000000000000000000
    5207      0.000000000000000000000000
    5208      0.000000000000000000000000
    5209      0.000000000000000000000000
    5210      0.000000000000000000000000
    5211      0.000000000000000000000000
    5212      0.000000000000000000000000
    5213      0.000000000000000000000000
    5214      0.000000000000000000000000
    5215      0.000000000000000000000000
    5216      0.000000000000000000000000
    5217      0.000000000000000000000000
    5218      0.000000000000000000000000
    5219      0.000000000000000000000000
    5220      0.000000000000000000000000
    5221      0.000000000000000000000000
    5222      0.000000000000000000000000
    5223      0.000000000000000000000000
    5224      0.000000000000000000000000
    5225      0.000000000000000000000000
    5226      0.000000000000000000000000
    5227      0.000000000000000000000000
    5228      0.000000000000000000000000
    5229      0.000000000000000000000000
    5230      0.000000000000000000000000
    5231      0.000000000000000000000000
    5232      0.000000000000000000000000
    5233      0.000000000000000000000000
    5234      0.000000000000000000000000
    5235      0.000000000000000000000000
    5236      0.000000000000000000000000
    5237      0.000000000000000000000000
    5238      0.000000000000000000000000
    5239      0.000000000000000000000000
    5240      0.000000000000000000000000
    5241      0.000000000000000000000000
    5242      0.000000000000000000000000
    5243      0.000000000000000000000000
    5244      0.000000000000000000000000
    5245      0.000000000000000000000000
    5246      0.000000000000000000000000
    5247      0.000000000000000000000000
    5248      0.000000000000000000000000
    5249      0.000000000000000000000000
    5250      0.000000000000000000000000
    5251      0.000000000000000000000000
    5252      0.000000000000000000000000
    5253      0.000000000000000000000000
    5254      0.000000000000000000000000
    5255      0.000000000000000000000000
    5256      0.000000000000000000000000
    5257      0.000000000000000000000000
    5258      0.000000000000000000000000
    5259      0.000000000000000000000000
    5260      0.000000000000000000000000
    5261      0.000000000000000000000000
    5262      0.000000000000000000000000
    5263      0.000000000000000000000000
    5264      0.000000000000000000000000
    5265      0.000000000000000000000000
    5266      0.000000000000000000000000
    5267      0.000000000000000000000000
    5268      0.000000000000000000000000
    5269      0.000000000000000000000000
    5270      0.000000000000000000000000
    5271      0.000000000000000000000000
    5272      0.000000000000000000000000
    5273      0.000000000000000000000000
    5274      0.000000000000000000000000
    5275      0.000000000000000000000000
    5276      0.000000000000000000000000
    5277      0.000000000000000000000000
    5278      0.000000000000000000000000
    5279      0.000000000000000000000000
    5280      0.000000000000000000000000
    5281      0.000000000000000000000000
    5282      0.000000000000000000000000
    5283      0.000000000000000000000000
    5284      0.000000000000000000000000
    5285      0.000000000000000000000000
    5286      0.000000000000000000000000
    5287      0.000000000000000000000000
    5288      0.000000000000000000000000
    5289      0.000000000000000000000000
    5290      0.000000000000000000000000
    5291      0.000000000000000000000000
    5292      0.000000000000000000000000
    5293      0.000000000000000000000000
    5294      0.000000000000000000000000
    5295      0.000000000000000000000000
    5296      0.000000000000000000000000
    5297      0.000000000000000000000000
    5298      0.000000000000000000000000
    5299      0.000000000000000000000000
    5300      0.000000000000000000000000
    5301      0.000000000000000000000000
    5302      0.000000000000000000000000
    5303      0.000000000000000000000000
    5304      0.000000000000000000000000
    5305      0.000000000000000000000000
    5306      0.000000000000000000000000
    5307      0.000000000000000000000000
    5308      0.000000000000000000000000
    5309      0.000000000000000000000000
    5310      0.000000000000000000000000
    5311      0.000000000000000000000000
    5312      0.000000000000000000000000
    5313      0.000000000000000000000000
    5314      0.000000000000000000000000
    5315      0.000000000000000000000000
    5316      0.000000000000000000000000
    5317      0.000000000000000000000000
    5318      0.000000000000000000000000
    5319      0.000000000000000000000000
    5320      0.000000000000000000000000
    5321      0.000000000000000000000000
    5322      0.000000000000000000000000
    5323      0.000000000000000000000000
    5324      0.000000000000000000000000
    5325      0.000000000000000000000000
    5326      0.000000000000000000000000
    5327      0.000000000000000000000000
    5328      0.000000000000000000000000
    5329      0.000000000000000000000000
    5330      0.000000000000000000000000
    5331      0.000000000000000000000000
    5332      0.000000000000000000000000
    5333      0.000000000000000000000000
    5334      0.000000000000000000000000
    5335      0.000000000000000000000000
    5336      0.000000000000000000000000
    5337      0.000000000000000000000000
    5338      0.000000000000000000000000
    5339      0.000000000000000000000000
    5340      0.000000000000000000000000
    5341      0.000000000000000000000000
    5342      0.000000000000000000000000
    5343      0.000000000000000000000000
    5344      0.000000000000000000000000
    5345      0.000000000000000000000000
    5346      0.000000000000000000000000
    5347      0.000000000000000000000000
    5348      0.000000000000000000000000
    5349      0.000000000000000000000000
    5350      0.000000000000000000000000
    5351      0.000000000000000000000000
    5352      0.000000000000000000000000
    5353      0.000000000000000000000000
    5354      0.000000000000000000000000
    5355      0.000000000000000000000000
    5356      0.000000000000000000000000
    5357      0.000000000000000000000000
    5358      0.000000000000000000000000
    5359      0.000000000000000000000000
    5360      0.000000000000000000000000
    5361      0.000000000000000000000000
    5362      0.000000000000000000000000
    5363      0.000000000000000000000000
    5364      0.000000000000000000000000
    5365      0.000000000000000000000000
    5366      0.000000000000000000000000
    5367      0.000000000000000000000000
    5368      0.000000000000000000000000
    5369      0.000000000000000000000000
    5370      0.000000000000000000000000
    5371      0.000000000000000000000000
    5372      0.000000000000000000000000
    5373      0.000000000000000000000000
    5374      0.000000000000000000000000
    5375      0.000000000000000000000000
    5376      0.000000000000000000000000
    5377      0.000000000000000000000000
    5378      0.000000000000000000000000
    5379      0.000000000000000000000000
    5380      0.000000000000000000000000
    5381      0.000000000000000000000000
    5382      0.000000000000000000000000
    5383      0.000000000000000000000000
    5384      0.000000000000000000000000
    5385      0.000000000000000000000000
    5386      0.000000000000000000000000
    5387      0.000000000000000000000000
    5388      0.000000000000000000000000
    5389      0.000000000000000000000000
    5390      0.000000000000000000000000
    5391      0.000000000000000000000000
    5392      0.000000000000000000000000
    5393      0.000000000000000000000000
    5394      0.000000000000000000000000
    5395      0.000000000000000000000000
    5396      0.000000000000000000000000
    5397      0.000000000000000000000000
    5398      0.000000000000000000000000
    5399      0.000000000000000000000000
    5400      0.000000000000000000000000
    5401      0.000000000000000000000000
    5402      0.000000000000000000000000
    5403      0.000000000000000000000000
    5404      0.000000000000000000000000
    5405      0.000000000000000000000000
    5406      0.000000000000000000000000
    5407      0.000000000000000000000000
    5408      0.000000000000000000000000
    5409      0.000000000000000000000000
    5410      0.000000000000000000000000
    5411      0.000000000000000000000000
    5412      0.000000000000000000000000
    5413      0.000000000000000000000000
    5414      0.000000000000000000000000
    5415      0.000000000000000000000000
    5416      0.000000000000000000000000
    5417      0.000000000000000000000000
    5418      0.000000000000000000000000
    5419      0.000000000000000000000000
    5420      0.000000000000000000000000
    5421      0.000000000000000000000000
    5422      0.000000000000000000000000
    5423      0.000000000000000000000000
    5424      0.000000000000000000000000
    5425      0.000000000000000000000000
    5426      0.000000000000000000000000
    5427      0.000000000000000000000000
    5428      0.000000000000000000000000
    5429      0.000000000000000000000000
    5430      0.000000000000000000000000
    5431      0.000000000000000000000000
    5432      0.000000000000000000000000
    5433      0.000000000000000000000000
    5434      0.000000000000000000000000
    5435      0.000000000000000000000000
    5436      0.000000000000000000000000
    5437      0.000000000000000000000000
    5438      0.000000000000000000000000
    5439      0.000000000000000000000000
    5440      0.000000000000000000000000
    5441      0.000000000000000000000000
    5442      0.000000000000000000000000
    5443      0.000000000000000000000000
    5444      0.000000000000000000000000
    5445      0.000000000000000000000000
    5446      0.000000000000000000000000
    5447      0.000000000000000000000000
    5448      0.000000000000000000000000
    5449      0.000000000000000000000000
    5450      0.000000000000000000000000
    5451      0.000000000000000000000000
    5452      0.000000000000000000000000
    5453      0.000000000000000000000000
    5454      0.000000000000000000000000
    5455      0.000000000000000000000000
    5456      0.000000000000000000000000
    5457      0.000000000000000000000000
    5458      0.000000000000000000000000
    5459      0.000000000000000000000000
    5460      0.000000000000000000000000
    5461      0.000000000000000000000000
    5462      0.000000000000000000000000
    5463      0.000000000000000000000000
    5464      0.000000000000000000000000
    5465      0.000000000000000000000000
    5466      0.000000000000000000000000
    5467      0.000000000000000000000000
    5468      0.000000000000000000000000
    5469      0.000000000000000000000000
    5470      0.000000000000000000000000
    5471      0.000000000000000000000000
    5472      0.000000000000000000000000
    5473      0.000000000000000000000000
    5474      0.000000000000000000000000
    5475      0.000000000000000000000000
    5476      0.000000000000000000000000
    5477      0.000000000000000000000000
    5478      0.000000000000000000000000
    5479      0.000000000000000000000000
    5480      0.000000000000000000000000
    5481      0.000000000000000000000000
    5482      0.000000000000000000000000
    5483      0.000000000000000000000000
    5484      0.000000000000000000000000
    5485      0.000000000000000000000000
    5486      0.000000000000000000000000
    5487      0.000000000000000000000000
    5488      0.000000000000000000000000
    5489      0.000000000000000000000000
    5490      0.000000000000000000000000
    5491      0.000000000000000000000000
    5492      0.000000000000000000000000
    5493      0.000000000000000000000000
    5494      0.000000000000000000000000
    5495      0.000000000000000000000000
    5496      0.000000000000000000000000
    5497      0.000000000000000000000000
    5498      0.000000000000000000000000
    5499      0.000000000000000000000000
    5500      0.000000000000000000000000
    5501      0.000000000000000000000000
    5502      0.000000000000000000000000
    5503      0.000000000000000000000000
    5504      0.000000000000000000000000
    5505      0.000000000000000000000000
    5506      0.000000000000000000000000
    5507      0.000000000000000000000000
    5508      0.000000000000000000000000
    5509      0.000000000000000000000000
    5510      0.000000000000000000000000
    5511      0.000000000000000000000000
    5512      0.000000000000000000000000
    5513      0.000000000000000000000000
    5514      0.000000000000000000000000
    5515      0.000000000000000000000000
    5516      0.000000000000000000000000
    5517      0.000000000000000000000000
    5518      0.000000000000000000000000
    5519      0.000000000000000000000000
    5520      0.000000000000000000000000
    5521      0.000000000000000000000000
    5522      0.000000000000000000000000
    5523      0.000000000000000000000000
    5524      0.000000000000000000000000
    5525      0.000000000000000000000000
    5526      0.000000000000000000000000
    5527      0.000000000000000000000000
    5528      0.000000000000000000000000
    5529      0.000000000000000000000000
    5530      0.000000000000000000000000
    5531      0.000000000000000000000000
    5532      0.000000000000000000000000
    5533      0.000000000000000000000000
    5534      0.000000000000000000000000
    5535      0.000000000000000000000000
    5536      0.000000000000000000000000
    5537      0.000000000000000000000000
    5538      0.000000000000000000000000
    5539      0.000000000000000000000000
    5540      0.000000000000000000000000
    5541      0.000000000000000000000000
    5542      0.000000000000000000000000
    5543      0.000000000000000000000000
    5544      0.000000000000000000000000
    5545      0.000000000000000000000000
    5546      0.000000000000000000000000
    5547      0.000000000000000000000000
    5548      0.000000000000000000000000
    5549      0.000000000000000000000000
    5550      0.000000000000000000000000
    5551      0.000000000000000000000000
    5552      0.000000000000000000000000
    5553      0.000000000000000000000000
    5554      0.000000000000000000000000
    5555      0.000000000000000000000000
    5556      0.000000000000000000000000
    5557      0.000000000000000000000000
    5558      0.000000000000000000000000
    5559      0.000000000000000000000000
    5560      0.000000000000000000000000
    5561      0.000000000000000000000000
    5562      0.000000000000000000000000
    5563      0.000000000000000000000000
    5564      0.000000000000000000000000
    5565      0.000000000000000000000000
    5566      0.000000000000000000000000
    5567      0.000000000000000000000000
    5568      0.000000000000000000000000
    5569      0.000000000000000000000000
    5570      0.000000000000000000000000
    5571      0.000000000000000000000000
    5572      0.000000000000000000000000
    5573      0.000000000000000000000000
    5574      0.000000000000000000000000
    5575      0.000000000000000000000000
    5576      0.000000000000000000000000
    5577      0.000000000000000000000000
    5578      0.000000000000000000000000
    5579      0.000000000000000000000000
    5580      0.000000000000000000000000
    5581      0.000000000000000000000000
    5582      0.000000000000000000000000
    5583      0.000000000000000000000000
    5584      0.000000000000000000000000
    5585      0.000000000000000000000000
    5586      0.000000000000000000000000
    5587      0.000000000000000000000000
    5588      0.000000000000000000000000
    5589      0.000000000000000000000000
    5590      0.000000000000000000000000
    5591      0.000000000000000000000000
    5592      0.000000000000000000000000
    5593      0.000000000000000000000000
    5594      0.000000000000000000000000
    5595      0.000000000000000000000000
    5596      0.000000000000000000000000
    5597      0.000000000000000000000000
    5598      0.000000000000000000000000
    5599      0.000000000000000000000000
    5600      0.000000000000000000000000
    5601      0.000000000000000000000000
    5602      0.000000000000000000000000
    5603      0.000000000000000000000000
    5604      0.000000000000000000000000
    5605      0.000000000000000000000000
    5606      0.000000000000000000000000
    5607      0.000000000000000000000000
    5608      0.000000000000000000000000
    5609      0.000000000000000000000000
    5610      0.000000000000000000000000
    5611      0.000000000000000000000000
    5612      0.000000000000000000000000
    5613      0.000000000000000000000000
    5614      0.000000000000000000000000
    5615      0.000000000000000000000000
    5616      0.000000000000000000000000
    5617      0.000000000000000000000000
    5618      0.000000000000000000000000
    5619      0.000000000000000000000000
    5620      0.000000000000000000000000
    5621      0.000000000000000000000000
    5622      0.000000000000000000000000
    5623      0.000000000000000000000000
    5624      0.000000000000000000000000
    5625      0.000000000000000000000000
    5626      0.000000000000000000000000
    5627      0.000000000000000000000000
    5628      0.000000000000000000000000
    5629      0.000000000000000000000000
    5630      0.000000000000000000000000
    5631      0.000000000000000000000000
    5632      0.000000000000000000000000
    5633      0.000000000000000000000000
    5634      0.000000000000000000000000
    5635      0.000000000000000000000000
    5636      0.000000000000000000000000
    5637      0.000000000000000000000000
    5638      0.000000000000000000000000
    5639      0.000000000000000000000000
    5640      0.000000000000000000000000
    5641      0.000000000000000000000000
    5642      0.000000000000000000000000
    5643      0.000000000000000000000000
    5644      0.000000000000000000000000
    5645      0.000000000000000000000000
    5646      0.000000000000000000000000
    5647      0.000000000000000000000000
    5648      0.000000000000000000000000
    5649      0.000000000000000000000000
    5650      0.000000000000000000000000
    5651      0.000000000000000000000000
    5652      0.000000000000000000000000
    5653      0.000000000000000000000000
    5654      0.000000000000000000000000
    5655      0.000000000000000000000000
    5656      0.000000000000000000000000
    5657      0.000000000000000000000000
    5658      0.000000000000000000000000
    5659      0.000000000000000000000000
    5660      0.000000000000000000000000
    5661      0.000000000000000000000000
    5662      0.000000000000000000000000
    5663      0.000000000000000000000000
    5664      0.000000000000000000000000
    5665      0.000000000000000000000000
    5666      0.000000000000000000000000
    5667      0.000000000000000000000000
    5668      0.000000000000000000000000
    5669      0.000000000000000000000000
    5670      0.000000000000000000000000
    5671      0.000000000000000000000000
    5672      0.000000000000000000000000
    5673      0.000000000000000000000000
    5674      0.000000000000000000000000
    5675      0.000000000000000000000000
    5676      0.000000000000000000000000
    5677      0.000000000000000000000000
    5678      0.000000000000000000000000
    5679      0.000000000000000000000000
    5680      0.000000000000000000000000
    5681      0.000000000000000000000000
    5682      0.000000000000000000000000
    5683      0.000000000000000000000000
    5684      0.000000000000000000000000
    5685      0.000000000000000000000000
    5686      0.000000000000000000000000
    5687      0.000000000000000000000000
    5688      0.000000000000000000000000
    5689      0.000000000000000000000000
    5690      0.000000000000000000000000
    5691      0.000000000000000000000000
    5692      0.000000000000000000000000
    5693      0.000000000000000000000000
    5694      0.000000000000000000000000
    5695      0.000000000000000000000000
    5696      0.000000000000000000000000
    5697      0.000000000000000000000000
    5698      0.000000000000000000000000
    5699      0.000000000000000000000000
    5700      0.000000000000000000000000
    5701      0.000000000000000000000000
    5702      0.000000000000000000000000
    5703      0.000000000000000000000000
    5704      0.000000000000000000000000
    5705      0.000000000000000000000000
    5706      0.000000000000000000000000
    5707      0.000000000000000000000000
    5708      0.000000000000000000000000
    5709      0.000000000000000000000000
    5710      0.000000000000000000000000
    5711      0.000000000000000000000000
    5712      0.000000000000000000000000
    5713      0.000000000000000000000000
    5714      0.000000000000000000000000
    5715      0.000000000000000000000000
    5716      0.000000000000000000000000
    5717      0.000000000000000000000000
    5718      0.000000000000000000000000
    5719      0.000000000000000000000000
    5720      0.000000000000000000000000
    5721      0.000000000000000000000000
    5722      0.000000000000000000000000
    5723      0.000000000000000000000000
    5724      0.000000000000000000000000
    5725      0.000000000000000000000000
    5726      0.000000000000000000000000
    5727      0.000000000000000000000000
    5728      0.000000000000000000000000
    5729      0.000000000000000000000000
    5730      0.000000000000000000000000
    5731      0.000000000000000000000000
    5732      0.000000000000000000000000
    5733      0.000000000000000000000000
    5734      0.000000000000000000000000
    5735      0.000000000000000000000000
    5736      0.000000000000000000000000
    5737      0.000000000000000000000000
    5738      0.000000000000000000000000
    5739      0.000000000000000000000000
    5740      0.000000000000000000000000
    5741      0.000000000000000000000000
    5742      0.000000000000000000000000
    5743      0.000000000000000000000000
    5744      0.000000000000000000000000
    5745      0.000000000000000000000000
    5746      0.000000000000000000000000
    5747      0.000000000000000000000000
    5748      0.000000000000000000000000
    5749      0.000000000000000000000000
    5750      0.000000000000000000000000
    5751      0.000000000000000000000000
    5752      0.000000000000000000000000
    5753      0.000000000000000000000000
    5754      0.000000000000000000000000
    5755      0.000000000000000000000000
    5756      0.000000000000000000000000
    5757      0.000000000000000000000000
    5758      0.000000000000000000000000
    5759      0.000000000000000000000000
    5760      0.000000000000000000000000
    5761      0.000000000000000000000000
    5762      0.000000000000000000000000
    5763      0.000000000000000000000000
    5764      0.000000000000000000000000
    5765      0.000000000000000000000000
    5766      0.000000000000000000000000
    5767      0.000000000000000000000000
    5768      0.000000000000000000000000
    5769      0.000000000000000000000000
    5770      0.000000000000000000000000
    5771      0.000000000000000000000000
    5772      0.000000000000000000000000
    5773      0.000000000000000000000000
    5774      0.000000000000000000000000
    5775      0.000000000000000000000000
    5776      0.000000000000000000000000
    5777      0.000000000000000000000000
    5778      0.000000000000000000000000
    5779      0.000000000000000000000000
    5780      0.000000000000000000000000
    5781      0.000000000000000000000000
    5782      0.000000000000000000000000
    5783      0.000000000000000000000000
    5784      0.000000000000000000000000
    5785      0.000000000000000000000000
    5786      0.000000000000000000000000
    5787      0.000000000000000000000000
    5788      0.000000000000000000000000
    5789      0.000000000000000000000000
    5790      0.000000000000000000000000
    5791      0.000000000000000000000000
    5792      0.000000000000000000000000
    5793      0.000000000000000000000000
    5794      0.000000000000000000000000
    5795      0.000000000000000000000000
    5796      0.000000000000000000000000
    5797      0.000000000000000000000000
    5798      0.000000000000000000000000
    5799      0.000000000000000000000000
    5800      0.000000000000000000000000
    5801      0.000000000000000000000000
    5802      0.000000000000000000000000
    5803      0.000000000000000000000000
    5804      0.000000000000000000000000
    5805      0.000000000000000000000000
    5806      0.000000000000000000000000
    5807      0.000000000000000000000000
    5808      0.000000000000000000000000
    5809      0.000000000000000000000000
    5810      0.000000000000000000000000
    5811      0.000000000000000000000000
    5812      0.000000000000000000000000
    5813      0.000000000000000000000000
    5814      0.000000000000000000000000
    5815      0.000000000000000000000000
    5816      0.000000000000000000000000
    5817      0.000000000000000000000000
    5818      0.000000000000000000000000
    5819      0.000000000000000000000000
    5820      0.000000000000000000000000
    5821      0.000000000000000000000000
    5822      0.000000000000000000000000
    5823      0.000000000000000000000000
    5824      0.000000000000000000000000
    5825      0.000000000000000000000000
    5826      0.000000000000000000000000
    5827      0.000000000000000000000000
    5828      0.000000000000000000000000
    5829      0.000000000000000000000000
    5830      0.000000000000000000000000
    5831      0.000000000000000000000000
    5832      0.000000000000000000000000
    5833      0.000000000000000000000000
    5834      0.000000000000000000000000
    5835      0.000000000000000000000000
    5836      0.000000000000000000000000
    5837      0.000000000000000000000000
    5838      0.000000000000000000000000
    5839      0.000000000000000000000000
    5840      0.000000000000000000000000
    5841      0.000000000000000000000000
    5842      0.000000000000000000000000
    5843      0.000000000000000000000000
    5844      0.000000000000000000000000
    5845      0.000000000000000000000000
    5846      0.000000000000000000000000
    5847      0.000000000000000000000000
    5848      0.000000000000000000000000
    5849      0.000000000000000000000000
    5850      0.000000000000000000000000
    5851      0.000000000000000000000000
    5852      0.000000000000000000000000
    5853      0.000000000000000000000000
    5854      0.000000000000000000000000
    5855      0.000000000000000000000000
    5856      0.000000000000000000000000
    5857      0.000000000000000000000000
    5858      0.000000000000000000000000
    5859      0.000000000000000000000000
    5860      0.000000000000000000000000
    5861      0.000000000000000000000000
    5862      0.000000000000000000000000
    5863      0.000000000000000000000000
    5864      0.000000000000000000000000
    5865      0.000000000000000000000000
    5866      0.000000000000000000000000
    5867      0.000000000000000000000000
    5868      0.000000000000000000000000
    5869      0.000000000000000000000000
    5870      0.000000000000000000000000
    5871      0.000000000000000000000000
    5872      0.000000000000000000000000
    5873      0.000000000000000000000000
    5874      0.000000000000000000000000
    5875      0.000000000000000000000000
    5876      0.000000000000000000000000
    5877      0.000000000000000000000000
    5878      0.000000000000000000000000
    5879      0.000000000000000000000000
    5880      0.000000000000000000000000
    5881      0.000000000000000000000000
    5882      0.000000000000000000000000
    5883      0.000000000000000000000000
    5884      0.000000000000000000000000
    5885      0.000000000000000000000000
    5886      0.000000000000000000000000
    5887      0.000000000000000000000000
    5888      0.000000000000000000000000
    5889      0.000000000000000000000000
    5890      0.000000000000000000000000
    5891      0.000000000000000000000000
    5892      0.000000000000000000000000
    5893      0.000000000000000000000000
    5894      0.000000000000000000000000
    5895      0.000000000000000000000000
    5896      0.000000000000000000000000
    5897      0.000000000000000000000000
    5898      0.000000000000000000000000
    5899      0.000000000000000000000000
    5900      0.000000000000000000000000
    5901      0.000000000000000000000000
    5902      0.000000000000000000000000
    5903      0.000000000000000000000000
    5904      0.000000000000000000000000
    5905      0.000000000000000000000000
    5906      0.000000000000000000000000
    5907      0.000000000000000000000000
    5908      0.000000000000000000000000
    5909      0.000000000000000000000000
    5910      0.000000000000000000000000
    5911      0.000000000000000000000000
    5912      0.000000000000000000000000
    5913      0.000000000000000000000000
    5914      0.000000000000000000000000
    5915      0.000000000000000000000000
    5916      0.000000000000000000000000
    5917      0.000000000000000000000000
    5918      0.000000000000000000000000
    5919      0.000000000000000000000000
    5920      0.000000000000000000000000
    5921      0.000000000000000000000000
    5922      0.000000000000000000000000
    5923      0.000000000000000000000000
    5924      0.000000000000000000000000
    5925      0.000000000000000000000000
    5926      0.000000000000000000000000
    5927      0.000000000000000000000000
    5928      0.000000000000000000000000
    5929      0.000000000000000000000000
    5930      0.000000000000000000000000
    5931      0.000000000000000000000000
    5932      0.000000000000000000000000
    5933      0.000000000000000000000000
    5934      0.000000000000000000000000
    5935      0.000000000000000000000000
    5936      0.000000000000000000000000
    5937      0.000000000000000000000000
    5938      0.000000000000000000000000
    5939      0.000000000000000000000000
    5940      0.000000000000000000000000
    5941      0.000000000000000000000000
    5942      0.000000000000000000000000
    5943      0.000000000000000000000000
    5944      0.000000000000000000000000
    5945      0.000000000000000000000000
    5946      0.000000000000000000000000
    5947      0.000000000000000000000000
    5948      0.000000000000000000000000
    5949      0.000000000000000000000000
    5950      0.000000000000000000000000
    5951      0.000000000000000000000000
    5952      0.000000000000000000000000
    5953      0.000000000000000000000000
    5954      0.000000000000000000000000
    5955      0.000000000000000000000000
    5956      0.000000000000000000000000
    5957      0.000000000000000000000000
    5958      0.000000000000000000000000
    5959      0.000000000000000000000000
    5960      0.000000000000000000000000
    5961      0.000000000000000000000000
    5962      0.000000000000000000000000
    5963      0.000000000000000000000000
    5964      0.000000000000000000000000
    5965      0.000000000000000000000000
    5966      0.000000000000000000000000
    5967      0.000000000000000000000000
    5968      0.000000000000000000000000
    5969      0.000000000000000000000000
    5970      0.000000000000000000000000
    5971      0.000000000000000000000000
    5972      0.000000000000000000000000
    5973      0.000000000000000000000000
    5974      0.000000000000000000000000
    5975      0.000000000000000000000000
    5976      0.000000000000000000000000
    5977      0.000000000000000000000000
    5978      0.000000000000000000000000
    5979      0.000000000000000000000000
    5980      0.000000000000000000000000
    5981      0.000000000000000000000000
    5982      0.000000000000000000000000
    5983      0.000000000000000000000000
    5984      0.000000000000000000000000
    5985      0.000000000000000000000000
    5986      0.000000000000000000000000
    5987      0.000000000000000000000000
    5988      0.000000000000000000000000
    5989      0.000000000000000000000000
    5990      0.000000000000000000000000
    5991      0.000000000000000000000000
    5992      0.000000000000000000000000
    5993      0.000000000000000000000000
    5994      0.000000000000000000000000
    5995      0.000000000000000000000000
    5996      0.000000000000000000000000
    5997      0.000000000000000000000000
    5998      0.000000000000000000000000
    5999      0.000000000000000000000000
    6000      0.000000000000000000000000
    6001      0.000000000000000000000000
    6002      0.000000000000000000000000
    6003      0.000000000000000000000000
    6004      0.000000000000000000000000
    6005      0.000000000000000000000000
    6006      0.000000000000000000000000
    6007      0.000000000000000000000000
    6008      0.000000000000000000000000
    6009      0.000000000000000000000000
    6010      0.000000000000000000000000
    6011      0.000000000000000000000000
    6012      0.000000000000000000000000
    6013      0.000000000000000000000000
    6014      0.000000000000000000000000
    6015      0.000000000000000000000000
    6016      0.000000000000000000000000
    6017      0.000000000000000000000000
    6018      0.000000000000000000000000
    6019      0.000000000000000000000000
    6020      0.000000000000000000000000
    6021      0.000000000000000000000000
    6022      0.000000000000000000000000
    6023      0.000000000000000000000000
    6024      0.000000000000000000000000
    6025      0.000000000000000000000000
    6026      0.000000000000000000000000
    6027      0.000000000000000000000000
    6028      0.000000000000000000000000
    6029      0.000000000000000000000000
    6030      0.000000000000000000000000
    6031      0.000000000000000000000000
    6032      0.000000000000000000000000
    6033      0.000000000000000000000000
    6034      0.000000000000000000000000
    6035      0.000000000000000000000000
    6036      0.000000000000000000000000
    6037      0.000000000000000000000000
    6038      0.000000000000000000000000
    6039      0.000000000000000000000000
    6040      0.000000000000000000000000
    6041      0.000000000000000000000000
    6042      0.000000000000000000000000
    6043      0.000000000000000000000000
    6044      0.000000000000000000000000
    6045      0.000000000000000000000000
    6046      0.000000000000000000000000
    6047      0.000000000000000000000000
    6048      0.000000000000000000000000
    6049      0.000000000000000000000000
    6050      0.000000000000000000000000
    6051      0.000000000000000000000000
    6052      0.000000000000000000000000
    6053      0.000000000000000000000000
    6054      0.000000000000000000000000
    6055      0.000000000000000000000000
    6056      0.000000000000000000000000
    6057      0.000000000000000000000000
    6058      0.000000000000000000000000
    6059      0.000000000000000000000000
    6060      0.000000000000000000000000
    6061      0.000000000000000000000000
    6062      0.000000000000000000000000
    6063      0.000000000000000000000000
    6064      0.000000000000000000000000
    6065      0.000000000000000000000000
    6066      0.000000000000000000000000
    6067      0.000000000000000000000000
    6068      0.000000000000000000000000
    6069      0.000000000000000000000000
    6070      0.000000000000000000000000
    6071      0.000000000000000000000000
    6072      0.000000000000000000000000
    6073      0.000000000000000000000000
    6074      0.000000000000000000000000
    6075      0.000000000000000000000000
    6076      0.000000000000000000000000
    6077      0.000000000000000000000000
    6078      0.000000000000000000000000
    6079      0.000000000000000000000000
    6080      0.000000000000000000000000
    6081      0.000000000000000000000000
    6082      0.000000000000000000000000
    6083      0.000000000000000000000000
    6084      0.000000000000000000000000
    6085      0.000000000000000000000000
    6086      0.000000000000000000000000
    6087      0.000000000000000000000000
    6088      0.000000000000000000000000
    6089      0.000000000000000000000000
    6090      0.000000000000000000000000
    6091      0.000000000000000000000000
    6092      0.000000000000000000000000
    6093      0.000000000000000000000000
    6094      0.000000000000000000000000
    6095      0.000000000000000000000000
    6096      0.000000000000000000000000
    6097      0.000000000000000000000000
    6098      0.000000000000000000000000
    6099      0.000000000000000000000000
    6100      0.000000000000000000000000
    6101      0.000000000000000000000000
    6102      0.000000000000000000000000
    6103      0.000000000000000000000000
    6104      0.000000000000000000000000
    6105      0.000000000000000000000000
    6106      0.000000000000000000000000
    6107      0.000000000000000000000000
    6108      0.000000000000000000000000
    6109      0.000000000000000000000000
    6110      0.000000000000000000000000
    6111      0.000000000000000000000000
    6112      0.000000000000000000000000
    6113      0.000000000000000000000000
    6114      0.000000000000000000000000
    6115      0.000000000000000000000000
    6116      0.000000000000000000000000
    6117      0.000000000000000000000000
    6118      0.000000000000000000000000
    6119      0.000000000000000000000000
    6120      0.000000000000000000000000
    6121      0.000000000000000000000000
    6122      0.000000000000000000000000
    6123      0.000000000000000000000000
    6124      0.000000000000000000000000
    6125      0.000000000000000000000000
    6126      0.000000000000000000000000
    6127      0.000000000000000000000000
    6128      0.000000000000000000000000
    6129      0.000000000000000000000000
    6130      0.000000000000000000000000
    6131      0.000000000000000000000000
    6132      0.000000000000000000000000
    6133      0.000000000000000000000000
    6134      0.000000000000000000000000
    6135      0.000000000000000000000000
    6136      0.000000000000000000000000
    6137      0.000000000000000000000000
    6138      0.000000000000000000000000
    6139      0.000000000000000000000000
    6140      0.000000000000000000000000
    6141      0.000000000000000000000000
    6142      0.000000000000000000000000
    6143      0.000000000000000000000000
    6144      0.000000000000000000000000
    6145      0.000000000000000000000000
    6146      0.000000000000000000000000
    6147      0.000000000000000000000000
    6148      0.000000000000000000000000
    6149      0.000000000000000000000000
    6150      0.000000000000000000000000
    6151      0.000000000000000000000000
    6152      0.000000000000000000000000
    6153      0.000000000000000000000000
    6154      0.000000000000000000000000
    6155      0.000000000000000000000000
    6156      0.000000000000000000000000
    6157      0.000000000000000000000000
    6158      0.000000000000000000000000
    6159      0.000000000000000000000000
    6160      0.000000000000000000000000
    6161      0.000000000000000000000000
    6162      0.000000000000000000000000
    6163      0.000000000000000000000000
    6164      0.000000000000000000000000
    6165      0.000000000000000000000000
    6166      0.000000000000000000000000
    6167      0.000000000000000000000000
    6168      0.000000000000000000000000
    6169      0.000000000000000000000000
    6170      0.000000000000000000000000
    6171      0.000000000000000000000000
    6172      0.000000000000000000000000
    6173      0.000000000000000000000000
    6174      0.000000000000000000000000
    6175      0.000000000000000000000000
    6176      0.000000000000000000000000
    6177      0.000000000000000000000000
    6178      0.000000000000000000000000
    6179      0.000000000000000000000000
    6180      0.000000000000000000000000
    6181      0.000000000000000000000000
    6182      0.000000000000000000000000
    6183      0.000000000000000000000000
    6184      0.000000000000000000000000
    6185      0.000000000000000000000000
    6186      0.000000000000000000000000
    6187      0.000000000000000000000000
    6188      0.000000000000000000000000
    6189      0.000000000000000000000000
    6190      0.000000000000000000000000
    6191      0.000000000000000000000000
    6192      0.000000000000000000000000
    6193      0.000000000000000000000000
    6194      0.000000000000000000000000
    6195      0.000000000000000000000000
    6196      0.000000000000000000000000
    6197      0.000000000000000000000000
    6198      0.000000000000000000000000
    6199      0.000000000000000000000000
    6200      0.000000000000000000000000
    6201      0.000000000000000000000000
    6202      0.000000000000000000000000
    6203      0.000000000000000000000000
    6204      0.000000000000000000000000
    6205      0.000000000000000000000000
    6206      0.000000000000000000000000
    6207      0.000000000000000000000000
    6208      0.000000000000000000000000
    6209      0.000000000000000000000000
    6210      0.000000000000000000000000
    6211      0.000000000000000000000000
    6212      0.000000000000000000000000
    6213      0.000000000000000000000000
    6214      0.000000000000000000000000
    6215      0.000000000000000000000000
    6216      0.000000000000000000000000
    6217      0.000000000000000000000000
    6218      0.000000000000000000000000
    6219      0.000000000000000000000000
    6220      0.000000000000000000000000
    6221      0.000000000000000000000000
    6222      0.000000000000000000000000
    6223      0.000000000000000000000000
    6224      0.000000000000000000000000
    6225      0.000000000000000000000000
    6226      0.000000000000000000000000
    6227      0.000000000000000000000000
    6228      0.000000000000000000000000
    6229      0.000000000000000000000000
    6230      0.000000000000000000000000
    6231      0.000000000000000000000000
    6232      0.000000000000000000000000
    6233      0.000000000000000000000000
    6234      0.000000000000000000000000
    6235      0.000000000000000000000000
    6236      0.000000000000000000000000
    6237      0.000000000000000000000000
    6238      0.000000000000000000000000
    6239      0.000000000000000000000000
    6240      0.000000000000000000000000
    6241      0.000000000000000000000000
    6242      0.000000000000000000000000
    6243      0.000000000000000000000000
    6244      0.000000000000000000000000
    6245      0.000000000000000000000000
    6246      0.000000000000000000000000
    6247      0.000000000000000000000000
    6248      0.000000000000000000000000
    6249      0.000000000000000000000000
    6250      0.000000000000000000000000
    6251      0.000000000000000000000000
    6252      0.000000000000000000000000
    6253      0.000000000000000000000000
    6254      0.000000000000000000000000
    6255      0.000000000000000000000000
    6256      0.000000000000000000000000
    6257      0.000000000000000000000000
    6258      0.000000000000000000000000
    6259      0.000000000000000000000000
    6260      0.000000000000000000000000
    6261      0.000000000000000000000000
    6262      0.000000000000000000000000
    6263      0.000000000000000000000000
    6264      0.000000000000000000000000
    6265      0.000000000000000000000000
    6266      0.000000000000000000000000
    6267      0.000000000000000000000000
    6268      0.000000000000000000000000
    6269      0.000000000000000000000000
    6270      0.000000000000000000000000
    6271      0.000000000000000000000000
    6272      0.000000000000000000000000
    6273      0.000000000000000000000000
    6274      0.000000000000000000000000
    6275      0.000000000000000000000000
    6276      0.000000000000000000000000
    6277      0.000000000000000000000000
    6278      0.000000000000000000000000
    6279      0.000000000000000000000000
    6280      0.000000000000000000000000
    6281      0.000000000000000000000000
    6282      0.000000000000000000000000
    6283      0.000000000000000000000000
    6284      0.000000000000000000000000
    6285      0.000000000000000000000000
    6286      0.000000000000000000000000
    6287      0.000000000000000000000000
    6288      0.000000000000000000000000
    6289      0.000000000000000000000000
    6290      0.000000000000000000000000
    6291      0.000000000000000000000000
    6292      0.000000000000000000000000
    6293      0.000000000000000000000000
    6294      0.000000000000000000000000
    6295      0.000000000000000000000000
    6296      0.000000000000000000000000
    6297      0.000000000000000000000000
    6298      0.000000000000000000000000
    6299      0.000000000000000000000000
    6300      0.000000000000000000000000
    6301      0.000000000000000000000000
    6302      0.000000000000000000000000
    6303      0.000000000000000000000000
    6304      0.000000000000000000000000
    6305      0.000000000000000000000000
    6306      0.000000000000000000000000
    6307      0.000000000000000000000000
    6308      0.000000000000000000000000
    6309      0.000000000000000000000000
    6310      0.000000000000000000000000
    6311      0.000000000000000000000000
    6312      0.000000000000000000000000
    6313      0.000000000000000000000000
    6314      0.000000000000000000000000
    6315      0.000000000000000000000000
    6316      0.000000000000000000000000
    6317      0.000000000000000000000000
    6318      0.000000000000000000000000
    6319      0.000000000000000000000000
    6320      0.000000000000000000000000
    6321      0.000000000000000000000000
    6322      0.000000000000000000000000
    6323      0.000000000000000000000000
    6324      0.000000000000000000000000
    6325      0.000000000000000000000000
    6326      0.000000000000000000000000
    6327      0.000000000000000000000000
    6328      0.000000000000000000000000
    6329      0.000000000000000000000000
    6330      0.000000000000000000000000
    6331      0.000000000000000000000000
    6332      0.000000000000000000000000
    6333      0.000000000000000000000000
    6334      0.000000000000000000000000
    6335      0.000000000000000000000000
    6336      0.000000000000000000000000
    6337      0.000000000000000000000000
    6338      0.000000000000000000000000
    6339      0.000000000000000000000000
    6340      0.000000000000000000000000
    6341      0.000000000000000000000000
    6342      0.000000000000000000000000
    6343      0.000000000000000000000000
    6344      0.000000000000000000000000
    6345      0.000000000000000000000000
    6346      0.000000000000000000000000
    6347      0.000000000000000000000000
    6348      0.000000000000000000000000
    6349      0.000000000000000000000000
    6350      0.000000000000000000000000
    6351      0.000000000000000000000000
    6352      0.000000000000000000000000
    6353      0.000000000000000000000000
    6354      0.000000000000000000000000
    6355      0.000000000000000000000000
    6356      0.000000000000000000000000
    6357      0.000000000000000000000000
    6358      0.000000000000000000000000
    6359      0.000000000000000000000000
    6360      0.000000000000000000000000
    6361      0.000000000000000000000000
    6362      0.000000000000000000000000
    6363      0.000000000000000000000000
    6364      0.000000000000000000000000
    6365      0.000000000000000000000000
    6366      0.000000000000000000000000
    6367      0.000000000000000000000000
    6368      0.000000000000000000000000
    6369      0.000000000000000000000000
    6370      0.000000000000000000000000
    6371      0.000000000000000000000000
    6372      0.000000000000000000000000
    6373      0.000000000000000000000000
    6374      0.000000000000000000000000
    6375      0.000000000000000000000000
    6376      0.000000000000000000000000
    6377      0.000000000000000000000000
    6378      0.000000000000000000000000
    6379      0.000000000000000000000000
    6380      0.000000000000000000000000
    6381      0.000000000000000000000000
    6382      0.000000000000000000000000
    6383      0.000000000000000000000000
    6384      0.000000000000000000000000
    6385      0.000000000000000000000000
    6386      0.000000000000000000000000
    6387      0.000000000000000000000000
    6388      0.000000000000000000000000
    6389      0.000000000000000000000000
    6390      0.000000000000000000000000
    6391      0.000000000000000000000000
    6392      0.000000000000000000000000
    6393      0.000000000000000000000000
    6394      0.000000000000000000000000
    6395      0.000000000000000000000000
    6396      0.000000000000000000000000
    6397      0.000000000000000000000000
    6398      0.000000000000000000000000
    6399      0.000000000000000000000000
    6400      0.000000000000000000000000
    6401      0.000000000000000000000000
    6402      0.000000000000000000000000
    6403      0.000000000000000000000000
    6404      0.000000000000000000000000
    6405      0.000000000000000000000000
    6406      0.000000000000000000000000
    6407      0.000000000000000000000000
    6408      0.000000000000000000000000
    6409      0.000000000000000000000000
    6410      0.000000000000000000000000
    6411      0.000000000000000000000000
    6412      0.000000000000000000000000
    6413      0.000000000000000000000000
    6414      0.000000000000000000000000
    6415      0.000000000000000000000000
    6416      0.000000000000000000000000
    6417      0.000000000000000000000000
    6418      0.000000000000000000000000
    6419      0.000000000000000000000000
    6420      0.000000000000000000000000
    6421      0.000000000000000000000000
    6422      0.000000000000000000000000
    6423      0.000000000000000000000000
    6424      0.000000000000000000000000
    6425      0.000000000000000000000000
    6426      0.000000000000000000000000
    6427      0.000000000000000000000000
    6428      0.000000000000000000000000
    6429      0.000000000000000000000000
    6430      0.000000000000000000000000
    6431      0.000000000000000000000000
    6432      0.000000000000000000000000
    6433      0.000000000000000000000000
    6434      0.000000000000000000000000
    6435      0.000000000000000000000000
    6436      0.000000000000000000000000
    6437      0.000000000000000000000000
    6438      0.000000000000000000000000
    6439      0.000000000000000000000000
    6440      0.000000000000000000000000
    6441      0.000000000000000000000000
    6442      0.000000000000000000000000
    6443      0.000000000000000000000000
    6444      0.000000000000000000000000
    6445      0.000000000000000000000000
    6446      0.000000000000000000000000
    6447      0.000000000000000000000000
    6448      0.000000000000000000000000
    6449      0.000000000000000000000000
    6450      0.000000000000000000000000
    6451      0.000000000000000000000000
    6452      0.000000000000000000000000
    6453      0.000000000000000000000000
    6454      0.000000000000000000000000
    6455      0.000000000000000000000000
    6456      0.000000000000000000000000
    6457      0.000000000000000000000000
    6458      0.000000000000000000000000
    6459      0.000000000000000000000000
    6460      0.000000000000000000000000
    6461      0.000000000000000000000000
    6462      0.000000000000000000000000
    6463      0.000000000000000000000000
    6464      0.000000000000000000000000
    6465      0.000000000000000000000000
    6466      0.000000000000000000000000
    6467      0.000000000000000000000000
    6468      0.000000000000000000000000
    6469      0.000000000000000000000000
    6470      0.000000000000000000000000
    6471      0.000000000000000000000000
    6472      0.000000000000000000000000
    6473      0.000000000000000000000000
    6474      0.000000000000000000000000
    6475      0.000000000000000000000000
    6476      0.000000000000000000000000
    6477      0.000000000000000000000000
    6478      0.000000000000000000000000
    6479      0.000000000000000000000000
    6480      0.000000000000000000000000
    6481      0.000000000000000000000000
    6482      0.000000000000000000000000
    6483      0.000000000000000000000000
    6484      0.000000000000000000000000
    6485      0.000000000000000000000000
    6486      0.000000000000000000000000
    6487      0.000000000000000000000000
    6488      0.000000000000000000000000
    6489      0.000000000000000000000000
    6490      0.000000000000000000000000
    6491      0.000000000000000000000000
    6492      0.000000000000000000000000
    6493      0.000000000000000000000000
    6494      0.000000000000000000000000
    6495      0.000000000000000000000000
    6496      0.000000000000000000000000
    6497      0.000000000000000000000000
    6498      0.000000000000000000000000
    6499      0.000000000000000000000000
    6500      0.000000000000000000000000
    6501      0.000000000000000000000000
    6502      0.000000000000000000000000
    6503      0.000000000000000000000000
    6504      0.000000000000000000000000
    6505      0.000000000000000000000000
    6506      0.000000000000000000000000
    6507      0.000000000000000000000000
    6508      0.000000000000000000000000
    6509      0.000000000000000000000000
    6510      0.000000000000000000000000
    6511      0.000000000000000000000000
    6512      0.000000000000000000000000
    6513      0.000000000000000000000000
    6514      0.000000000000000000000000
    6515      0.000000000000000000000000
    6516      0.000000000000000000000000
    6517      0.000000000000000000000000
    6518      0.000000000000000000000000
    6519      0.000000000000000000000000
    6520      0.000000000000000000000000
    6521      0.000000000000000000000000
    6522      0.000000000000000000000000
    6523      0.000000000000000000000000
    6524      0.000000000000000000000000
    6525      0.000000000000000000000000
    6526      0.000000000000000000000000
    6527      0.000000000000000000000000
    6528      0.000000000000000000000000
    6529      0.000000000000000000000000
    6530      0.000000000000000000000000
    6531      0.000000000000000000000000
    6532      0.000000000000000000000000
    6533      0.000000000000000000000000
    6534      0.000000000000000000000000
    6535      0.000000000000000000000000
    6536      0.000000000000000000000000
    6537      0.000000000000000000000000
    6538      0.000000000000000000000000
    6539      0.000000000000000000000000
    6540      0.000000000000000000000000
    6541      0.000000000000000000000000
    6542      0.000000000000000000000000
    6543      0.000000000000000000000000
    6544      0.000000000000000000000000
    6545      0.000000000000000000000000
    6546      0.000000000000000000000000
    6547      0.000000000000000000000000
    6548      0.000000000000000000000000
    6549      0.000000000000000000000000
    6550      0.000000000000000000000000
    6551      0.000000000000000000000000
    6552      0.000000000000000000000000
    6553      0.000000000000000000000000
    6554      0.000000000000000000000000
    6555      0.000000000000000000000000
    6556      0.000000000000000000000000
    6557      0.000000000000000000000000
    6558      0.000000000000000000000000
    6559      0.000000000000000000000000
    6560      0.000000000000000000000000
    6561      0.000000000000000000000000
    6562      0.000000000000000000000000
    6563      0.000000000000000000000000
    6564      0.000000000000000000000000
    6565      0.000000000000000000000000
    6566      0.000000000000000000000000
    6567      0.000000000000000000000000
    6568      0.000000000000000000000000
    6569      0.000000000000000000000000
    6570      0.000000000000000000000000
    6571      0.000000000000000000000000
    6572      0.000000000000000000000000
    6573      0.000000000000000000000000
    6574      0.000000000000000000000000
    6575      0.000000000000000000000000
    6576      0.000000000000000000000000
    6577      0.000000000000000000000000
    6578      0.000000000000000000000000
    6579      0.000000000000000000000000
    6580      0.000000000000000000000000
    6581      0.000000000000000000000000
    6582      0.000000000000000000000000
    6583      0.000000000000000000000000
    6584      0.000000000000000000000000
    6585      0.000000000000000000000000
    6586      0.000000000000000000000000
    6587      0.000000000000000000000000
    6588      0.000000000000000000000000
    6589      0.000000000000000000000000
    6590      0.000000000000000000000000
    6591      0.000000000000000000000000
    6592      0.000000000000000000000000
    6593      0.000000000000000000000000
    6594      0.000000000000000000000000
    6595      0.000000000000000000000000
    6596      0.000000000000000000000000
    6597      0.000000000000000000000000
    6598      0.000000000000000000000000
    6599      0.000000000000000000000000
    6600      0.000000000000000000000000
    6601      0.000000000000000000000000
    6602      0.000000000000000000000000
    6603      0.000000000000000000000000
    6604      0.000000000000000000000000
    6605      0.000000000000000000000000
    6606      0.000000000000000000000000
    6607      0.000000000000000000000000
    6608      0.000000000000000000000000
    6609      0.000000000000000000000000
    6610      0.000000000000000000000000
    6611      0.000000000000000000000000
    6612      0.000000000000000000000000
    6613      0.000000000000000000000000
    6614      0.000000000000000000000000
    6615      0.000000000000000000000000
    6616      0.000000000000000000000000
    6617      0.000000000000000000000000
    6618      0.000000000000000000000000
    6619      0.000000000000000000000000
    6620      0.000000000000000000000000
    6621      0.000000000000000000000000
    6622      0.000000000000000000000000
    6623      0.000000000000000000000000
    6624      0.000000000000000000000000
    6625      0.000000000000000000000000
    6626      0.000000000000000000000000
    6627      0.000000000000000000000000
    6628      0.000000000000000000000000
    6629      0.000000000000000000000000
    6630      0.000000000000000000000000
    6631      0.000000000000000000000000
    6632      0.000000000000000000000000
    6633      0.000000000000000000000000
    6634      0.000000000000000000000000
    6635      0.000000000000000000000000
    6636      0.000000000000000000000000
    6637      0.000000000000000000000000
    6638      0.000000000000000000000000
    6639      0.000000000000000000000000
    6640      0.000000000000000000000000
    6641      0.000000000000000000000000
    6642      0.000000000000000000000000
    6643      0.000000000000000000000000
    6644      0.000000000000000000000000
    6645      0.000000000000000000000000
    6646      0.000000000000000000000000
    6647      0.000000000000000000000000
    6648      0.000000000000000000000000
    6649      0.000000000000000000000000
    6650      0.000000000000000000000000
    6651      0.000000000000000000000000
    6652      0.000000000000000000000000
    6653      0.000000000000000000000000
    6654      0.000000000000000000000000
    6655      0.000000000000000000000000
    6656      0.000000000000000000000000
    6657      0.000000000000000000000000
    6658      0.000000000000000000000000
    6659      0.000000000000000000000000
    6660      0.000000000000000000000000
    6661      0.000000000000000000000000
    6662      0.000000000000000000000000
    6663      0.000000000000000000000000
    6664      0.000000000000000000000000
    6665      0.000000000000000000000000
    6666      0.000000000000000000000000
    6667      0.000000000000000000000000
    6668      0.000000000000000000000000
    6669      0.000000000000000000000000
    6670      0.000000000000000000000000
    6671      0.000000000000000000000000
    6672      0.000000000000000000000000
    6673      0.000000000000000000000000
    6674      0.000000000000000000000000
    6675      0.000000000000000000000000
    6676      0.000000000000000000000000
    6677      0.000000000000000000000000
    6678      0.000000000000000000000000
    6679      0.000000000000000000000000
    6680      0.000000000000000000000000
    6681      0.000000000000000000000000
    6682      0.000000000000000000000000
    6683      0.000000000000000000000000
    6684      0.000000000000000000000000
    6685      0.000000000000000000000000
    6686      0.000000000000000000000000
    6687      0.000000000000000000000000
    6688      0.000000000000000000000000
    6689      0.000000000000000000000000
    6690      0.000000000000000000000000
    6691      0.000000000000000000000000
    6692      0.000000000000000000000000
    6693      0.000000000000000000000000
    6694      0.000000000000000000000000
    6695      0.000000000000000000000000
    6696      0.000000000000000000000000
    6697      0.000000000000000000000000
    6698      0.000000000000000000000000
    6699      0.000000000000000000000000
    6700      0.000000000000000000000000
    6701      0.000000000000000000000000
    6702      0.000000000000000000000000
    6703      0.000000000000000000000000
    6704      0.000000000000000000000000
    6705      0.000000000000000000000000
    6706      0.000000000000000000000000
    6707      0.000000000000000000000000
    6708      0.000000000000000000000000
    6709      0.000000000000000000000000
    6710      0.000000000000000000000000
    6711      0.000000000000000000000000
    6712      0.000000000000000000000000
    6713      0.000000000000000000000000
    6714      0.000000000000000000000000
    6715      0.000000000000000000000000
    6716      0.000000000000000000000000
    6717      0.000000000000000000000000
    6718      0.000000000000000000000000
    6719      0.000000000000000000000000
    6720      0.000000000000000000000000
    6721      0.000000000000000000000000
    6722      0.000000000000000000000000
    6723      0.000000000000000000000000
    6724      0.000000000000000000000000
    6725      0.000000000000000000000000
    6726      0.000000000000000000000000
    6727      0.000000000000000000000000
    6728      0.000000000000000000000000
    6729      0.000000000000000000000000
    6730      0.000000000000000000000000
    6731      0.000000000000000000000000
    6732      0.000000000000000000000000
    6733      0.000000000000000000000000
    6734      0.000000000000000000000000
    6735      0.000000000000000000000000
    6736      0.000000000000000000000000
    6737      0.000000000000000000000000
    6738      0.000000000000000000000000
    6739      0.000000000000000000000000
    6740      0.000000000000000000000000
    6741      0.000000000000000000000000
    6742      0.000000000000000000000000
    6743      0.000000000000000000000000
    6744      0.000000000000000000000000
    6745      0.000000000000000000000000
    6746      0.000000000000000000000000
    6747      0.000000000000000000000000
    6748      0.000000000000000000000000
    6749      0.000000000000000000000000
    6750      0.000000000000000000000000
    6751      0.000000000000000000000000
    6752      0.000000000000000000000000
    6753      0.000000000000000000000000
    6754      0.000000000000000000000000
    6755      0.000000000000000000000000
    6756      0.000000000000000000000000
    6757      0.000000000000000000000000
    6758      0.000000000000000000000000
    6759      0.000000000000000000000000
    6760      0.000000000000000000000000
    6761      0.000000000000000000000000
    6762      0.000000000000000000000000
    6763      0.000000000000000000000000
    6764      0.000000000000000000000000
    6765      0.000000000000000000000000
    6766      0.000000000000000000000000
    6767      0.000000000000000000000000
    6768      0.000000000000000000000000
    6769      0.000000000000000000000000
    6770      0.000000000000000000000000
    6771      0.000000000000000000000000
    6772      0.000000000000000000000000
    6773      0.000000000000000000000000
    6774      0.000000000000000000000000
    6775      0.000000000000000000000000
    6776      0.000000000000000000000000
    6777      0.000000000000000000000000
    6778      0.000000000000000000000000
    6779      0.000000000000000000000000
    6780      0.000000000000000000000000
    6781      0.000000000000000000000000
    6782      0.000000000000000000000000
    6783      0.000000000000000000000000
    6784      0.000000000000000000000000
    6785      0.000000000000000000000000
    6786      0.000000000000000000000000
    6787      0.000000000000000000000000
    6788      0.000000000000000000000000
    6789      0.000000000000000000000000
    6790      0.000000000000000000000000
    6791      0.000000000000000000000000
    6792      0.000000000000000000000000
    6793      0.000000000000000000000000
    6794      0.000000000000000000000000
    6795      0.000000000000000000000000
    6796      0.000000000000000000000000
    6797      0.000000000000000000000000
    6798      0.000000000000000000000000
    6799      0.000000000000000000000000
    6800      0.000000000000000000000000
    6801      0.000000000000000000000000
    6802      0.000000000000000000000000
    6803      0.000000000000000000000000
    6804      0.000000000000000000000000
    6805      0.000000000000000000000000
    6806      0.000000000000000000000000
    6807      0.000000000000000000000000
    6808      0.000000000000000000000000
    6809      0.000000000000000000000000
    6810      0.000000000000000000000000
    6811      0.000000000000000000000000
    6812      0.000000000000000000000000
    6813      0.000000000000000000000000
    6814      0.000000000000000000000000
    6815      0.000000000000000000000000
    6816      0.000000000000000000000000
    6817      0.000000000000000000000000
    6818      0.000000000000000000000000
    6819      0.000000000000000000000000
    6820      0.000000000000000000000000
    6821      0.000000000000000000000000
    6822      0.000000000000000000000000
    6823      0.000000000000000000000000
    6824      0.000000000000000000000000
    6825      0.000000000000000000000000
    6826      0.000000000000000000000000
    6827      0.000000000000000000000000
    6828      0.000000000000000000000000
    6829      0.000000000000000000000000
    6830      0.000000000000000000000000
    6831      0.000000000000000000000000
    6832      0.000000000000000000000000
    6833      0.000000000000000000000000
    6834      0.000000000000000000000000
    6835      0.000000000000000000000000
    6836      0.000000000000000000000000
    6837      0.000000000000000000000000
    6838      0.000000000000000000000000
    6839      0.000000000000000000000000
    6840      0.000000000000000000000000
    6841      0.000000000000000000000000
    6842      0.000000000000000000000000
    6843      0.000000000000000000000000
    6844      0.000000000000000000000000
    6845      0.000000000000000000000000
    6846      0.000000000000000000000000
    6847      0.000000000000000000000000
    6848      0.000000000000000000000000
    6849      0.000000000000000000000000
    6850      0.000000000000000000000000
    6851      0.000000000000000000000000
    6852      0.000000000000000000000000
    6853      0.000000000000000000000000
    6854      0.000000000000000000000000
    6855      0.000000000000000000000000
    6856      0.000000000000000000000000
    6857      0.000000000000000000000000
    6858      0.000000000000000000000000
    6859      0.000000000000000000000000
    6860      0.000000000000000000000000
    6861      0.000000000000000000000000
    6862      0.000000000000000000000000
    6863      0.000000000000000000000000
    6864      0.000000000000000000000000
    6865      0.000000000000000000000000
    6866      0.000000000000000000000000
    6867      0.000000000000000000000000
    6868      0.000000000000000000000000
    6869      0.000000000000000000000000
    6870      0.000000000000000000000000
    6871      0.000000000000000000000000
    6872      0.000000000000000000000000
    6873      0.000000000000000000000000
    6874      0.000000000000000000000000
    6875      0.000000000000000000000000
    6876      0.000000000000000000000000
    6877      0.000000000000000000000000
    6878      0.000000000000000000000000
    6879      0.000000000000000000000000
    6880      0.000000000000000000000000
    6881      0.000000000000000000000000
    6882      0.000000000000000000000000
    6883      0.000000000000000000000000
    6884      0.000000000000000000000000
    6885      0.000000000000000000000000
    6886      0.000000000000000000000000
    6887      0.000000000000000000000000
    6888      0.000000000000000000000000
    6889      0.000000000000000000000000
    6890      0.000000000000000000000000
    6891      0.000000000000000000000000
    6892      0.000000000000000000000000
    6893      0.000000000000000000000000
    6894      0.000000000000000000000000
    6895      0.000000000000000000000000
    6896      0.000000000000000000000000
    6897      0.000000000000000000000000
    6898      0.000000000000000000000000
    6899      0.000000000000000000000000
    6900      0.000000000000000000000000
    6901      0.000000000000000000000000
    6902      0.000000000000000000000000
    6903      0.000000000000000000000000
    6904      0.000000000000000000000000
    6905      0.000000000000000000000000
    6906      0.000000000000000000000000
    6907      0.000000000000000000000000
    6908      0.000000000000000000000000
    6909      0.000000000000000000000000
    6910      0.000000000000000000000000
    6911      0.000000000000000000000000
    6912      0.000000000000000000000000
    6913      0.000000000000000000000000
    6914      0.000000000000000000000000
    6915      0.000000000000000000000000
    6916      0.000000000000000000000000
    6917      0.000000000000000000000000
    6918      0.000000000000000000000000
    6919      0.000000000000000000000000
    6920      0.000000000000000000000000
    6921      0.000000000000000000000000
    6922      0.000000000000000000000000
    6923      0.000000000000000000000000
    6924      0.000000000000000000000000
    6925      0.000000000000000000000000
    6926      0.000000000000000000000000
    6927      0.000000000000000000000000
    6928      0.000000000000000000000000
    6929      0.000000000000000000000000
    6930      0.000000000000000000000000
    6931      0.000000000000000000000000
    6932      0.000000000000000000000000
    6933      0.000000000000000000000000
    6934      0.000000000000000000000000
    6935      0.000000000000000000000000
    6936      0.000000000000000000000000
    6937      0.000000000000000000000000
    6938      0.000000000000000000000000
    6939      0.000000000000000000000000
    6940      0.000000000000000000000000
    6941      0.000000000000000000000000
    6942      0.000000000000000000000000
    6943      0.000000000000000000000000
    6944      0.000000000000000000000000
    6945      0.000000000000000000000000
    6946      0.000000000000000000000000
    6947      0.000000000000000000000000
    6948      0.000000000000000000000000
    6949      0.000000000000000000000000
    6950      0.000000000000000000000000
    6951      0.000000000000000000000000
    6952      0.000000000000000000000000
    6953      0.000000000000000000000000
    6954      0.000000000000000000000000
    6955      0.000000000000000000000000
    6956      0.000000000000000000000000
    6957      0.000000000000000000000000
    6958      0.000000000000000000000000
    6959      0.000000000000000000000000
    6960      0.000000000000000000000000
    6961      0.000000000000000000000000
    6962      0.000000000000000000000000
    6963      0.000000000000000000000000
    6964      0.000000000000000000000000
    6965      0.000000000000000000000000
    6966      0.000000000000000000000000
    6967      0.000000000000000000000000
    6968      0.000000000000000000000000
    6969      0.000000000000000000000000
    6970      0.000000000000000000000000
    6971      0.000000000000000000000000
    6972      0.000000000000000000000000
    6973      0.000000000000000000000000
    6974      0.000000000000000000000000
    6975      0.000000000000000000000000
    6976      0.000000000000000000000000
    6977      0.000000000000000000000000
    6978      0.000000000000000000000000
    6979      0.000000000000000000000000
    6980      0.000000000000000000000000
    6981      0.000000000000000000000000
    6982      0.000000000000000000000000
    6983      0.000000000000000000000000
    6984      0.000000000000000000000000
    6985      0.000000000000000000000000
    6986      0.000000000000000000000000
    6987      0.000000000000000000000000
    6988      0.000000000000000000000000
    6989      0.000000000000000000000000
    6990      0.000000000000000000000000
    6991      0.000000000000000000000000
    6992      0.000000000000000000000000
    6993      0.000000000000000000000000
    6994      0.000000000000000000000000
    6995      0.000000000000000000000000
    6996      0.000000000000000000000000
    6997      0.000000000000000000000000
    6998      0.000000000000000000000000
    6999      0.000000000000000000000000
    7000      0.000000000000000000000000
    7001      0.000000000000000000000000
    7002      0.000000000000000000000000
    7003      0.000000000000000000000000
    7004      0.000000000000000000000000
    7005      0.000000000000000000000000
    7006      0.000000000000000000000000
    7007      0.000000000000000000000000
    7008      0.000000000000000000000000
    7009      0.000000000000000000000000
    7010      0.000000000000000000000000
    7011      0.000000000000000000000000
    7012      0.000000000000000000000000
    7013      0.000000000000000000000000
    7014      0.000000000000000000000000
    7015      0.000000000000000000000000
    7016      0.000000000000000000000000
    7017      0.000000000000000000000000
    7018      0.000000000000000000000000
    7019      0.000000000000000000000000
    7020      0.000000000000000000000000
    7021      0.000000000000000000000000
    7022      0.000000000000000000000000
    7023      0.000000000000000000000000
    7024      0.000000000000000000000000
    7025      0.000000000000000000000000
    7026      0.000000000000000000000000
    7027      0.000000000000000000000000
    7028      0.000000000000000000000000
    7029      0.000000000000000000000000
    7030      0.000000000000000000000000
    7031      0.000000000000000000000000
    7032      0.000000000000000000000000
    7033      0.000000000000000000000000
    7034      0.000000000000000000000000
    7035      0.000000000000000000000000
    7036      0.000000000000000000000000
    7037      0.000000000000000000000000
    7038      0.000000000000000000000000
    7039      0.000000000000000000000000
    7040      0.000000000000000000000000
    7041      0.000000000000000000000000
    7042      0.000000000000000000000000
    7043      0.000000000000000000000000
    7044      0.000000000000000000000000
    7045      0.000000000000000000000000
    7046      0.000000000000000000000000
    7047      0.000000000000000000000000
    7048      0.000000000000000000000000
    7049      0.000000000000000000000000
    7050      0.000000000000000000000000
    7051      0.000000000000000000000000
    7052      0.000000000000000000000000
    7053      0.000000000000000000000000
    7054      0.000000000000000000000000
    7055      0.000000000000000000000000
    7056      0.000000000000000000000000
    7057      0.000000000000000000000000
    7058      0.000000000000000000000000
    7059      0.000000000000000000000000
    7060      0.000000000000000000000000
    7061      0.000000000000000000000000
    7062      0.000000000000000000000000
    7063      0.000000000000000000000000
    7064      0.000000000000000000000000
    7065      0.000000000000000000000000
    7066      0.000000000000000000000000
    7067      0.000000000000000000000000
    7068      0.000000000000000000000000
    7069      0.000000000000000000000000
    7070      0.000000000000000000000000
    7071      0.000000000000000000000000
    7072      0.000000000000000000000000
    7073      0.000000000000000000000000
    7074      0.000000000000000000000000
    7075      0.000000000000000000000000
    7076      0.000000000000000000000000
    7077      0.000000000000000000000000
    7078      0.000000000000000000000000
    7079      0.000000000000000000000000
    7080      0.000000000000000000000000
    7081      0.000000000000000000000000
    7082      0.000000000000000000000000
    7083      0.000000000000000000000000
    7084      0.000000000000000000000000
    7085      0.000000000000000000000000
    7086      0.000000000000000000000000
    7087      0.000000000000000000000000
    7088      0.000000000000000000000000
    7089      0.000000000000000000000000
    7090      0.000000000000000000000000
    7091      0.000000000000000000000000
    7092      0.000000000000000000000000
    7093      0.000000000000000000000000
    7094      0.000000000000000000000000
    7095      0.000000000000000000000000
    7096      0.000000000000000000000000
    7097      0.000000000000000000000000
    7098      0.000000000000000000000000
    7099      0.000000000000000000000000
    7100      0.000000000000000000000000
    7101      0.000000000000000000000000
    7102      0.000000000000000000000000
    7103      0.000000000000000000000000
    7104      0.000000000000000000000000
    7105      0.000000000000000000000000
    7106      0.000000000000000000000000
    7107      0.000000000000000000000000
    7108      0.000000000000000000000000
    7109      0.000000000000000000000000
    7110      0.000000000000000000000000
    7111      0.000000000000000000000000
    7112      0.000000000000000000000000
    7113      0.000000000000000000000000
    7114      0.000000000000000000000000
    7115      0.000000000000000000000000
    7116      0.000000000000000000000000
    7117      0.000000000000000000000000
    7118      0.000000000000000000000000
    7119      0.000000000000000000000000
    7120      0.000000000000000000000000
    7121      0.000000000000000000000000
    7122      0.000000000000000000000000
    7123      0.000000000000000000000000
    7124      0.000000000000000000000000
    7125      0.000000000000000000000000
    7126      0.000000000000000000000000
    7127      0.000000000000000000000000
    7128      0.000000000000000000000000
    7129      0.000000000000000000000000
    7130      0.000000000000000000000000
    7131      0.000000000000000000000000
    7132      0.000000000000000000000000
    7133      0.000000000000000000000000
    7134      0.000000000000000000000000
    7135      0.000000000000000000000000
    7136      0.000000000000000000000000
    7137      0.000000000000000000000000
    7138      0.000000000000000000000000
    7139      0.000000000000000000000000
    7140      0.000000000000000000000000
    7141      0.000000000000000000000000
    7142      0.000000000000000000000000
    7143      0.000000000000000000000000
    7144      0.000000000000000000000000
    7145      0.000000000000000000000000
    7146      0.000000000000000000000000
    7147      0.000000000000000000000000
    7148      0.000000000000000000000000
    7149      0.000000000000000000000000
    7150      0.000000000000000000000000
    7151      0.000000000000000000000000
    7152      0.000000000000000000000000
    7153      0.000000000000000000000000
    7154      0.000000000000000000000000
    7155      0.000000000000000000000000
    7156      0.000000000000000000000000
    7157      0.000000000000000000000000
    7158      0.000000000000000000000000
    7159      0.000000000000000000000000
    7160      0.000000000000000000000000
    7161      0.000000000000000000000000
    7162      0.000000000000000000000000
    7163      0.000000000000000000000000
    7164      0.000000000000000000000000
    7165      0.000000000000000000000000
    7166      0.000000000000000000000000
    7167      0.000000000000000000000000
    7168      0.000000000000000000000000
    7169      0.000000000000000000000000
    7170      0.000000000000000000000000
    7171      0.000000000000000000000000
    7172      0.000000000000000000000000
    7173      0.000000000000000000000000
    7174      0.000000000000000000000000
    7175      0.000000000000000000000000
    7176      0.000000000000000000000000
    7177      0.000000000000000000000000
    7178      0.000000000000000000000000
    7179      0.000000000000000000000000
    7180      0.000000000000000000000000
    7181      0.000000000000000000000000
    7182      0.000000000000000000000000
    7183      0.000000000000000000000000
    7184      0.000000000000000000000000
    7185      0.000000000000000000000000
    7186      0.000000000000000000000000
    7187      0.000000000000000000000000
    7188      0.000000000000000000000000
    7189      0.000000000000000000000000
    7190      0.000000000000000000000000
    7191      0.000000000000000000000000
    7192      0.000000000000000000000000
    7193      0.000000000000000000000000
    7194      0.000000000000000000000000
    7195      0.000000000000000000000000
    7196      0.000000000000000000000000
    7197      0.000000000000000000000000
    7198      0.000000000000000000000000
    7199      0.000000000000000000000000
    7200      0.000000000000000000000000
    7201      0.000000000000000000000000
    7202      0.000000000000000000000000
    7203      0.000000000000000000000000
    7204      0.000000000000000000000000
    7205      0.000000000000000000000000
    7206      0.000000000000000000000000
    7207      0.000000000000000000000000
    7208      0.000000000000000000000000
    7209      0.000000000000000000000000
    7210      0.000000000000000000000000
    7211      0.000000000000000000000000
    7212      0.000000000000000000000000
    7213      0.000000000000000000000000
    7214      0.000000000000000000000000
    7215      0.000000000000000000000000
    7216      0.000000000000000000000000
    7217      0.000000000000000000000000
    7218      0.000000000000000000000000
    7219      0.000000000000000000000000
    7220      0.000000000000000000000000
    7221      0.000000000000000000000000
    7222      0.000000000000000000000000
    7223      0.000000000000000000000000
    7224      0.000000000000000000000000
    7225      0.000000000000000000000000
    7226      0.000000000000000000000000
    7227      0.000000000000000000000000
    7228      0.000000000000000000000000
    7229      0.000000000000000000000000
    7230      0.000000000000000000000000
    7231      0.000000000000000000000000
    7232      0.000000000000000000000000
    7233      0.000000000000000000000000
    7234      0.000000000000000000000000
    7235      0.000000000000000000000000
    7236      0.000000000000000000000000
    7237      0.000000000000000000000000
    7238      0.000000000000000000000000
    7239      0.000000000000000000000000
    7240      0.000000000000000000000000
    7241      0.000000000000000000000000
    7242      0.000000000000000000000000
    7243      0.000000000000000000000000
    7244      0.000000000000000000000000
    7245      0.000000000000000000000000
    7246      0.000000000000000000000000
    7247      0.000000000000000000000000
    7248      0.000000000000000000000000
    7249      0.000000000000000000000000
    7250      0.000000000000000000000000
    7251      0.000000000000000000000000
    7252      0.000000000000000000000000
    7253      0.000000000000000000000000
    7254      0.000000000000000000000000
    7255      0.000000000000000000000000
    7256      0.000000000000000000000000
    7257      0.000000000000000000000000
    7258      0.000000000000000000000000
    7259      0.000000000000000000000000
    7260      0.000000000000000000000000
    7261      0.000000000000000000000000
    7262      0.000000000000000000000000
    7263      0.000000000000000000000000
    7264      0.000000000000000000000000
    7265      0.000000000000000000000000
    7266      0.000000000000000000000000
    7267      0.000000000000000000000000
    7268      0.000000000000000000000000
    7269      0.000000000000000000000000
    7270      0.000000000000000000000000
    7271      0.000000000000000000000000
    7272      0.000000000000000000000000
    7273      0.000000000000000000000000
    7274      0.000000000000000000000000
    7275      0.000000000000000000000000
    7276      0.000000000000000000000000
    7277      0.000000000000000000000000
    7278      0.000000000000000000000000
    7279      0.000000000000000000000000
    7280      0.000000000000000000000000
    7281      0.000000000000000000000000
    7282      0.000000000000000000000000
    7283      0.000000000000000000000000
    7284      0.000000000000000000000000
    7285      0.000000000000000000000000
    7286      0.000000000000000000000000
    7287      0.000000000000000000000000
    7288      0.000000000000000000000000
    7289      0.000000000000000000000000
    7290      0.000000000000000000000000
    7291      0.000000000000000000000000
    7292      0.000000000000000000000000
    7293      0.000000000000000000000000
    7294      0.000000000000000000000000
    7295      0.000000000000000000000000
    7296      0.000000000000000000000000
    7297      0.000000000000000000000000
    7298      0.000000000000000000000000
    7299      0.000000000000000000000000
    7300      0.000000001847384609917490
    7301      0.000000002325716376278820
    7302      0.000000002279372161612120
    7303      0.000000002558132012257380
    7304      0.000000002558132012257380
    7305      0.000000002020119767969510
    7306      0.000000001961205118733530
    7307      0.000000001494396629412390
    7308      0.000000001512099349702600
    7309      0.000000001012904183441180
    7310      0.000000000546939722482279
    7311      0.000000000850969706418380
    7312      0.000000000455583168503481
    7313      0.000000000586884501591051
    7314      0.000000000322942371919905
    7315      0.000000000322942371919905
    7316      0.000000000000000000000000
    7317      0.000000000000000000000000
    7318      0.000000000000000000000000
    7319      0.000000000000000000000000
    7320      0.000000000000000000000000
    7321      0.000000000000000000000000
    7322      0.000000000000000000000000
    7323      0.000000000000000000000000
    7324      0.000000000000000000000000
    7325      0.000000000000000000000000
    7326      0.000000000000000000000000
    7327      0.000000000000000000000000
    7328      0.000000000000000000000000
    7329      0.000000000000000000000000
    7330      0.000000000000000000000000
    7331      0.000000000000000000000000
    7332      0.000000000000000000000000
    7333      0.000000000000000000000000
    7334      0.000000000000000000000000
    7335      0.000000000000000000000000
    7336      0.000000000000000000000000
    7337      0.000000000000000000000000
    7338      0.000000000000000000000000
    7339      0.000000000000000000000000
    7340      0.000000000000000000000000
    7341      0.000000000000000000000000
    7342      0.000000000000000000000000
    7343      0.000000000000000000000000
    7344      0.000000000000000000000000
    7345      0.000000000000000000000000
    7346      0.000000000000000000000000
    7347      0.000000000000000000000000
    7348      0.000000000000000000000000
    7349      0.000000000000000000000000
    7350      0.000000000000000000000000
    7351      0.000000000000000000000000
    7352      0.000000000000000000000000
    7353      0.000000000000000000000000
    7354      0.000000000000000000000000
    7355      0.000000000000000000000000
    7356      0.000000000000000000000000
    7357      0.000000000000000000000000
    7358      0.000000000000000000000000
    7359      0.000000000000000000000000
    7360      0.000000000000000000000000
    7361      0.000000000000000000000000
    7362      0.000000000000000000000000
    7363      0.000000000000000000000000
    7364      0.000000000000000000000000
    7365      0.000000000000000000000000
    7366      0.000000000000000000000000
    7367      0.000000000000000000000000
    7368      0.000000000000000000000000
    7369      0.000000000000000000000000
    7370      0.000000000000000000000000
    7371      0.000000000000000000000000
    7372      0.000000000000000000000000
    7373      0.000000000000000000000000
    7374      0.000000000000000000000000
    7375      0.000000000000000000000000
    7376      0.000000000000000000000000
    7377      0.000000000367848021947560
    7378      0.000000000000000000000000
    7379      0.000000000000000000000000
    7380      0.000000000000000000000000
    7381      0.000000000000000000000000
    7382      0.000000000000000000000000
    7383      0.000000000000000000000000
    7384      0.000000000000000000000000
    7385      0.000000000000000000000000
    7386      0.000000000000000000000000
    7387      0.000000000000000000000000
    7388      0.000000000000000000000000
    7389      0.000000000000000000000000
    7390      0.000000000000000000000000
    7391      0.000000000000000000000000
    7392      0.000000000000000000000000
    7393      0.000000000000000000000000
    7394      0.000000000000000000000000
    7395      0.000000000000000000000000
    7396      0.000000002987454115964880
    7397      0.000000003827737660045960
    7398      0.000000004726234272659300
    7399      0.000000004243705967952300
    7400      0.000000002744691508104030
    7401      0.000000000482416820079619
    7402      0.000000000000000000000000
    7403      0.000000000000000000000000
    7404      0.000000000000000000000000
    7405      0.000000000000000000000000
    7406      0.000000000000000000000000
    7407      0.000000000000000000000000
    7408      0.000000000000000000000000
    7409      0.000000000000000000000000
    7410      0.000000000000000000000000
    7411      0.000000000000000000000000
    7412      0.000000000000000000000000
    7413      0.000000000000000000000000
    7414      0.000000000971458897055153
    7415      0.000000000524599170614509
    7416      0.000000000564092422414523
    7417      0.000000000095623216884863
    7418      0.000000000600754515912941
    7419      0.000000000635674765690093
    7420      0.000000001187229828046420
    7421      0.000000001660019790410700
    7422      0.000000002208814293740990
    7423      0.000000002208814293740990
    7424      0.000000001766388938359300
    7425      0.000000001654865596831250
    7426      0.000000001059245933599090
    7427      0.000000000439286888753396
    7428      0.000000000305844434710378
    7429      0.000000000000000000000000
    7430      0.000000000000000000000000
    7431      0.000000000000000000000000
    7432      0.000000000000000000000000
    7433      0.000000000000000000000000
    7434      0.000000000000000000000000
    7435      0.000000000000000000000000
    7436      0.000000000000000000000000
    7437      0.000000000000000000000000
    7438      0.000000000729505245674131
    7439      0.000000000835562719676566
    7440      0.000000000849328624509610
    7441      0.000000000929429140050035
    7442      0.000000001299467401993380
    7443      0.000000001761559191276910
    7444      0.000000001389880328385050
    7445      0.000000001744799620313400
    7446      0.000000002740649983649430
    7447      0.000000002246524624577200
    7448      0.000000001669210010460130
    7449      0.000000001633299170911920
    7450      0.000000001144934536905140
    7451      0.000000000000000000000000
    7452      0.000000000000000000000000
    7453      0.000000000000000000000000
    7454      0.000000000000000000000000
    7455      0.000000000000000000000000
    7456      0.000000000000000000000000
    7457      0.000000000000000000000000
    7458      0.000000000000000000000000
    7459      0.000000000000000000000000
    7460      0.000000000000000000000000
    7461      0.000000000000000000000000
    7462      0.000000000000000000000000
    7463      0.000000000000000000000000
    7464      0.000000000000000000000000
    7465      0.000000000000000000000000
    7466      0.000000000000000000000000
    7467      0.000000000000000000000000
    7468      0.000000000000000000000000
    7469      0.000000000000000000000000
    7470      0.000000000000000000000000
    7471      0.000000000000000000000000
    7472      0.000000000000000000000000
    7473      0.000000000000000000000000
    7474      0.000000000000000000000000
    7475      0.000000000000000000000000
    7476      0.000000000000000000000000
    7477      0.000000000000000000000000
    7478      0.000000000000000000000000
    7479      0.000000000000000000000000
    7480      0.000000000000000000000000
    7481      0.000000000000000000000000
    7482      0.000000000000000000000000
    7483      0.000000000000000000000000
    7484      0.000000000000000000000000
    7485      0.000000000000000000000000
    7486      0.000000000000000000000000
    7487      0.000000000000000000000000
    7488      0.000000000000000000000000
    7489      0.000000000000000000000000
    7490      0.000000000000000000000000
    7491      0.000000000000000000000000
    7492      0.000000000000000000000000
    7493      0.000000000000000000000000
    7494      0.000000000000000000000000
    7495      0.000000000000000000000000
    7496      0.000000000000000000000000
    7497      0.000000000000000000000000
    7498      0.000000000000000000000000
    7499      0.000000001071911618239140
    7500      0.000000002021014041694810
    7501      0.000000001730522040991930
    7502      0.000000000793060149302372
    7503      0.000000001154864355365580
    7504      0.000000001444199378213590
    7505      0.000000001767699972508540
    7506      0.000000002279654916328860
    7507      0.000000002262652241361170
    7508      0.000000002831080428323420
    7509      0.000000002281529045621660
    7510      0.000000002281529045621660
    7511      0.000000002281529045621660
    7512      0.000000002295291901891800
    7513      0.000000002024379529618320
    7514      0.000000002279654916328860
    7515      0.000000002295291901891800
    7516      0.000000002528619711453750
    7517      0.000000002295291901891800
    7518      0.000000002295291901891800
    7519      0.000000002297180532911330
    7520      0.000000002297180532911330
    7521      0.000000001731688797349190
    7522      0.000000001768151748837330
    7523      0.000000000993875948591766
    7524      0.000000000691291722963467
    7525      0.000000000026713365790491
    7526      0.000000000030509559926452
    7527      0.000000000000000000000000
    7528      0.000000000000000000000000
    7529      0.000000000000000000000000
    7530      0.000000000108932337143055
    7531      0.000000002842002936708630
    7532      0.000000003044227333406810
    7533      0.000000003031277497905260
    7534      0.000000003604976030488390
    7535      0.000000004237252239312100
    7536      0.000000004599246725265110
    7537      0.000000004469315898480030
    7538      0.000000004599246725265110
    7539      0.000000004027006501009920
    7540      0.000000003627481386455500
    7541      0.000000003973475404427890
    7542      0.000000003627481386455500
    7543      0.000000003630605488871710
    7544      0.000000003630605488871710
    7545      0.000000002394013568609080
    7546      0.000000001151814944277590
    7547      0.000000000000000000000000
    7548      0.000000000000000000000000
    7549      0.000000000000000000000000
    7550      0.000000000000000000000000
    7551      0.000000000000000000000000
    7552      0.000000000000000000000000
    7553      0.000000000000000000000000
    7554      0.000000000000000000000000
    7555      0.000000000000000000000000
    7556      0.000000000000000000000000
    7557      0.000000000000000000000000
    7558      0.000000000000000000000000
    7559      0.000000000000000000000000
    7560      0.000000000305435630861588
    7561      0.000000005698729694362450
    7562      0.000000005693695693397760
    7563      0.000000005488453256642170
    7564      0.000000006115900751847360
    7565      0.000000005920898239030780
    7566      0.000000005909641199817820
    7567      0.000000006130662034427740
    7568      0.000000006159830974448160
    7569      0.000000005124933135533730
    7570      0.000000005193758221287230
    7571      0.000000004760698550019170
    7572      0.000000004087063968824900
    7573      0.000000003725396589037070
    7574      0.000000003254029917836730
    7575      0.000000003390885484115430
    7576      0.000000003411702830743970
    7577      0.000000003784430759617730
    7578      0.000000003795912373759150
    7579      0.000000003735056610049460
    7580      0.000000003757089392875070
    7581      0.000000003209830503281590
    7582      0.000000003209830503281590
    7583      0.000000003258751414968040
    7584      0.000000003675859667978720
    7585      0.000000003901936032410440
    7586      0.000000003792616716523310
    7587      0.000000003966514449000790
    7588      0.000000003974360050624010
    7589      0.000000004327736083649730
    7590      0.000000004719004121082100
    7591      0.000000004890668508729440
    7592      0.000000004535865913866940
    7593      0.000000004151053944932330
    7594      0.000000003915411724908510
    7595      0.000000004110595193024990
    7596      0.000000003216923195293580
    7597      0.000000002710745606893420
    7598      0.000000002559086218140380
    7599      0.000000002872456641058830
    7600      0.000000003749776952691590
    7601      0.000000004553122460143470
    7602      0.000000004687286080831260
    7603      0.000000004707557972216040
    7604      0.000000005355516846315580
    7605      0.000000005357149494230350
    7606      0.000000005512509456312630
    7607      0.000000005163922064308930
    7608      0.000000005528733899590280
    7609      0.000000005182986238159910
    7610      0.000000004710771299000270
    7611      0.000000005026148640418330
    7612      0.000000005217979805249290
    7613      0.000000005045833571214800
    7614      0.000000005027644055007350
    7615      0.000000005185239879533880
    7616      0.000000005035641307106410
    7617      0.000000004530429871131510
    7618      0.000000004552671758002390
    7619      0.000000003964978735920030
    7620      0.000000003121156558220880
    7621      0.000000003218220435316670
    7622      0.000000002151845351286100
    7623      0.000000002134503310261710
    7624      0.000000002128962948787040
    7625      0.000000004170992310993800
    7626      0.000000004263270615022740
    7627      0.000000005037407131890610
    7628      0.000000005720441974181410
    7629      0.000000005720441974181410
    7630      0.000000005741970983002310
    7631      0.000000005736877464264050
    7632      0.000000005736877464264050
    7633      0.000000005587989706864440
    7634      0.000000005587989706864440
    7635      0.000000005585416503772790
    7636      0.000000004908717267058450
    7637      0.000000004106085061746160
    7638      0.000000004087602333493090
    7639      0.000000004241735367469820
    7640      0.000000001689455758245380
    7641      0.000000000421439193521816
    7642      0.000000001519544539992450
    7643      0.000000001619416979245780
    7644      0.000000001424801588627400
    7645      0.000000001320171295527310
    7646      0.000000001426817445976250
    7647      0.000000001343382602860170
    7648      0.000000001344384803993330
    7649      0.000000001321152710674070
    7650      0.000000002074117421718270
    7651      0.000000001962704125558030
    7652      0.000000002546157882575800
    7653      0.000000002869586041321460
    7654      0.000000002394013568609080
    7655      0.000000002650414501096810
    7656      0.000000003044138452934160
    7657      0.000000003040728888391380
    7658      0.000000003290366900706210
    7659      0.000000003674142407764930
    7660      0.000000004244628026938450
    7661      0.000000004538370723665810
    7662      0.000000004244628026938450
    7663      0.000000004590191015089660
    7664      0.000000004977600011124570
    7665      0.000000004339051976396220
    7666      0.000000003697933852901290
    7667      0.000000003782577736796220
    7668      0.000000002831898569355630
    7669      0.000000001836693154919790
    7670      0.000000001875304760636480
    7671      0.000000001914406050071620
    7672      0.000000003734464514406410
    7673      0.000000003848325020289540
    7674      0.000000003858222294730210
    7675      0.000000003861531279098180
    7676      0.000000003988419008240170
    7677      0.000000004087991181014940
    7678      0.000000004091488525877120
    7679      0.000000004091488525877120
    7680      0.000000004843776706920470
    7681      0.000000004864205844407140
    7682      0.000000004864205844407140
    7683      0.000000004839562346644160
    7684      0.000000005504223367703270
    7685      0.000000004725411125480520
    7686      0.000000004725411125480520
    7687      0.000000004725411125480520
    7688      0.000000004725411125480520
    7689      0.000000004605766345384640
    7690      0.000000003889942183985650
    7691      0.000000003743760465015670
    7692      0.000000002950320429768470
    7693      0.000000002933383771016940
    7694      0.000000001954330374877750
    7695      0.000000001952797396265520
    7696      0.000000001921696958466550
    7697      0.000000004298906420023740
    7698      0.000000003625778134710350
    7699      0.000000003625778134710350
    7700      0.000000004298906420023740
    7701      0.000000004257284914112860
    7702      0.000000003589045951782680
    7703      0.000000003267065386228120
    7704      0.000000003215296086365200
    7705      0.000000003215296086365200
    7706      0.000000003218009689305730
    7707      0.000000003685346938276210
    7708      0.000000003489820841958810
    7709      0.000000003492795393257630
    7710      0.000000004606189276756140
    7711      0.000000003897489002108850
    7712      0.000000003632899780218790
    7713      0.000000003632899780218790
    7714      0.000000002218643028103730
    7715      0.000000001535225832018610
    7716      0.000000000924038864874023
    7717      0.000000002015505457669180
    7718      0.000000000929042717253215
    7719      0.000000001850688002501330
    7720      0.000000001667127646784700
    7721      0.000000001772289945828140
    7722      0.000000002058482522365330
    7723      0.000000002060135358172160
    7724      0.000000002060135358172160
    7725      0.000000001757742031003800
    7726      0.000000002060135358172160
    7727      0.000000002637972076445590
    7728      0.000000002319828905623620
    7729      0.000000002978934571652280
    7730      0.000000002555882766889390
    7731      0.000000003174224302173680
    7732      0.000000002981392766687950
    7733      0.000000002776805411321800
    7734      0.000000002388804591610420
    7735      0.000000002568420033285100
    7736      0.000000002459391865556030
    7737      0.000000002062690858310020
    7738      0.000000001340862731583370
    7739      0.000000000932053292460310
    7740      0.000000000549203781225065
    7741      0.000000000537597695560329
    7742      0.000000003613588190204640
    7743      0.000000003899169038384430
    7744      0.000000001001510916351570
    7745      0.000000001692463818866980
    7746      0.000000001633112841570890
    7747      0.000000001975265593979390
    7748      0.000000002217812182050300
    7749      0.000000002366679277326580
    7750      0.000000002360734893471820
    7751      0.000000002634905700129670
    7752      0.000000002762618813117630
    7753      0.000000002632782629839550
    7754      0.000000002760387524313660
    7755      0.000000003282177318259400
    7756      0.000000002760405303830840
    7757      0.000000002767236930392290
    7758      0.000000003215806535080790
    7759      0.000000003215806535080790
    7760      0.000000002794157972658290
    7761      0.000000002794157972658290
    7762      0.000000001632831762653820
    7763      0.000000001338891830600860
    7764      0.000000001214424376408750
    7765      0.000000001020937697276130
    7766      0.000000000774346169038887
    7767      0.000000000798690217271201
    7768      0.000000001020226456209750
    7769      0.000000001435577533853020
    7770      0.000000002050891213604830
    7771      0.000000003164518176649750
    7772      0.000000005203434017692720
    7773      0.000000004484355373851800
    7774      0.000000004882689158935420
    7775      0.000000004352437809681290
    7776      0.000000004085603908859690
    7777      0.000000004085603908859690
    7778      0.000000004926676038898680
    7779      0.000000004746603122206220
    7780      0.000000004926651986144390
    7781      0.000000004935158397382640
    7782      0.000000004746603122206220
    7783      0.000000005137054353478800
    7784      0.000000004261831254342050
    7785      0.000000003783148405329950
    7786      0.000000003181255206297610
    7787      0.000000002408093732972800
    7788      0.000000002039822638245720
    7789      0.000000001736937628846810
    7790      0.000000001987200591152200
    7791      0.000000001414692683564410
    7792      0.000000001753143980281690
    7793      0.000000002505609097008060
    7794      0.000000002461418410872340
    7795      0.000000002978232926854140
    7796      0.000000002774058538935390
    7797      0.000000002771763439797030
    7798      0.000000002975709971488870
    7799      0.000000002771763439797030
    7800      0.000000002771763439797030
    7801      0.000000002737904744748310
    7802      0.000000002402302458140190
    7803      0.000000002038662215559510
    7804      0.000000002011180416575890
    7805      0.000000001938839092543600
    7806      0.000000002011180416575890
    7807      0.000000002011917546948900
    7808      0.000000002361511353948950
    7809      0.000000002755306106946290
    7810      0.000000002306043187617280
    7811      0.000000001688307013525060
    7812      0.000000000268759650314473
    7813      0.000000000882621489405129
    7814      0.000000000502942196152374
    7815      0.000000000492165928347503
    7816      0.000000000832824072384421
    7817      0.000000001425810277868410
    7818      0.000000002338972118941640
    7819      0.000000003046726547949600
    7820      0.000000003235982481223980
    7821      0.000000003955727000456150
    7822      0.000000003910314565451850
    7823      0.000000003901936032410440
    7824      0.000000003497374709429300
    7825      0.000000004316478380359620
    7826      0.000000003925682199435740
    7827      0.000000004144308504004350
    7828      0.000000004520097592507640
    7829      0.000000004520097592507640
    7830      0.000000003922300088835540
    7831      0.000000003954644903581750
    7832      0.000000003996971491494940
    7833      0.000000003502636672090940
    7834      0.000000002788571890225090
    7835      0.000000003060971468378870
    7836      0.000000002823474814846670
    7837      0.000000003025746877552410
    7838      0.000000004929904625590700
    7839      0.000000005080009953145550
    7840      0.000000005057122004811450
    7841      0.000000005052689273189480
    7842      0.000000005052689273189480
    7843      0.000000003373342930245230
    7844      0.000000002711276596666940
    7845      0.000000001709879933287100
    7846      0.000000001793405665980030
    7847      0.000000001793405665980030
    7848      0.000000001512776488232260
    7849      0.000000001529982946997840
    7850      0.000000001525343912380390
    7851      0.000000001451004715572320
    7852      0.000000001451004715572320
    7853      0.000000001451004715572320
    7854      0.000000001437379550523230
    7855      0.000000000331518802351484
    7856      0.000000000328885837741072
    7857      0.000000000328885837741072
    7858      0.000000000000000000000000
    7859      0.000000000000000000000000
    7860      0.000000000000000000000000
    7861      0.000000000000000000000000
    7862      0.000000000000000000000000
    7863      0.000000000000000000000000
    7864      0.000000000000000000000000
    7865      0.000000000000000000000000
    7866      0.000000000000000000000000
    7867      0.000000000000000000000000
    7868      0.000000000000000000000000
    7869      0.000000000000000000000000
    7870      0.000000000000000000000000
    7871      0.000000000000000000000000
    7872      0.000000000000000000000000
    7873      0.000000000000000000000000
    7874      0.000000000000000000000000
    7875      0.000000000000000000000000
    7876      0.000000000000000000000000
    7877      0.000000000000000000000000
    7878      0.000000000000000000000000
    7879      0.000000000000000000000000
    7880      0.000000000000000000000000
    7881      0.000000000000000000000000
    7882      0.000000000000000000000000
    7883      0.000000000000000000000000
    7884      0.000000000000000000000000
    7885      0.000000000000000000000000
    7886      0.000000000000000000000000
    7887      0.000000000000000000000000
    7888      0.000000000000000000000000
    7889      0.000000000000000000000000
    7890      0.000000000000000000000000
    7891      0.000000000000000000000000
    7892      0.000000001145033459931320
    7893      0.000000005631237882402820
    7894      0.000000005688412274351500
    7895      0.000000005736613718094370
    7896      0.000000005693436689530030
    7897      0.000000004269678936991820
    7898      0.000000005532678192497400
    7899      0.000000004847975157369750
    7900      0.000000004852199508212560
    7901      0.000000005227606550661410
    7902      0.000000004952419834360670
    7903      0.000000004956769478910910
    7904      0.000000004956769478910910
    7905      0.000000004572561990977340
    7906      0.000000004031148112504760
    7907      0.000000003953334578076080
    7908      0.000000003768929143034040
    7909      0.000000003713421173418320
    7910      0.000000003441917751691380
    7911      0.000000003441917751691380
    7912      0.000000003438982757969610
    7913      0.000000003721673332990580
    7914      0.000000003421809375348130
    7915      0.000000003113184741976010
    7916      0.000000003408214041710090
    7917      0.000000003960598873280580
    7918      0.000000003274948847793360
    7919      0.000000004932124816568920
    7920      0.000000004932124816568920
    7921      0.000000004315328914356240
    7922      0.000000005251023232291990
    7923      0.000000005251023232291990
    7924      0.000000004600963327460210
    7925      0.000000004600963327460210
    7926      0.000000004932124816568920
    7927      0.000000004932124816568920
    7928      0.000000004936460618369180
    7929      0.000000004936460618369180
    7930      0.000000004033994280395700
    7931      0.000000004036061497121560
    7932      0.000000003643795841298240
    7933      0.000000003000510003390070
    7934      0.000000001930259915848170
    7935      0.000000002682860778805090
    7936      0.000000003426866463818790
    7937      0.000000004551140134536360
    7938      0.000000005755635142790720
    7939      0.000000005760716356573750
    7940      0.000000006308684588839490
    7941      0.000000006460544333966340
    7942      0.000000007484915545192220
    7943      0.000000007484915545192220
    7944      0.000000007491532046593930
    7945      0.000000007032724967933690
    7946      0.000000006362477254270590
    7947      0.000000007332860048826870
    7948      0.000000007056773704359170
    7949      0.000000007332830664770510
    7950      0.000000006716768734274240
    7951      0.000000005556031109771000
    7952      0.000000003273715346264660
    7953      0.000000002294462977399730
    7954      0.000000001788938210393740
    7955      0.000000001056277800077610
    7956      0.000000000530465025868366
    7957      0.000000001603485374211240
    7958      0.000000001409424449535470
    7959      0.000000001805521855165910
    7960      0.000000001887954111798070
    7961      0.000000001905925714345390
    7962      0.000000002368573051996400
    7963      0.000000003153452729118680
    7964      0.000000003591367764669560
    7965      0.000000004895328738040480
    7966      0.000000004559712362549410
    7967      0.000000004899581228232050
    7968      0.000000005147274730569560
    7969      0.000000005870396498452600
    7970      0.000000006900185780984120
    7971      0.000000007182506643384680
    7972      0.000000006241105888444420
    7973      0.000000005865290457192370
    7974      0.000000005470284207907690
    7975      0.000000005207934684318380
    7976      0.000000005860164464909630
    7977      0.000000005572090638302900
    7978      0.000000005207934684318380
    7979      0.000000005264123998901800
    7980      0.000000005172132175705650
    7981      0.000000004978444380701000
    7982      0.000000004974113790897840
    7983      0.000000005189646367743950
    7984      0.000000005185160751134200
    7985      0.000000005198597601494050
    7986      0.000000004567107913430650
    7987      0.000000004818176360117340
    7988      0.000000005159241864437030
    7989      0.000000004235117535771750
    7990      0.000000003878838569216010
    7991      0.000000001795865579842650
    7992      0.000000001025380929306400
    7993      0.000000000923670310870615
    7994      0.000000002320080533461030
    7995      0.000000003477206559309990
    7996      0.000000003135119434850210
    7997      0.000000003919536969097970
    7998      0.000000004238773947331800
    7999      0.000000004301469091501490
    8000      0.000000003991612044768140
    8001      0.000000004346031623498320
    8002      0.000000004302416845879960
    8003      0.000000004021525709788060
    8004      0.000000004269267381779370
    8005      0.000000003662565192131210
    8006      0.000000004345346869054350
    8007      0.000000003480810917713280
    8008      0.000000004104195739691090
    8009      0.000000003910748795706100
    8010      0.000000004114144908903650
    8011      0.000000003822129218037770
    8012      0.000000004361160722988770
    8013      0.000000004849769701160260
    8014      0.000000004630025773392830
    8015      0.000000004486402915815310
    8016      0.000000004373670980483460
    8017      0.000000405439562263391000
    8018      0.000000003798428772031480
    8019      0.000000003663828008408830
    8020      0.000000003709290655608770
    8021      0.000000004166497729289410
    8022      0.000000004198795808060280
    8023      0.000000004166497729289410
    8024      0.000000003963679697877550
    8025      0.000000003963679697877550
    8026      0.000000003971784216678200
    8027      0.000000003183946546644430
    8028      0.000000003527365634933960
    8029      0.000000003559821466630210
    8030      0.000000003563212447128000
    8031      0.000000003566581610563900
    8032      0.000000003720807354753360
    8033      0.000000003724311421401530
    8034      0.000000003556425160346440
    8035      0.000000003794277122409240
    8036      0.000000003650634167888800
    8037      0.000000003654059946035600
    8038      0.000000003657491116217640
    8039      0.000000003842834894715690
    8040      0.000000003842834894715690
    8041      0.000000003842834894715690
    8042      0.000000003972428108510370
    8043      0.000000003968699874050980
    8044      0.000000003961231026528270
    8045      0.000000004570448687694140
    8046      0.000000004204438328668410
    8047      0.000000004887947872020280
    8048      0.000000004647675693678540
    8049      0.000000004377733616908070
    8050      0.000000003803194605939800
    8051      0.000000003581749577911680
    8052      0.000000003393938685482720
    8053      0.000000003588086452357130
    8054      0.000000003769235432667390
    8055      0.000000003188715150616990
    8056      0.000000003581749577911680
    8057      0.000000003803194605939800
    8058      0.000000004184534795073110
    8059      0.000000004386694884057010
    8060      0.000000004390864691473990
    8061      0.000000003971638193369880
    8062      0.000000004403366175376130
    8063      0.000000004407516280187710
    8064      0.000000004411035852329080
    8065      0.000000004222298144253920
    8066      0.000000004587740360846190
    8067      0.000000004578228947955830
    8068      0.000000004917178050503290
    8069      0.000000005243281746947710
    8070      0.000000004714221111787570
    8071      0.000000003998569990517240
    8072      0.000000004430683299479990
    8073      0.000000003810906699348290
    8074      0.000000003594071492193980
    8075      0.000000002539308383881550
    8076      0.000000000167520719655338
    8077      0.000000000477739539985360
    8078      0.000000000206776824492472
    8079      0.000000000188100629602887
    8080      0.000000000538395490763432
    8081      0.000000001250297447929870
    8082      0.000000001310620723697450
    8083      0.000000001196877227163300
    8084      0.000000002777634355020820
    8085      0.000000002463911981947680
    8086      0.000000002541801029858450
    8087      0.000000003593655270079630
    8088      0.000000004100960698438250
    8089      0.000000004694225880848600
    8090      0.000000004439001441732300
    8091      0.000000004698658767005810
    8092      0.000000004887730900247560
    8093      0.000000005246173618022470
    8094      0.000000004986786041228310
    8095      0.000000004986786041228310
    8096      0.000000004720083602308460
    8097      0.000000004430683299479990
    8098      0.000000004174682677570640
    8099      0.000000003856764292574110
    8100      0.000000003020324439831370
    8101      0.000000002886376045639340
    8102      0.000000002883670686882920
    8103      0.000000003008047727286560
    8104      0.000000003849544913165900
    8105      0.000000004397324350980860
    8106      0.000000005436580794516320
    8107      0.000000005691026911661930
    8108      0.000000005675942458301470
    8109      0.000000005938752331407530
    8110      0.000000005933981379963060
    8111      0.000000005933981379963060
    8112      0.000000006029614846378010
    8113      0.000000006387222629229880
    8114      0.000000006678733491883040
    8115      0.000000006684126717625990
    8116      0.000000006691354378980420
    8117      0.000000007038429016957370
    8118      0.000000006720617286098040
    8119      0.000000006394365565715070
    8120      0.000000007043019714731470
    8121      0.000000006423420087816550
    8122      0.000000006189676949136780
    8123      0.000000005891778853797270
    8124      0.000000004973894942496880
    8125      0.000000005526095217839930
    8126      0.000000005186475716238550
    8127      0.000000005239607230577240
    8128      0.000000005239607230577240
    8129      0.000000005221702826937550
    8130      0.000000005120265230566120
    8131      0.000000004725925618592030
    8132      0.000000005532921441073350
    8133      0.000000005289648033069570
    8134      0.000000004872843613489450
    8135      0.000000005096949708167580
    8136      0.000000004894951715949770
    8137      0.000000005701718825002120
    8138      0.000000004456946203675480
    8139      0.000000004453456941091060
    8140      0.000000004453456941091060
    8141      0.000000004457590989679090
    8142      0.000000003974897105931680
    8143      0.000000004666870668704400
    8144      0.000000004666870668704400
    8145      0.000000004473532424755870
    8146      0.000000003837287488950420
    8147      0.000000003285927540187340
    8148      0.000000003317751931454680
    8149      0.000000003265444944727020
    8150      0.000000003310871949515320
    8151      0.000000003742554867724050
    8152      0.000000004007970350417260
    8153      0.000000004881103221082580
    8154      0.000000004510846047114850
    8155      0.000000004164110350823830
    8156      0.000000004200347320744400
    8157      0.000000004723099454626240
    8158      0.000000005201964818480810
    8159      0.000000005809743084718260
    8160      0.000000006664561114887240
    8161      0.000000006835333201933640
    8162      0.000000006664537791695620
    8163      0.000000006470429518529710
    8164      0.000000007114346437953150
    8165      0.000000007120912202770170
    8166      0.000000007078152053418120
    8167      0.000000007078152053418120
    8168      0.000000007120912202770170
    8169      0.000000006476348037941200
    8170      0.000000006475455093518160
    8171      0.000000006273156470837960
    8172      0.000000005772039080555150
    8173      0.000000005575586545941980
    8174      0.000000005082029059778430
    8175      0.000000005221362415352050
    8176      0.000000005231084391015440
    8177      0.000000005662400896475350
    8178      0.000000006110584811384250
    8179      0.000000006248444356002540
    8180      0.000000006414929964897790
    8181      0.000000006409020501790680
    8182      0.000000006416281683406850
    8183      0.000000006354001658540270
    8184      0.000000006555020096605550
    8185      0.000000006776996875219890
    8186      0.000000006601976384157510
    8187      0.000000006423191948268450
    8188      0.000000006411337150551480
    8189      0.000000006583667539283010
    8190      0.000000007069868029564950
    8191      0.000000007579260839295110
    8192      0.000000007056706670197340
    8193      0.000000007080687889051800
    8194      0.000000006997492938188950
    8195      0.000000006461503736884180
    8196      0.000000006467646277833930
    8197      0.000000006585636062308710
    8198      0.000000006585636062308710
    8199      0.000000006462595210408230
    8200      0.000000006743206435707330
    8201      0.000000007025866960636140
    8202      0.000000007039142785053170
    8203      0.000000007125918374269240
    8204      0.000000007735563506132880
    8205      0.000000007805636689054560
    8206      0.000000007680156284293920
    8207      0.000000008417864399377820
    8208      0.000000008534385684898450
    8209      0.000000009091931144780040
    8210      0.000000007856816334432590
    8211      0.000000008655502401726600
    8212      0.000000009623731416086120
    8213      0.000000007991328616872630
    8214      0.000000008664007025287270
    8215      0.000000008664007025287270
    8216      0.000000008913407639037110
    8217      0.000000008397052014769560
    8218      0.000000008300980808973920
    8219      0.000000008269199477098810
    8220      0.000000006973058248609660
    8221      0.000000006966647000169380
    8222      0.000000006531060539950180
    8223      0.000000006646894394096870
    8224      0.000000007208936180814410
    8225      0.000000007582787614420760
    8226      0.000000007591102322982060
    8227      0.000000007736807436825070
    8228      0.000000008072005770141790
    8229      0.000000008278987702323180
    8230      0.000000008484932884337760
    8231      0.000000007793049368064390
    8232      0.000000008418937078728160
    8233      0.000000008163655232909090
    8234      0.000000008434546403300590
    8235      0.000000008452359609846850
    8236      0.000000009150962845728270
    8237      0.000000008824694812585870
    8238      0.000000008972492943109800
    8239      0.000000008972492943109800
    8240      0.000000009170858823642470
    8241      0.000000008241376646999560
    8242      0.000000008158169106254980
    8243      0.000000007505690152794330
    8244      0.000000007505690152794330
    8245      0.000000006860218439470030
    8246      0.000000006319600187291480
    8247      0.000000005748703884163810
    8248      0.000000005723092456547190
    8249      0.000000005722581117039440
    8250      0.000000006830584227937630
    8251      0.000000007329523183984880
    8252      0.000000007533512997472370
    8253      0.000000007721355574344170
    8254      0.000000007813863884402590
    8255      0.000000007618410310622690
    8256      0.000000007800970768308560
    8257      0.000000007821156292492910
    8258      0.000000007856014375000340
    8259      0.000000007246270647422190
    8260      0.000000007662946229987540
    8261      0.000000007239500068133300
    8262      0.000000006801955493842510
    8263      0.000000006795592682519890
    8264      0.000000006612794952073950
    8265      0.000000006125137571422940
    8266      0.000000005655758595715640
    8267      0.000000005458030532787650
    8268      0.000000005281414471864990
    8269      0.000000005085932242487280
    8270      0.000000004622224036443150
    8271      0.000000004651641071855360
    8272      0.000000004655980182246300
    8273      0.000000004831660685819770
    8274      0.000000005120826387293080
    8275      0.000000005090735945973600
    8276      0.000000005306345752105940
    8277      0.000000005803851225681030
    8278      0.000000005975605964297690
    8279      0.000000005591784717303230
    8280      0.000000005529139998622900
    8281      0.000000006078720111212610
    8282      0.000000005512627521449210
    8283      0.000000006084358503824920
    8284      0.000000005918212475824960
    8285      0.000000005707242171084030
    8286      0.000000005512627521449210
    8287      0.000000005707242171084030
    8288      0.000000006086794955948600
    8289      0.000000005707242171084030
    8290      0.000000005161395122025770
    8291      0.000000004673036592930260
    8292      0.000000004699003657227560
    8293      0.000000004999425015413550
    8294      0.000000004659597093642370
    8295      0.000000003846273895844920
    8296      0.000000003662951855320330
    8297      0.000000003461755780000360
    8298      0.000000003447044145577240
    8299      0.000000003286442697819360
    8300      0.000000003440953614370300
    8301      0.000000003065729215437870
    8302      0.000000003083165323557790
    8303      0.000000002836393000796500
    8304      0.000000002833792205804300
    8305      0.000000002659940825140450
    8306      0.000000002831182452030780
    8307      0.000000002833792205804300
    8308      0.000000002961370100744420
    8309      0.000000002967564659325320
    8310      0.000000003121286167393230
    8311      0.000000002955901291643770
    8312      0.000000003281157796746830
    8313      0.000000002525370722358600
    8314      0.000000002520737326040600
    8315      0.000000002254525927565650
    8316      0.000000001866518630770270
    8317      0.000000001729532779151370
    8318      0.000000001381270125377390
    8319      0.000000001033218835193600
    8320      0.000000000895120222563876
    8321      0.000000000899771417496626
    8322      0.000000000998130678992605
    8323      0.000000001119491475754760
    8324      0.000000002073092459156720
    8325      0.000000003177963905756250
    8326      0.000000003636154187726500
    8327      0.000000003413851824810430
    8328      0.000000004581570743223220
    8329      0.000000004868932810505770
    8330      0.000000005075224650115650
    8331      0.000000005295366266099250
    8332      0.000000005065733245850670
    8333      0.000000005905192001892680
    8334      0.000000005910754763718970
    8335      0.000000006081795520955170
    8336      0.000000006081795520955170
    8337      0.000000005927445302578620
    8338      0.000000006173928324191160
    8339      0.000000005329917115612470
    8340      0.000000005071311793831360
    8341      0.000000004924279414101370
    8342      0.000000004922288761522230
    8343      0.000000005733597792101530
    8344      0.000000005645768822087220
    8345      0.000000005645768822087220
    8346      0.000000005853267711621930
    8347      0.000000005192148018557440
    8348      0.000000005276428156643710
    8349      0.000000004957573016881030
    8350      0.000000004917978893040980
    8351      0.000000004677703041929140
    8352      0.000000004677703041929140
    8353      0.000000004978564714003130
    8354      0.000000004677703041929140
    8355      0.000000004682078529216000
    8356      0.000000004677703041929140
    8357      0.000000004677703041929140
    8358      0.000000004677703041929140
    8359      0.000000004677703041929140
    8360      0.000000004105745091207160
    8361      0.000000004126857406845520
    8362      0.000000003890616485225110
    8363      0.000000003524838572618740
    8364      0.000000003572064611661930
    8365      0.000000003310528073747380
    8366      0.000000003074746978110440
    8367      0.000000003074746978110440
    8368      0.000000002790010927633560
    8369      0.000000002783323196539380
    8370      0.000000002985093457074710
    8371      0.000000003445670360018570
    8372      0.000000003674821997106740
    8373      0.000000002838563158973130
    8374      0.000000003613308772839160
    8375      0.000000002859264253580580
    8376      0.000000003898356948635080
    8377      0.000000003425287727882800
    8378      0.000000003483219644445120
    8379      0.000000003693838726441770
    8380      0.000000003549731813423220
    8381      0.000000003137124333811810
    8382      0.000000002893608311764380
    8383      0.000000002792200197518000
    8384      0.000000002893608311764380
    8385      0.000000002666134017849220
    8386      0.000000002440671956654070
    8387      0.000000001355612761594970
    8388      0.000000001347808089805010
    8389      0.000000001138207736350370
    8390      0.000000001136099788486220
    8391      0.000000000543490996104588
    8392      0.000000000543940539923358
    8393      0.000000001130166460335210
    8394      0.000000001348253871307840
    8395      0.000000001354135608783750
    8396      0.000000001354422601759870
    8397      0.000000002146548341880150
    8398      0.000000002637876721847420
    8399      0.000000003867296687252880
    8400      0.000000004637726055385320
    8401      0.000000005107783912361000
    8402      0.000000005113434288049360
    8403      0.000000005606645294845130
    8404      0.000000005850784359458470
    8405      0.000000005762562383269070
    8406      0.000000005762562383269070
    8407      0.000000006727902732244990
    8408      0.000000006734189357739000
    8409      0.000000006504122351327510
    8410      0.000000005374643968572310
    8411      0.000000003612808736477510
    8412      0.000000002205073127623910
    8413      0.000000002199444916140170
    8414      0.000000002000880673351790
    8415      0.000000002299785599692570
    8416      0.000000003317966685825710
    8417      0.000000004163071715838530
    8418      0.000000004718416672193940
    8419      0.000000004453105142239660
    8420      0.000000004421986402161680
    8421      0.000000004901208051367860
    8422      0.000000005469928036617140
    8423      0.000000005122964116446550
    8424      0.000000003857815813293720
    8425      0.000000004135704728036830
    8426      0.000000004131839713056190
    8427      0.000000004135362813342500
    8428      0.000000003809547768779390
    8429      0.000000003537322997224470
    8430      0.000000003534002903723790
    8431      0.000000003561504304687150
    8432      0.000000003530698431010840
    8433      0.000000003527384572600370
    8434      0.000000003527384572600370
    8435      0.000000003205851564419970
    8436      0.000000003567294032242220
    8437      0.000000003570645373009470
    8438      0.000000003004233445138160
    8439      0.000000003251226576912680
    8440      0.000000003257291137338970
    8441      0.000000003587373556674660
    8442      0.000000003547239521887470
    8443      0.000000003550559637429410
    8444      0.000000003820215698337520
    8445      0.000000003823762713251570
    8446      0.000000003823762713251570
    8447      0.000000004073744309341700
    8448      0.000000004418083106648370
    8449      0.000000004748622735412270
    8450      0.000000004429521047867340
    8451      0.000000004429521047867340
    8452      0.000000004429521047867340
    8453      0.000000004900197358711200
    8454      0.000000004900197358711200
    8455      0.000000005258112164924640
    8456      0.000000005253207030185010
    8457      0.000000004495407354998190
    8458      0.000000004506601475473160
    8459      0.000000003844308419259480
    8460      0.000000004226054066757400
    8461      0.000000003833601003143910
    8462      0.000000003830028136378460
    8463      0.000000004033719442171150
    8464      0.000000004036369699531560
    8465      0.000000004072849578758310
    8466      0.000000004274756507752940
    8467      0.000000004708261114458920
    8468      0.000000004901130701173860
    8469      0.000000004896539709182140
    8470      0.000000005446176296124160
    8471      0.000000004799067501542320
    8472      0.000000004450141186053980
    8473      0.000000004949648662062670
    8474      0.000000004789415624618580
    8475      0.000000005618969863177790
    8476      0.000000005461602439458640
    8477      0.000000006118143235119930
    8478      0.000000006257654296403150
    8479      0.000000006257654296403150
    8480      0.000000006099613285457480
    8481      0.000000005712027635127200
    8482      0.000000005738642668890110
    8483      0.000000005450339089236840
    8484      0.000000005450339089236840
    8485      0.000000005705092404450130
    8486      0.000000005450339089236840
    8487      0.000000005916579384302210
    8488      0.000000005916579384302210
    8489      0.000000005918806951185260
    8490      0.000000006351096839635240
    8491      0.000000006351096839635240
    8492      0.000000005709353877117240
    8493      0.000000005735916672502450
    8494      0.000000005451889441342790
    8495      0.000000005415764667010150
    8496      0.000000005234706270132560
    8497      0.000000005079203424640050
    8498      0.000000005213720322790830
    8499      0.000000005174177530308460
    8500      0.000000005205590588134860
    8501      0.000000005272868539010870
    8502      0.000000005288795010399800
    8503      0.000000005272868539010870
    8504      0.000000005288795010399800
    8505      0.000000004670646490587610
    8506      0.000000004740547151090930
    8507      0.000000004740547151090930
    8508      0.000000004124939352093930
    8509      0.000000003837022445771450
    8510      0.000000003837022445771450
    8511      0.000000003537993224330070
    8512      0.000000003799919191368450
    8513      0.000000004073545430712110
    8514      0.000000004124939352093930
    8515      0.000000004422090078334150
    8516      0.000000004422090078334150
    8517      0.000000004972492628456620
    8518      0.000000005258385992276050
    8519      0.000000006067210822818960
    8520      0.000000006061539307625770
    8521      0.000000006391681020341540
    8522      0.000000006412147002788160
    8523      0.000000006406111793691590
    8524      0.000000006097073270911600
    8525      0.000000005300712014575130
    8526      0.000000004397324350980860
    8527      0.000000003883290026544500
    8528      0.000000004397302326860100
    8529      0.000000004397302326860100
    8530      0.000000004401408877411460
    8531      0.000000003805492729466190
    8532      0.000000003397617223685370
    8533      0.000000003018770166886930
    8534      0.000000001992970812506230
    8535      0.000000002324614166075340
    8536      0.000000000528843228598239
    8537      0.000000000667157260249491
    8538      0.000000002883881823735620
    8539      0.000000000224311090050999
    8540      0.000000000585138778488619
    8541      0.000000000271089152574513
    8542      0.000000000298895747017539
    8543      0.000000000285923371251706
    8544      0.000000001392898360135850
    8545      0.000000001455189989454120
    8546      0.000000001455189989454120
    8547      0.000000000816925111082278
    8548      0.000000001992538686734690
    8549      0.000000002522219742157130
    8550      0.000000002017727492812780
    8551      0.000000002072375092416290
    8552      0.000000001898664846126780
    8553      0.000000001995235946645080
    8554      0.000000001688950644062540
    8555      0.000000001436463319629050
    8556      0.000000001203889643561420
    8557      0.000000000923444532287102
    8558      0.000000000919000661977864
    8559      0.000000001335998462152140
    8560      0.000000001549409621484020
    8561      0.000000001915044285748570
    8562      0.000000001950319836417560
    8563      0.000000001848690036575880
    8564      0.000000002554428646310470
    8565      0.000000002004912092812700
    8566      0.000000002605069813011360
    8567      0.000000003613640604394460
    8568      0.000000003372567417091810
    8569      0.000000003372567417091810
    8570      0.000000003871337782880300
    8571      0.000000005603760649333830
    8572      0.000000003390088461571170
    8573      0.000000003366328075823070
    8574      0.000000003864169464474320
    8575      0.000000003492817628746310
    8576      0.000000002725185074282640
    8577      0.000000002244727756073480
    8578      0.000000002510492275320030
    8579      0.000000002040085860801690
    8580      0.000000001814454726374210
    8581      0.000000001814454726374210
    8582      0.000000001815551511654300
    8583      0.000000001802832685962200
    8584      0.000000002039443670898130
    8585      0.000000002416597060443010
    8586      0.000000002776490489965910
    8587      0.000000002979261360124410
    8588      0.000000003256148856990450
    8589      0.000000003256148856990450
    8590      0.000000002979261360124410
    8591      0.000000003256148856990450
    8592      0.000000003292367367463230
    8593      0.000000003561903442102560
    8594      0.000000004192184463954030
    8595      0.000000003295412328293350
    8596      0.000000003186406460343610
    8597      0.000000003089380624546370
    8598      0.000000003089380624546370
    8599      0.000000002984778528829650
    8600      0.000000002984778528829650
    8601      0.000000003362531299681040
    8602      0.000000003095091911273710
    8603      0.000000002618614634760580
    8604      0.000000002043195686746830
    8605      0.000000002043195686746830
    8606      0.000000001973413502343140
    8607      0.000000001973413502343140
    8608      0.000000002248153547259340
    8609      0.000000002612206747387000
    8610      0.000000002780202732633320
    8611      0.000000002719061608988830
    8612      0.000000002359782611954240
    8613      0.000000000000000000000000
    8614      0.000000000000000000000000
    8615      0.000000000000000000000000
    8616      0.000000000000000000000000
    8617      0.000000000000000000000000
    8618      0.000000000000000000000000
    8619      0.000000000000000000000000
    8620      0.000000000000000000000000
    8621      0.000000000000000000000000
    8622      0.000000000000000000000000
    8623      0.000000000000000000000000
    8624      0.000000000000000000000000
    8625      0.000000000000000000000000
    8626      0.000000000000000000000000
    8627      0.000000000000000000000000
    8628      0.000000000000000000000000
    8629      0.000000000000000000000000
    8630      0.000000000000000000000000
    8631      0.000000000000000000000000
    8632      0.000000000000000000000000
    8633      0.000000000000000000000000
    8634      0.000000000000000000000000
    8635      0.000000000000000000000000
    8636      0.000000000000000000000000
    8637      0.000000000000000000000000
    8638      0.000000000000000000000000
    8639      0.000000000000000000000000
    8640      0.000000000000000000000000
    8641      0.000000000000000000000000
    8642      0.000000000000000000000000
    8643      0.000000000000000000000000
    8644      0.000000000000000000000000
    8645      0.000000000000000000000000
    8646      0.000000000000000000000000
    8647      0.000000000000000000000000
    8648      0.000000000000000000000000
    8649      0.000000000000000000000000
    8650      0.000000000000000000000000
    8651      0.000000000000000000000000
    8652      0.000000000000000000000000
    8653      0.000000000000000000000000
    8654      0.000000000000000000000000
    8655      0.000000000000000000000000
    8656      0.000000000000000000000000
    8657      0.000000000000000000000000
    8658      0.000000000000000000000000
    8659      0.000000000000000000000000
    8660      0.000000000000000000000000
    8661      0.000000000000000000000000
    8662      0.000000000000000000000000
    8663      0.000000000000000000000000
    8664      0.000000000000000000000000
    8665      0.000000000000000000000000
    8666      0.000000000000000000000000
    8667      0.000000000000000000000000
    8668      0.000000000000000000000000
    8669      0.000000000000000000000000
    8670      0.000000000000000000000000
    8671      0.000000000000000000000000
    8672      0.000000000000000000000000
    8673      0.000000000000000000000000
    8674      0.000000000000000000000000
    8675      0.000000000000000000000000
    8676      0.000000000000000000000000
    8677      0.000000000000000000000000
    8678      0.000000000000000000000000
    8679      0.000000000000000000000000
    8680      0.000000000000000000000000
    8681      0.000000000000000000000000
    8682      0.000000000000000000000000
    8683      0.000000000000000000000000
    8684      0.000000000000000000000000
    8685      0.000000000000000000000000
    8686      0.000000000000000000000000
    8687      0.000000000000000000000000
    8688      0.000000000000000000000000
    8689      0.000000000000000000000000
    8690      0.000000000000000000000000
    8691      0.000000000000000000000000
    8692      0.000000002069187678234640
    8693      0.000000005594332480965170
    8694      0.000000005906842834814710
    8695      0.000000006455718442626890
    8696      0.000000005917950463289390
    8697      0.000000004650431915423600
    8698      0.000000004117129505060760
    8699      0.000000003536292092181740
    8700      0.000000003249973731358260
    8701      0.000000002697524371964620
    8702      0.000000002697524371964620
    8703      0.000000002697524371964620
    8704      0.000000003035491812366940
    8705      0.000000003594839478850870
    8706      0.000000003968681970516340
    8707      0.000000005255539154004890
    8708      0.000000005350785494817890
    8709      0.000000005845084070437620
    8710      0.000000005350785472776630
    8711      0.000000005952803332030310
    8712      0.000000006812040855727300
    8713      0.000000006231821313309640
    8714      0.000000007127049173578690
    8715      0.000000006153449480302210
    8716      0.000000006147706303935180
    8717      0.000000005880138052324320
    8718      0.000000006131803458588930
    8719      0.000000006131803458588930
    8720      0.000000006041096709255060
    8721      0.000000004870534557353440
    8722      0.000000004326109342644240
    8723      0.000000003510292892414210
    8724      0.000000003013672150127230
    8725      0.000000002238780219407660
    8726      0.000000002298867932907820
    8727      0.000000002046554361038280
    8728      0.000000002044655219163750
    8729      0.000000002296725038427630
    8730      0.000000002011948607028210
    8731      0.000000002011948607028210
    8732      0.000000001717905821874810
    8733      0.000000001717905821874810
    8734      0.000000002049786180202210
    8735      0.000000001747057736883860
    8736      0.000000001874570885292660
    8737      0.000000001876326847010050
    8738      0.000000001883282789138890
    8739      0.000000002191729480027750
    8740      0.000000002191729480027750
    8741      0.000000002193780171726730
    8742      0.000000002195829227775290
    8743      0.000000002197879919474920
    8744      0.000000002199923173602290
    8745      0.000000001808847631180470
    8746      0.000000001804004485133020
    8747      0.000000001423239867680110
    8748      0.000000001314278042287210
    8749      0.000000000895355130729164
    8750      0.000000000817207484624741
    8751      0.000000001192349356329290
    8752      0.000000001595688655853940
    8753      0.000000002203888000493500
    8754      0.000000002480420511094830
    8755      0.000000002478100223507300
    8756      0.000000002523757617901890
    8757      0.000000003164835576742550
    8758      0.000000002599860417111690
    8759      0.000000003084450282103640
    8760      0.000000002595001561402430
