,T Crawl [F],HR Crawl [lb/lb],RH_crawl [%]
0,50.9,0.003968818534961438,49.54820867309513
1,50.9,0.003978062989653328,49.662886390693004
2,50.9,0.003987156376295045,49.77568680013268
3,50.9,0.003997110094815193,49.89915558057898
4,50.9,0.004008562738092691,50.04121259555478
5,50.9,0.004017633424255936,50.153720452587756
6,50.9,0.004027562855104444,50.27687597332222
7,50.9,0.004038193515386941,50.4087245678712
8,50.9,0.004045717886400327,50.50204416837596
9,50.9,0.004052249264951544,50.58304654725963
10,50.9,0.004058775579335363,50.66398443186399
11,50.9,0.004063137146845277,50.71807467134665
12,50.9,0.004068602127893055,50.785847895743096
13,50.9,0.004074050780676767,50.85341744939106
14,50.9,0.0040796874608107075,50.92331752040044
15,50.9,0.004086279466812696,51.00506292300061
16,50.9,0.004094502635957304,51.10703345586488
17,50.9,0.004103655939394779,51.22053486952104
18,50.9,0.0041141548944041255,51.350718342333835
19,50.9,0.004123297091172086,51.464074917848215
20,50.9,0.0041329602059723795,51.583886898364916
21,50.9,0.004142843813810094,51.706428923761
22,50.9,0.00415271520189901,51.82881558072497
23,50.9,0.0041625756996276665,51.95106336491146
24,50.9,0.00417388191735938,52.09123005605141
25,50.9,0.00418558887336445,52.236359489602926
26,50.9,0.004197298239096854,52.38151336756081
27,50.9,0.004209064149919005,52.527362732295
28,50.9,0.004220435750016855,52.66831904162162
29,50.9,0.004231807871262468,52.80927669083055
30,50.9,0.004243307330442881,52.951807489912575
31,50.9,0.004255832491781424,53.107045465453865
32,50.9,0.004268375477220882,53.26249813127991
33,50.9,0.004280936180698543,53.418164146797395
34,50.9,0.0042930244641447264,53.567969518446944
35,50.9,0.004305113260697818,53.71777546518187
36,50.9,0.004316523582282276,53.85916835577411
37,50.9,0.004327527293073621,53.995517781284796
38,50.9,0.004337676465054484,54.12127417890778
39,50.9,0.004347063054971449,54.23757794393449
40,50.9,0.004355908659830365,54.34717548782242
41,50.9,0.0043650175717952575,54.46003218625604
42,50.9,0.0043743415927160025,54.575550620527146
43,50.9,0.004386174889283727,54.722152363238166
44,50.9,0.004399073742888349,54.88194889481276
45,50.9,0.004413521419866916,55.06092510036886
46,50.9,0.0044273980769775805,55.23281980233683
47,50.9,0.004440822981090448,55.399111243514895
48,50.9,0.004455870063597072,55.58548779274174
49,50.9,0.004471468041166515,55.778678400574
50,50.9,0.004487096322486408,55.97223469027925
51,50.9,0.004503297739981049,56.17287907723137
52,50.9,0.004519931867063674,56.378871503386364
53,50.9,0.004537169693890752,56.592328438517114
54,50.9,0.004553848852335098,56.798856171599766
55,50.9,0.004569941545472686,56.99811164322357
56,50.9,0.004586184353428731,57.19921541726586
57,50.9,0.004602336141964811,57.39918193160551
58,50.9,0.004616474262208229,57.57420985157362
59,50.9,0.004630311729784098,57.74550808569779
60,50.9,0.00464349104790809,57.908651852281835
61,50.9,0.004655871745224202,58.06190342280768
62,50.9,0.004667646016147218,58.20764286759091
63,50.9,0.004679429268769906,58.353488002804546
64,50.9,0.004691207957131217,58.49927116292582
65,50.9,0.004703472433779151,58.6510610318942
66,50.9,0.004716517500663707,58.81250526449237
67,50.9,0.004731081064343179,58.99273429659387
68,50.9,0.0047464154978950745,59.182494050970725
69,50.9,0.004761717366320843,59.37184156348253
70,50.9,0.0047790283437628735,59.58603893207653
71,50.9,0.004795549531378977,59.79045280166346
72,50.9,0.004812715305094432,60.00283061091534
73,50.9,0.004829874289528848,60.215112795974036
74,50.9,0.004847046246338646,60.427543832623044
75,50.9,0.004864231185331084,60.64012381675301
76,50.9,0.0048807903506109295,60.844951869549135
77,50.9,0.00489568474404202,61.02917833690138
78,50.9,0.004910587596350882,61.21350066873491
79,50.9,0.004927158745131449,61.41844663237428
80,50.9,0.004944540778896916,61.63340968436722
81,50.9,0.004961302828657361,61.840694123889236
82,50.9,0.004977341566838193,62.03902350238264
83,50.9,0.004990808780254921,62.20554647521347
84,50.9,0.005003818699924989,62.36640818726647
85,50.9,0.00501679946842843,62.52690280488748
86,50.9,0.00502996209994275,62.68963919630824
87,50.9,0.005042352628529958,62.84282343830267
88,50.9,0.0050547436068627705,62.996007185840796
89,50.9,0.005068603684796136,63.167345536449346
90,50.9,0.005083148439730768,63.34713972229012
91,50.9,0.005097577405037731,63.525494339433074
92,50.9,0.005113600136956409,63.72353968620419
93,50.9,0.005129630245798583,63.92166608604276
94,50.9,0.005146378368460344,64.12865605935765
95,50.9,0.00516176696393721,64.31883389590077
96,50.9,0.005177834015170592,64.51738637478714
97,50.9,0.005192966879862924,64.704385113535
98,50.9,0.005208123810731536,64.8916721951969
99,50.9,0.005222594964605617,65.07047700503524
100,50.9,0.005237765536351176,65.25791492594821
101,50.9,0.005252943092682618,65.44543007025038
102,50.9,0.005268058491450304,65.63216825298652
103,50.9,0.005285791461685414,65.85123288147317
104,50.9,0.005301933595448467,66.05063430799358
105,50.9,0.0053172873878384605,66.24028794507541
106,50.9,0.005331932468974534,66.42117876354746
107,50.9,0.0053484191212590905,66.62480590573547
108,50.9,0.005366264784570901,66.84520617130619
109,50.9,0.005384041210598786,67.06473886529058
110,50.9,0.005402308801165039,67.29032430924006
111,50.9,0.005420546070060767,67.51552220811826
112,50.9,0.005439219482221696,67.74609213630771
113,50.9,0.005457933150377548,67.97714535599985
114,50.9,0.005476143748262194,68.20197405430122
115,50.9,0.005495666015192609,68.44298217139514
116,50.9,0.005516267577720329,68.69729824591134
117,50.9,0.005536541249157232,68.94755036457163
118,50.9,0.005555319605108561,69.17933033187647
119,50.9,0.0055741470686046,69.41170250387852
120,50.9,0.005592946694091424,69.64371718141965
121,50.9,0.005610449996335255,69.8597208516069
122,50.9,0.00563097791911992,70.11303522013722
123,50.9,0.0056509834900235695,70.35988782742334
124,50.9,0.00567149161865056,70.61292525657716
125,50.9,0.005691979208333134,70.86569275684862
126,50.9,0.0057133792095941755,71.12969959790564
127,50.9,0.005733868462624882,71.38245388062361
128,50.9,0.005754315905115911,71.63467594060522
129,50.9,0.005772644084008942,71.86074262246566
130,50.9,0.00578989458555452,72.07350476524464
131,50.9,0.0058058934774069945,72.27081950475464
132,50.9,0.005819740798131861,72.44159074343843
133,50.9,0.005829063881631483,72.55656285870434
134,50.9,0.005838640573009898,72.67465890678486
135,50.9,0.005839239080052884,72.68203934415317
136,50.9,0.005838995043009516,72.6790300243494
137,50.9,0.005838760124498647,72.67613314665972
138,50.9,0.005838518183860847,72.67314967394127
139,50.9,0.005833731808946921,72.61412638010972
140,50.9,0.00582880583884923,72.55338072522837
141,50.9,0.005827730283389664,72.54011715600966
142,50.9,0.005826658591409175,72.52690118536167
143,50.9,0.005825591654051106,72.51374380329591
144,50.9,0.005824810202443676,72.50410697920242
145,50.9,0.005823477392873618,72.48767077955533
146,50.9,0.005817800919869465,72.41766776680669
147,50.9,0.005812148708405679,72.34796269267446
148,50.9,0.005806531347026041,72.27868615847638
149,50.9,0.005801332905510979,72.21457488061067
150,50.9,0.005796166443661456,72.15085694912817
151,50.9,0.005792084806039057,72.10051740429982
152,50.9,0.005790730357399261,72.08381260961299
153,50.9,0.005789595351280119,72.06981420552236
154,50.9,0.005784198485622581,72.00325219221094
155,50.9,0.005783594571890455,71.99580377664938
156,50.9,0.0057828473380018685,71.98658769129206
157,50.9,0.005782103956034113,71.97741909222113
158,50.9,0.0057816264198144035,71.97152932512148
159,50.9,0.005782117028528617,71.9775803237355
160,50.9,0.005783127793555706,71.99004672103437
161,50.9,0.005784134089335535,72.0024579564306
162,50.9,0.005785080611885936,72.0141319372529
163,50.9,0.005786078272990307,72.02643659974936
164,50.9,0.005787072949970148,72.03870441858167
165,50.9,0.005796482935263262,72.15476026760633
166,50.9,0.005808370187052745,72.30136392872323
167,50.9,0.005817631086948739,72.41557334535419
168,50.9,0.005829508978320392,72.56205169848147
169,50.9,0.005841380413325052,72.70844489328088
170,50.9,0.005853246105153952,72.85476173335464
171,50.9,0.005864875556741866,72.99816010848548
172,50.9,0.005876224852798233,73.138098869515
173,50.9,0.005888072603661452,73.28417826603464
174,50.9,0.005902330260612348,73.45996380947484
175,50.9,0.0059165784524859415,73.63562468043112
176,50.9,0.005931173143478127,73.81554914971038
177,50.9,0.005945660593770628,73.99414327505951
178,50.9,0.0059579486407362525,74.1456177839054
179,50.9,0.005970236575397949,74.29708497987467
180,50.9,0.0059823008926021175,74.44578998851583
181,50.9,0.005991582333946463,74.56018932618609
182,50.9,0.006000915034406551,74.67521705337955
183,50.9,0.006010165780670949,74.78923130165397
184,50.9,0.006022411389261619,74.94015167336265
185,50.9,0.006036995990391395,75.11989115841854
186,50.9,0.0060532569702972765,75.32028036150105
187,50.9,0.006071278590384093,75.5423543674993
188,50.9,0.006089315985784389,75.7646100053766
189,50.9,0.00610988332626164,76.01802388785457
190,50.9,0.006133908368913823,76.3140197209526
191,50.9,0.006158513428501363,76.61713806875296
192,50.9,0.006183631248437546,76.92654879590053
193,50.9,0.00620913454600403,77.24068266390644
194,50.9,0.006235047739029631,77.55983924593589
195,50.9,0.006260486313025869,77.87312463123382
196,50.9,0.006286231373118125,78.19015867371856
197,50.9,0.006312353269195747,78.51180665527383
198,50.9,0.006339072264508819,78.84077925708135
199,50.9,0.006364512060364142,79.15397595426393
200,50.9,0.006389963519788845,79.46729086639802
201,50.9,0.006415443553861552,79.78093211668808
202,50.9,0.006437845034097303,80.05665752899164
203,50.9,0.006458563688779688,80.31165262530669
204,50.9,0.00647746533748921,80.54427023152846
205,50.9,0.006496711012544085,80.78110730203466
206,50.9,0.006515949847190747,81.01784569672253
207,50.9,0.006532736453468753,81.22439700281335
208,50.9,0.006551973519743121,81.46108650110105
209,50.9,0.006572115722375426,81.70889711143978
210,50.9,0.006594510839688235,81.98440680638234
211,50.9,0.006616822842672666,82.25887448725186
212,50.9,0.006642908019242995,82.57973257809577
213,50.9,0.006667432288490125,82.88136659895886
214,50.9,0.006694461550865664,83.21378329205426
215,50.9,0.006720191478485549,83.53019368978227
216,50.9,0.0067444760135558475,83.82880580537248
217,50.9,0.006769453241652615,84.13591148002118
218,50.9,0.006793118809781596,84.42686722406526
219,50.9,0.006816024689412388,84.70846213770797
220,50.9,0.006838941070869443,84.99016562575875
221,50.9,0.0068634103149100255,85.29093527223812
222,50.9,0.006887748171171739,85.59006671496797
223,50.9,0.006912097176249835,85.88931201572204
224,50.9,0.006935190367128955,86.1731021543051
225,50.9,0.006956159236463018,86.43076864324902
226,50.9,0.006975109267920813,86.66361277386707
227,50.9,0.006992701510158055,86.87976082406215
228,50.9,0.007009686162574903,87.08843221619048
229,50.9,0.007025161650002102,87.27855237688019
230,50.9,0.007040476260716807,87.46668691766494
231,50.9,0.007055508080696303,87.65133856590126
232,50.9,0.007070959403305749,87.84113420772455
233,50.9,0.007087927120524967,88.0495456744115
234,50.9,0.007104895383507017,88.25795260086444
235,50.9,0.007121864192269453,88.46635498712392
236,50.9,0.0071394651910087386,88.68250973423618
237,50.9,0.007157066755880214,88.89865933819193
238,50.9,0.00717466485073939,89.11475423859746
239,50.9,0.007197101499151229,89.39024637666549
240,50.9,0.0072208362510589475,89.68165610879758
241,50.9,0.007242556364227889,89.94831131217651
242,50.9,0.007265833393328014,90.23406014781482
243,50.9,0.00728986372669909,90.52903436901218
244,50.9,0.007313139555611724,90.81472550977338
245,50.9,0.007335701817542819,91.09163804618267
246,50.9,0.0073609488378816885,91.40147778332191
247,50.9,0.007388035376861776,91.73386505554271
248,50.9,0.0074146152387186874,92.06000692358775
249,50.9,0.007438322166528208,92.35087389656113
250,50.9,0.007460595638191643,92.62413342835377
251,50.9,0.007482304871001065,92.89045204956116
252,50.9,0.007500315839676063,93.11138816925015
253,50.9,0.007516193189054049,93.30614122068191
254,50.9,0.0075302174462349184,93.47815589852182
255,50.9,0.007544236327957304,93.65009698346678
256,50.9,0.007557784998290434,93.81626366528572
257,50.9,0.007574131724695214,94.01673738147457
258,50.9,0.007590446068727158,94.21680358504922
259,50.9,0.007608893536824141,94.44301624256406
260,50.9,0.007628448897870104,94.68279999729965
261,50.9,0.007647994031937527,94.92244346712116
262,50.9,0.007667627053971857,95.16314955485402
263,50.9,0.007686446270948661,95.39386408464527
264,50.9,0.007691958883893291,95.4614434507659
265,50.9,0.007696941742195327,95.52252751304749
266,50.9,0.007701906061909185,95.58338335232695
267,50.9,0.007706890906461603,95.64448983277968
268,50.9,0.007711789137726797,95.70453362589957
269,50.9,0.007718230763096379,95.78349532338547
270,50.9,0.007725275512909203,95.86984829449004
271,50.9,0.007730210819340328,95.93034302838265
272,50.9,0.007734839001131204,95.98707230698915
273,50.9,0.007738956515753067,96.03754145458431
274,50.9,0.007743984966995251,96.0991752276615
275,50.9,0.007749639221389437,96.16847829998318
276,50.9,0.007756023484907405,96.24672745306236
277,50.9,0.007763060098603701,96.33297034163981
278,50.9,0.007769572832756691,96.4127906848795
279,50.9,0.007777931727647493,96.51523523223693
280,50.9,0.007786941750310686,96.62565679477963
281,50.9,0.007801318935192486,96.80184861152237
282,50.9,0.007815661716339994,96.97761079597389
283,50.9,0.007830151369295104,97.15516467721459
284,50.9,0.007845611732452781,97.34460447611087
285,50.9,0.00786198762336497,97.54525232851996
286,50.9,0.007880353165557352,97.77026624394392
287,50.9,0.007900752572100635,98.02018360449816
288,50.9,0.00792218303172651,98.28271517417492
289,50.9,0.007942741177577777,98.53454376846928
290,50.9,0.007963314847263498,98.78654606682625
291,50.9,0.007983923970885655,99.03896612903797
292,50.9,0.008004548653365003,99.29156022095484
293,50.9,0.008025169016309532,99.54408487654177
294,50.9,0.008046691499447095,99.80763960099944
295,50.9,0.008068230240422898,100.07137538419192
296,50.9,0.008088878889987966,100.32419532005983
297,50.9,0.008109523268832101,100.57694639956847
298,50.9,0.008130203110679775,100.83011505052617
299,50.9,0.00814882771830948,101.05810870235715
300,50.9,0.008164654130737352,101.2518375772338
301,50.9,0.00817752282009677,101.40935420912297
302,50.9,0.00819038161075117,101.56674325166242
303,50.9,0.00820324290352979,101.72415649447576
304,50.9,0.008216094318174407,101.8814424177663
305,50.9,0.00823087989054538,102.06239217903475
306,50.9,0.008246667884388789,102.25560046659629
307,50.9,0.008262463128965794,102.44888779905594
308,50.9,0.008278250421491155,102.6420681404137
309,50.9,0.008295009824466276,102.84713306765343
310,50.9,0.008310796883441995,103.04029059998471
311,50.9,0.008327558668482388,103.24536349163391
312,50.9,0.008345196384845417,103.46114123136118
313,50.9,0.008361977758669262,103.66643136669782
314,50.9,0.00838058928508152,103.8940973658914
315,50.9,0.008400178808270571,104.13371221470453
316,50.9,0.008418840549604845,104.36196478324034
317,50.9,0.008437514755525743,104.59035627882984
318,50.9,0.008456201434358638,104.81888677739215
319,50.9,0.008474900594434459,105.04755635487679
320,50.9,0.008493630070476824,105.27658306440301
321,50.9,0.008509434620989357,105.46983278046834
322,50.9,0.008526341707446069,105.67655299900585
323,50.9,0.00854217997256616,105.870194853871
324,50.9,0.00855604549972978,106.03970962627078
325,50.9,0.008568160613625687,106.18781839465532
326,50.9,0.008578561304396845,106.31496358745231
327,50.9,0.008588964036659161,106.44212954107213
328,50.9,0.008599214081753664,106.5674248993433
329,50.9,0.008612205753889008,106.72622773394238
330,50.9,0.00862799567287438,106.91922594205407
331,50.9,0.008643517289512128,107.10893530368828
332,50.9,0.008661428360497277,107.32783761113862
333,50.9,0.008680277168386746,107.55818715478216
334,50.9,0.00870125055923497,107.81448484595388
335,50.9,0.008720176234656976,108.04574454428872
336,50.9,0.008740867847503966,108.2985669907433
337,50.9,0.008762413425926196,108.56180606731895
338,50.9,0.0087852934579009,108.84132951039342
339,50.9,0.008808217462239356,109.12136982272587
340,50.9,0.008835478331447034,109.45436290903672
341,50.9,0.008863571583700434,109.79749348944212
342,50.9,0.008892023430947457,110.14497279484827
343,50.9,0.008921516182385757,110.5051314662135
344,50.9,0.008949989220484468,110.8528056869255
345,50.9,0.008976314318824783,111.17422425424633
346,50.9,0.008998626714846124,111.44662838478645
347,50.9,0.009018828657289936,111.69325011752302
348,50.9,0.009036610602285286,111.91031588260121
349,50.9,0.009053181393960351,112.11258598010625
350,50.9,0.00906975771695241,112.31491296644205
351,50.9,0.00908626027743014,112.51632906474423
352,50.9,0.009105145336000315,112.74681096566258
353,50.9,0.009123295284359373,112.96830824541073
354,50.9,0.00914036358919849,113.17659380294234
355,50.9,0.009157696090343354,113.38809183480707
356,50.9,0.00917605164913489,113.6120609550527
357,50.9,0.009194419430016268,113.83616616514229
358,50.9,0.009213788652479194,114.07247582955739
359,50.9,0.009233172506231813,114.30894947969709
360,50.9,0.00925440983912577,114.56801800624964
361,50.9,0.00927564724444776,114.8270699835924
362,50.9,0.009295999268512383,115.07530580312677
363,50.9,0.009316368336209168,115.32373347918816
364,50.9,0.00933581194340958,115.56085898688961
365,50.9,0.009354095439768725,115.78382297803338
366,50.9,0.0093723762892215,116.0067417789689
367,50.9,0.009390670955167114,116.22981613558477
368,50.9,0.009408979448047946,116.45304614703029
369,50.9,0.009427301778314261,116.67643191250426
370,50.9,0.009444688929237416,116.88840398659752
371,50.9,0.009461084116972565,117.08827203993022
372,50.9,0.0094754100636063,117.2629061948485
373,50.9,0.009489729758587924,117.43745622276127
374,50.9,0.00950500981641784,117.62370386979282
375,50.9,0.00951931752912866,117.79809149293776
376,50.9,0.009533619012220971,117.97239529001222
377,50.9,0.00954888295379218,118.15842064096131
378,50.9,0.009564155587918455,118.34454292981937
379,50.9,0.009579436919550058,118.53076220219056
380,50.9,0.009596921213705227,118.74381586079177
381,50.9,0.009613160136820079,118.94168357053533
382,50.9,0.009630502782807138,119.15298866501655
383,50.9,0.009647978582057168,119.36590437822
384,50.9,0.00966740710413152,119.6025971827216
385,50.9,0.009688908508642279,119.86452641915788
386,50.9,0.009711348566073108,120.1378712706594
387,50.9,0.00973597324055789,120.43780483818851
388,50.9,0.009760282265695502,120.73387079626954
389,50.9,0.009784629373318646,121.03037773200363
390,50.9,0.009808064501208472,121.3157566980772
391,50.9,0.00982971755319549,121.57941579199993
392,50.9,0.009850149471757184,121.82818914260314
393,50.9,0.009868966209093033,122.05728226410619
394,50.9,0.009887503154553962,122.2829555867752
395,50.9,0.00990596882682703,122.50774804704166
396,50.9,0.009927616436031619,122.77125919014892
397,50.9,0.00995071130524371,123.05236757565008
398,50.9,0.009972663993791228,123.31955440662053
399,50.9,0.009995158700512595,123.59331890051746
400,50.9,0.010019985251869323,123.89543972489841
401,50.9,0.010045420198345631,124.20493965314603
402,50.9,0.010073284449657147,124.54397148535826
403,50.9,0.010098580847556216,124.85173366738276
404,50.9,0.01012607762911176,125.18623831518457
405,50.9,0.01015211996256507,125.50302243444061
406,50.9,0.010177553988255662,125.81238178272261
407,50.9,0.010203002441223411,126.12189169808732
408,50.9,0.01022933561870821,126.44213560227946
409,50.9,0.010255683733507874,126.76253446156981
410,50.9,0.010282727571282069,127.0913656926296
411,50.9,0.010310456969736018,127.4285035787162
412,50.9,0.01033753187725393,127.75765554054996
413,50.9,0.010363484017521681,128.07313146622573
414,50.9,0.010390714976425589,128.404124954622
415,50.9,0.01041860556440626,128.74310671233675
416,50.9,0.010445980805667714,129.07579587744632
417,50.9,0.010472111503034141,129.39333333030302
418,50.9,0.010496602179072223,129.69091759765018
419,50.9,0.01052160570770178,129.99470972090228
420,50.9,0.010549311034547438,130.33130055937653
421,50.9,0.010575082382518886,130.64436909994635
422,50.9,0.0106007370454483,130.9559948214989
423,50.9,0.010626065347135944,131.26363145532537
424,50.9,0.010648923592017745,131.54124572044995
425,50.9,0.010674362445600969,131.85017799059463
426,50.9,0.010699781906766693,132.1588499409287
427,50.9,0.01072557879179782,132.4720796414185
428,50.9,0.01074901835701994,132.7566642581654
429,50.9,0.01077243958608249,133.041005191169
430,50.9,0.010798481753199272,133.35714040408604
431,50.9,0.010824529076196071,133.67331217672665
432,50.9,0.010850581556093659,133.98952050923685
433,50.9,0.010876973249083988,134.30981944674224
434,50.9,0.01090814341694074,134.6880772403971
435,50.9,0.010937033487958306,135.03863221717037
436,50.9,0.010968614353283555,135.42180094511636
437,50.9,0.011002435782054308,135.83211189205912
438,50.9,0.011036276482891138,136.24261275673308
439,50.9,0.01106835827000504,136.63173678586685
440,50.9,0.011102691341368954,137.04812323580745
441,50.9,0.011133230870337468,137.41846420705295
442,50.9,0.011161574408349282,137.76214328402318
443,50.9,0.011186973448280863,138.07009275865062
444,50.9,0.01121075906828644,138.35845799619904
445,50.9,0.011234114182976375,138.6415829171391
446,50.9,0.011254569564784867,138.8895383534794
447,50.9,0.01127792623899988,139.17264300039025
448,50.9,0.011301900262868807,139.46320878078592
449,50.9,0.011329113465740299,139.79300683369522
450,50.9,0.011356170532456914,140.12088456574241
451,50.9,0.011385547690102839,140.47684545515705
452,50.9,0.011416562471349206,140.85261347757412
453,50.9,0.0114476776957383,141.22956146745727
454,50.9,0.0114764318545715,141.5778732064149
455,50.9,0.011507434980812897,141.95339224584094
456,50.9,0.011538028396804853,142.32391272252835
457,50.9,0.011568574893562457,142.69382925101522
458,50.9,0.011601731574846936,143.09531460846432
459,50.9,0.011632672969858248,143.46993775493138
460,50.9,0.011664849602458262,143.85947774024655
461,50.9,0.0116962886728486,144.2400503635714
462,50.9,0.011728473891434298,144.62961605585903
463,50.9,0.011758522478911985,144.99328452548517
464,50.9,0.011787888314471513,145.348656546071
465,50.9,0.011817610587124704,145.70830847182327
466,50.9,0.01184461099496278,146.0349954549883
467,50.9,0.011869121936409458,146.3315374474576
468,50.9,0.011890630236796476,146.59173353932334
469,50.9,0.011909188049377028,146.81622199254653
470,50.9,0.011927433275788397,147.03691636753135
471,50.9,0.011945309729657846,147.2531377456114
472,50.9,0.011963533222542035,147.47354411815917
473,50.9,0.011985100436283654,147.7343751786305
474,50.9,0.0120065559020514,147.9938371643289
475,50.9,0.012027828117252648,148.25106575453125
476,50.9,0.012051142320665014,148.5329667163277
477,50.9,0.012073396958490405,148.80203672456952
478,50.9,0.012097920669441096,149.09851911754166
479,50.9,0.012121460599564223,149.38308639981122
480,50.9,0.012148103883017332,149.70514371630156
481,50.9,0.012175034948233708,150.03065216317057
482,50.9,0.012201915980417016,150.35552830389818
483,50.9,0.01223012372441643,150.696409074292
484,50.9,0.012260350390201147,151.0616541558583
485,50.9,0.012288084100020991,151.39674488230798
486,50.9,0.012315833714725635,151.73199844889388
487,50.9,0.0123435992434363,152.06741491920644
488,50.9,0.012372131729317974,152.41206588575446
489,50.9,0.012399000934601065,152.7365973277633
490,50.9,0.012426913207803529,153.07369803221377
491,50.9,0.0124545082079962,153.40693782337712
492,50.9,0.012481492606519084,153.73277589783393
493,50.9,0.012505928030902367,154.02781105801517
494,50.9,0.01253274516560763,154.3515770129257
495,50.9,0.012559455157865615,154.6740222223914
496,50.9,0.012588509658604167,155.02473970514967
497,50.9,0.012618095819462879,155.38184186503062
498,50.9,0.012646423739432464,155.72372597265561
499,50.9,0.012677824952173537,156.10266537950207
500,50.9,0.012710472583032987,156.49660638608407
501,50.9,0.01274144200717797,156.87025993871248
502,50.9,0.012774965253787192,157.27468487673207
503,50.9,0.012808414417988261,157.67817350718545
504,50.9,0.012841847721525544,158.08142832230072
505,50.9,0.012875393598104816,158.48599824365937
506,50.9,0.012907031743689725,158.86752137379136
507,50.9,0.012938693889942326,159.24929585886608
508,50.9,0.012970406174714712,159.6316367346847
509,50.9,0.013002966730356894,160.02416509625544
510,50.9,0.013035692852003997,160.41864884752982
511,50.9,0.013068329727357594,160.81201632143228
512,50.9,0.013102483493702253,161.22362336505103
513,50.9,0.013133712570681685,161.59994451687263
514,50.9,0.01316117641943156,161.93086278507786
515,50.9,0.01318843035696167,162.259223493176
516,50.9,0.01321589026376096,162.5900372595292
517,50.9,0.013240607152019064,162.88778099514306
518,50.9,0.013267540347299529,163.21219635191127
519,50.9,0.013293605462700996,163.52612933096177
520,50.9,0.013321761614903093,163.86521819225717
521,50.9,0.013349089611775701,164.19430470818153
522,50.9,0.013378647081891466,164.55020689795657
523,50.9,0.01341029534037629,164.9312476090815
524,50.9,0.013441296233295643,165.3044573250415
525,50.9,0.013474177876038105,165.70026898204696
526,50.9,0.013509521950108233,166.1256763936055
527,50.9,0.013544087295324518,166.54166512201124
528,50.9,0.013578855491333442,166.9600494798585
529,50.9,0.013613013598040114,167.37104772816355
530,50.9,0.013645997167350855,167.76787174701616
531,50.9,0.013681032951021337,168.18934076882897
532,50.9,0.013716038836600412,168.61040372554393
533,50.9,0.013748555997269294,169.00148988879076
534,50.9,0.013782947938283963,169.41508063205725
535,50.9,0.013815436292511855,169.80573811320454
536,50.9,0.013847946305895425,170.19661607140245
537,50.9,0.013877023361154445,170.5461846477609
538,50.9,0.013904552457043542,170.87711396860007
539,50.9,0.013930689280511924,171.1912801616469
540,50.9,0.0139543753878426,171.4759662920406
541,50.9,0.01397526356251686,171.72700614067605
542,50.9,0.013996134283454004,171.97781975479452
543,50.9,0.014017009065514605,172.22866570642418
544,50.9,0.014038472113128187,172.48656349797668
545,50.9,0.014059945489114207,172.74456797525067
546,50.9,0.014081416215768887,173.00252320242814
547,50.9,0.014102968128837975,173.26143631135068
548,50.9,0.014124524223287317,173.52038210254264
549,50.9,0.014146535722418729,173.78478039964273
550,50.9,0.01416855149209668,174.04921169047915
551,50.9,0.014190785417692595,174.3162446747251
552,50.9,0.014212365503711364,174.57540709111095
553,50.9,0.014234593323681374,174.8423299777101
554,50.9,0.01425404428750539,175.0758916713397
555,50.9,0.014277891362753523,175.3622211449934
556,50.9,0.014301250805093086,175.64267484864183
557,50.9,0.01432293914475923,175.9030468408541
558,50.9,0.014345797865974291,176.1774502385842
559,50.9,0.01436690781470351,176.43084330180812
560,50.9,0.014387292430129968,176.67551387806924
561,50.9,0.014407640239229408,176.91972704586277
562,50.9,0.0144274391861236,177.157337811767
563,50.9,0.01444398486909938,177.3558942248115
564,50.9,0.014459992728294733,177.54798665892196
565,50.9,0.014474542311063949,177.72257156380874
566,50.9,0.01448908292329277,177.89704085340588
567,50.9,0.014505948077039671,178.09939176897726
568,50.9,0.014522163017744281,178.2939312088563
569,50.9,0.014538364689317027,178.48830155181926
570,50.9,0.014552408820835016,178.65678002834963
571,50.9,0.014567133201926678,178.8334110410005
572,50.9,0.014581858177960936,179.01004101818847
573,50.9,0.01459584297097219,179.17778473844217
574,50.9,0.01460987646070434,179.3461051533467
575,50.9,0.014623844559965272,179.51363389254598
576,50.9,0.014637813252124961,179.68116239037164
577,50.9,0.014649242813326786,179.81823326308
578,50.9,0.014660679859263434,179.95538897093667
579,50.9,0.01467262988360555,180.09869117021717
580,50.9,0.014685182109405054,180.2492090504956
581,50.9,0.014697121437577504,180.39237196547217
582,50.9,0.014709059074331855,180.5355092304797
583,50.9,0.014726122457064941,180.74009701718862
584,50.9,0.014745244279201961,180.96935220023212
585,50.9,0.014763642961246147,181.1899245195494
586,50.9,0.01478202078834359,181.41023409413134
587,50.9,0.014800962438565168,181.63728935481566
588,50.9,0.014818646622046643,181.84925905593582
589,50.9,0.014833089117064375,182.02236384776725
590,50.9,0.01484831250910162,182.2048198112267
591,50.9,0.014866417142743152,182.42179678228217
592,50.9,0.014884950765215925,182.64390223815872
593,50.9,0.014905234360027449,182.88696440719352
594,50.9,0.014925517774406514,183.13000893177642
595,50.9,0.014948143301931234,183.40109939007175
596,50.9,0.014974383500006351,183.71547533356164
597,50.9,0.015002244122346511,184.04923674286516
598,50.9,0.015030844493512597,184.39182973837575
599,50.9,0.015060844140863434,184.75115107437756
600,50.9,0.015093294995520413,185.13979368826335
601,50.9,0.015128624003792682,185.5628610453102
602,50.9,0.015164570975273786,185.99328039710332
603,50.9,0.015200967486577722,186.42903293534016
604,50.9,0.015237886937594477,186.87099544261858
605,50.9,0.015275371702246568,187.31967292037234
606,50.9,0.015316173796120207,187.80799749018263
607,50.9,0.015358056580842739,188.3091908692308
608,50.9,0.015400317547636802,188.81484302530768
609,50.9,0.015443303941324189,189.32910611960799
610,50.9,0.015481556760408926,189.7866812788071
611,50.9,0.015519843509204479,190.24460731153576
612,50.9,0.01556354924504697,190.7672795355497
613,50.9,0.015607619722938646,191.2942411103683
614,50.9,0.015649201574998238,191.7913787794252
615,50.9,0.01568813756777234,192.25682472426536
616,50.9,0.015732652542963906,192.78889291456414
617,50.9,0.015777120092338594,193.32032008329952
618,50.9,0.01582214737286494,193.85836103088795
619,50.9,0.015867825767494313,194.40410466188115
620,50.9,0.01591382429515155,194.95359410201814
621,50.9,0.015959968890579435,195.50474881539924
622,50.9,0.016006148544048162,196.0562424411311
623,50.9,0.016052363282192842,196.60807513272297
624,50.9,0.016098883566993568,197.16347550613074
625,50.9,0.016145702666967104,197.722361634434
626,50.9,0.016192783420943702,198.28428846524196
627,50.9,0.01624027718463364,198.851060721098
628,50.9,0.01628769388763366,199.41682921744956
629,50.9,0.01633529787418505,199.98474779256387
630,50.9,0.016382976117559088,200.5534673517136
631,50.9,0.016430917200575285,201.12523648094535
632,50.9,0.016479106440479754,201.6998787128471
633,50.9,0.01652715894475947,202.27280403904285
634,50.9,0.01657224179824613,202.81024410471989
635,50.9,0.01661739117612423,203.34840116336562
636,50.9,0.016662225115006278,203.88272305399994
637,50.9,0.016704172367460624,204.3825740646189
638,50.9,0.016746143610651198,204.8826452395047
639,50.9,0.016788138858298933,205.38293664235613
640,50.9,0.01683315379506816,205.91912870026317
641,50.9,0.016875660002393593,206.42536884818153
642,50.9,0.016917881147081114,206.9281472705869
643,50.9,0.016963065037425604,207.46613309347092
644,50.9,0.01701118186802343,208.0389565620508
645,50.9,0.017056538094459263,208.5788364775102
646,50.9,0.017101924694437973,209.11900121969924
647,50.9,0.017147520350522357,209.66157677232923
648,50.9,0.017193155606730442,210.20454604057392
649,50.9,0.017239019035022684,210.75015199098485
650,50.9,0.017284751337300005,211.2941200677775
651,50.9,0.01733031789213761,211.83603923689662
652,50.9,0.01737591495103266,212.37824386178556
653,50.9,0.017424373899917273,212.95439507942055
654,50.9,0.017472494074818153,213.52643203908718
655,50.9,0.017520660744850616,214.09893550066116
656,50.9,0.017568702903791724,214.66987313269664
657,50.9,0.017613887937462835,215.20677813859726
658,50.9,0.017658879447994474,215.74130825914176
659,50.9,0.017700311360489714,216.233481397102
660,50.9,0.017738591172087335,216.68815380174635
661,50.9,0.017773586772508516,217.10377003843942
662,50.9,0.017812340480723474,217.5639654185356
663,50.9,0.017851246406337052,218.02591228221587
664,50.9,0.017890387549340792,218.49059529468158
665,50.9,0.017932932842716326,218.99562784455017
666,50.9,0.01798153410513567,219.57246540974103
667,50.9,0.018032677982179064,220.17938609421415
668,50.9,0.018086254660087925,220.81507262364676
669,50.9,0.018139880286493226,221.4512333633697
670,50.9,0.018196278953080458,222.12017568110466
671,50.9,0.018254862909099518,222.81491282879807
672,50.9,0.018314046952675092,223.51663721496783
673,50.9,0.018373413872387362,224.2203995778189
674,50.9,0.0184328429413239,224.92476799465769
675,50.9,0.018492283288884505,225.62913932834184
676,50.9,0.018551836798200636,226.33472052512334
677,50.9,0.018610129994981843,227.02524266202556
678,50.9,0.01866848421354032,227.71636177618154
679,50.9,0.01872779379524,228.41866674222172
680,50.9,0.018784221374296906,229.0867242375918
681,50.9,0.01883768688352283,229.7196046340193
682,50.9,0.018891177922608245,230.35268155261534
683,50.9,0.018942310086355472,230.95774192915192
684,50.9,0.01899079101606879,231.531340392764
685,50.9,0.019036438886494738,232.07134041785866
686,50.9,0.019081940056415787,232.60952848484303
687,50.9,0.01912462445893175,233.1143303626465
688,50.9,0.019170183971929152,233.65306022204825
689,50.9,0.019215382606496648,234.18744712941634
690,50.9,0.019261028323666208,234.7270434691271
691,50.9,0.01930668080479273,235.26664293188242
692,50.9,0.01935534614301151,235.84176891867702
693,50.9,0.01940408953524169,236.4177298554044
694,50.9,0.01945538963962496,237.02380682713158
695,50.9,0.019503941909259175,237.5973306471201
696,50.9,0.01955253089213419,238.17120122862713
697,50.9,0.01960147660698256,238.7491971830201
698,50.9,0.019650459332578914,239.32754190653105
699,50.9,0.019699479096909268,239.90623554956545
700,50.9,0.0197455147985832,240.44962089486592
701,50.9,0.019791823713159202,240.99615247001367
702,50.9,0.019838163512058596,241.54296958710822
703,50.9,0.01988453421587874,242.0900723483639
704,50.9,0.019930246133658458,242.6293250791383
705,50.9,0.01997637869442336,243.17346217127263
706,50.9,0.020019339493479633,243.68011776616532
707,50.9,0.020058538907273257,244.14235452843639
708,50.9,0.020097378914733472,244.60029752706413
709,50.9,0.020132488484582507,245.01420913487198
710,50.9,0.020167727520349274,245.42960151985355
711,50.9,0.020202909017312268,245.8442701669565
712,50.9,0.02023810230793919,246.25903236328628
713,50.9,0.020273438112337023,246.67542838786386
714,50.9,0.02030818737967131,247.0848679933929
715,50.9,0.02034321340645179,247.49752373384717
716,50.9,0.020377986097617633,247.90715030795644
717,50.9,0.020413035556093143,248.31999235556233
718,50.9,0.02044756653829222,248.72668329751485
719,50.9,0.020482109112673327,249.13346702520417
720,50.9,0.02051696914544385,249.5439448911282
721,50.9,0.020551800167071983,249.95403666292106
722,50.9,0.020586619637360287,250.36394799286995
723,50.9,0.02062145081276288,250.77395267392438
724,50.9,0.020656293697214625,251.18405071481007
725,50.9,0.02069112522687655,251.59397066248675
726,50.9,0.020721915291579757,251.9562910394331
727,50.9,0.020756768911729232,252.36638718918326
728,50.9,0.020791369606348555,252.77346336224272
729,50.9,0.020825716583162898,253.17751120726416
730,50.9,0.020860914134026794,253.59152016194471
731,50.9,0.020891440707073928,253.95055032567822
732,50.9,0.020918595887836976,254.26990009977922
733,50.9,0.02094989336174149,254.63793051605452
734,50.9,0.020981648803877064,255.01130960929424
735,50.9,0.02101294804684011,255.37928864158155
736,50.9,0.0210404453193953,255.70253909523385
737,50.9,0.0210697550091568,256.0470653926015
738,50.9,0.021099802485791377,256.40023154293647
739,50.9,0.021129967644913296,256.7547476893631
740,50.9,0.021163549312111635,257.1493772391233
741,50.9,0.021196552964456584,257.5371741871893
742,50.9,0.021229891618226734,257.928867036374
743,50.9,0.021263865209948014,258.32797794292685
744,50.9,0.021299446340842132,258.7459285080001
745,49.5,0.021335716477124355,273.02297936554857
746,49.5,0.02137223529699367,273.47476820518
747,49.5,0.021408148424177657,273.919013758752
748,49.5,0.021443705466697813,274.35880568408464
749,49.5,0.021478820284795048,274.7930801941441
750,49.5,0.02151306934140189,275.2166019363105
751,49.5,0.021546541138269672,275.6304685722336
752,49.5,0.021579232608931864,276.03464519819755
753,49.5,0.02161194596455996,276.4390512919582
754,49.5,0.02164468121980463,276.8436869583548
755,49.5,0.02167670094177376,277.23943820270864
756,49.5,0.021706212277578633,277.6041519059788
757,49.5,0.021734857773757443,277.9581332077276
758,49.5,0.02176083361081922,278.279097464238
759,49.5,0.02178680753408175,278.6000121731349
760,49.5,0.02181279348501216,278.921049572949
761,49.5,0.0218380893350202,279.2335363873487
762,49.5,0.021863383594634363,279.5459790016627
763,49.5,0.021888676497758438,279.8583803123284
764,49.5,0.02191661684773374,280.20345261366646
765,49.5,0.021941907921192834,280.51577967579556
766,49.5,0.021968004753163316,280.83803157220603
767,49.5,0.021994099735948885,281.160234517358
768,49.5,0.0220132727414378,281.39695299398466
769,49.5,0.022034871286468267,281.6636013804752
770,49.5,0.022056571041889562,281.9314812648368
771,49.5,0.022077476725379023,282.189541389652
772,49.5,0.022098349913695976,282.4471836792346
773,49.5,0.02212006116431833,282.71515263477664
774,49.5,0.022141769909644636,282.9830726063716
775,49.5,0.022164154083835937,283.25930951842264
776,49.5,0.022186467112339583,283.534649333641
777,49.5,0.022205023655573503,283.7636200898769
778,49.5,0.022224164522490725,283.9997870439253
779,49.5,0.02223914513527628,284.18461348402144
780,49.5,0.0222500629598323,284.3193090101561
781,49.5,0.022260978288965144,284.45396918572396
782,49.5,0.022271298751885236,284.58128642190485
783,49.5,0.022281084427487347,284.7020025465301
784,49.5,0.02229086874881136,284.822698298282
785,49.5,0.02230448621184596,284.99067215996195
786,49.5,0.022318832629602072,285.16763012847144
787,49.5,0.02233668636153976,285.38783856572985
788,49.5,0.02235455062757779,285.6081647159957
789,49.5,0.022372425342949802,285.8286075133058
790,49.5,0.022390946879657564,286.05701443596774
791,49.5,0.022409479497213676,286.28554486465873
792,49.5,0.022428015919087163,286.51410905591945
793,49.5,0.022446563471292213,286.7427973287409
794,49.5,0.022468321000487415,287.0110473118619
795,49.5,0.02249090616891264,287.2894821525057
796,49.5,0.022519176228679286,287.6379740610589
797,49.5,0.022547437782483304,287.9863305557917
798,49.5,0.022575755518297057,288.3353489178005
799,49.5,0.022607391905341778,288.725233652881
800,49.5,0.022636488661547754,289.0837863595969
801,49.5,0.02266383009956675,289.42067918070387
802,49.5,0.02268177346596195,289.6417563114063
803,49.5,0.022693999359565377,289.79238239370534
804,49.5,0.02269823916166776,289.8446164871098
805,49.5,0.02270271179944853,289.8997183566131
806,49.5,0.022705701701300873,289.93655283385397
807,49.5,0.02270963752805189,289.9850402326186
808,49.5,0.02271195869208965,290.0136355242923
809,49.5,0.022718190974729192,290.0904123364494
810,49.5,0.022726495636603235,290.19271692114125
811,49.5,0.022734755861201213,290.29447147132015
812,49.5,0.022744759992328795,290.4177050482411
813,49.5,0.022757014780960358,290.5686576174496
814,49.5,0.022770686178987427,290.7370529875592
815,49.5,0.022786365631065727,290.9301734666092
816,49.5,0.022803231221356548,291.13789287233504
817,49.5,0.022825187163499336,291.40828961373154
818,49.5,0.02284593883031385,291.66383826625685
819,49.5,0.022869853769927725,291.95832098452274
820,49.5,0.022892553111137356,292.23781491566785
821,49.5,0.022915267415249352,292.5174733869568
822,49.5,0.022944094944962027,292.8723695139934
823,49.5,0.02297592699426452,293.2642174646389
824,49.5,0.02300969074602578,293.6798021230668
825,49.5,0.02303718360774334,294.01816873852795
826,49.5,0.023056715695109867,294.25854111307837
827,49.5,0.023072445661975072,294.4521119645812
828,49.5,0.02307816803812976,294.5225284120346
829,49.5,0.023083432574909777,294.58730983379553
830,49.5,0.023085856021788156,294.61713058911016
831,49.5,0.023088209384951156,294.6460887428719
832,49.5,0.023091134516410733,294.68208221584587
833,49.5,0.023099276067852437,294.78226153710193
834,49.5,0.02311353232127903,294.9576743208503
835,49.5,0.02313223722892503,295.1878127850181
836,49.5,0.023154790281857393,295.4652796995991
837,49.5,0.02318007915210206,295.7763819020085
838,49.5,0.023208153914895165,296.1217274240751
839,49.5,0.023238805786438242,296.4987394449599
840,49.5,0.023270271616820923,296.88572573981224
841,49.5,0.023301758415012797,297.2729321288304
842,49.5,0.02333547217984671,297.6874825711564
843,49.5,0.02336921143095988,298.10230303266354
844,49.5,0.023403908629842436,298.52885612000307
845,49.5,0.023438632058441683,298.9556857478614
846,49.5,0.02347327500995721,299.3814803627546
847,49.5,0.023510172119798584,299.8349304494185
848,49.5,0.023546280528637536,300.27863754054374
849,49.5,0.023578694459447228,300.67690389272406
850,49.5,0.023608432324780947,301.0422545487422
851,49.5,0.023632256804601078,301.3349308069469
852,49.5,0.023652401692622754,301.58238758004615
853,49.5,0.023672691973596893,301.83161472816965
854,49.5,0.023687835596312146,302.01761485152883
855,49.5,0.023698342283155604,302.1466571188184
856,49.5,0.02371276533887055,302.32379306809906
857,49.5,0.023727186102978092,302.50089296127555
858,49.5,0.023741604810498525,302.67795968871565
859,49.5,0.02376313670006405,302.94236403601263
860,49.5,0.023784887333394122,303.2094365802565
861,49.5,0.023805541818515078,303.4630330418859
862,49.5,0.023829175786935584,303.75319179846156
863,49.5,0.023849845202347182,304.0069367611597
864,49.5,0.023869826716251884,304.2522213642443
865,49.5,0.023892742736800813,304.53351004334525
866,49.5,0.023910562596663243,304.7522307709728
867,49.5,0.023925807550808118,304.93933756012746
868,49.5,0.02394363856308101,305.1581727609361
869,49.5,0.023958889457211113,305.3453332817061
870,49.5,0.023974145520875453,305.53254840088016
871,49.5,0.023986518128080732,305.68437262669306
872,49.5,0.023995692829193133,305.79695160091796
873,49.5,0.024004865616283334,305.9095038919521
874,49.5,0.024010253329002956,305.975610925201
875,49.5,0.024015640229495233,306.0417068899529
876,49.5,0.024015922797596612,306.0451739017113
877,49.5,0.024016205258542186,306.04863959567393
878,49.5,0.024011046811578503,305.98534683351517
879,49.5,0.02400682123577397,305.93349939733884
880,49.5,0.02400890219850543,305.9590327082074
881,49.5,0.02402041199147722,306.1002543333715
882,49.5,0.024026561361346087,306.1757031505933
883,49.5,0.024032585099997686,306.249609160753
884,49.5,0.02404249216440967,306.37115718744144
885,49.5,0.024053276440879654,306.50346333631506
886,49.5,0.02406405994794035,306.6357556288604
887,49.5,0.024078315930679522,306.8106415476854
888,49.5,0.024091607406609303,306.97368838248184
889,49.5,0.024105872536092705,307.14867158332623
890,49.5,0.02412014220531923,307.3237027399733
891,49.5,0.024134416398896553,307.49878165676654
892,49.5,0.024151785040570566,307.7118048321627
893,49.5,0.024173911729115944,307.9831679831389
894,49.5,0.024196056618803898,308.2547357458597
895,49.5,0.02421821162681548,308.5264089651083
896,49.5,0.024240384791907845,308.79828618146075
897,49.5,0.024259252698615025,309.02962113688216
898,49.5,0.02427356189490037,309.2050538114423
899,49.5,0.024278800177863304,309.2692739237651
900,49.5,0.024278816827198506,309.26947803902374
901,49.5,0.024279445776567467,309.27718873938164
902,49.5,0.024286063753077392,309.3583219181602
903,49.5,0.024287293261698744,309.3733949138531
904,49.5,0.02428968387512591,309.4027021536797
905,49.5,0.024300466166194096,309.5348827669807
906,49.5,0.02431377158257952,309.6979884126206
907,49.5,0.02432880066031815,309.8822156388653
908,49.5,0.02435289399752845,310.1775351572853
909,49.5,0.02438081426572064,310.5197350164954
910,49.5,0.024416642880863634,310.95881883005234
911,49.5,0.024449104690773018,311.35660002756896
912,49.5,0.02448510203505493,311.7976583147626
913,49.5,0.024523694104668068,312.2704539762905
914,49.5,0.024561421235618768,312.73259861777365
915,49.5,0.024598300230477408,313.18430174883633
916,49.5,0.024637992601270753,313.67040623676706
917,49.5,0.024673978340180657,314.11106476973293
918,49.5,0.024709987992562327,314.5519670385462
919,49.5,0.024746021574306887,314.99311314811814
920,49.5,0.024781208156918127,315.4238423147213
921,49.5,0.0248135023128175,315.81912320008803
922,49.5,0.024840438492786655,316.14879219816515
923,49.5,0.024861576690256276,316.4074810858237
924,49.5,0.024876585790633104,316.59115192648017
925,49.5,0.024888761876642,316.74014806253996
926,49.5,0.02489557423992971,316.8235070343866
927,49.5,0.024902775307917763,316.91162045316526
928,49.5,0.024910390706282638,317.0048015502559
929,49.5,0.024923927778117135,317.1704341143092
930,49.5,0.02493750923059562,317.3366027304282
931,49.5,0.02495606057200167,317.5635664968156
932,49.5,0.024979039884234725,317.8446855987217
933,49.5,0.025012810153380256,318.2577804247512
934,49.5,0.025043330142778007,318.63107910511246
935,49.5,0.025080157299205548,319.0814756557997
936,49.5,0.025119820845085863,319.566503939577
937,49.5,0.025162150364688284,320.0840676713399
938,49.5,0.025204515297211984,320.6019966056446
939,49.5,0.02524947689298581,321.1515966609975
940,49.5,0.025293475487798305,321.6893512950468
941,49.5,0.02533751420880093,322.22752314780416
942,49.5,0.025381593092588292,322.76611248114784
943,49.5,0.025425712175788373,323.30511955701525
944,49.5,0.025464786191840925,323.782429220234
945,49.5,0.02550317606453088,324.2513256045598
946,49.5,0.02553502025844023,324.6402304552947
947,49.5,0.025562867737251926,324.9802931127662
948,49.5,0.025583356156144956,325.2304710959654
949,49.5,0.025599644186082782,325.42934808459194
950,49.5,0.025605141099874048,325.4964631923033
951,49.5,0.025603622877083874,325.47792641623397
952,49.5,0.025592654663566593,325.3440071787638
953,49.5,0.025589535921534626,325.3059272635423
954,49.5,0.02560146053173852,325.45152506095405
955,49.5,0.025622730724766223,325.7112177849387
956,49.5,0.025647971903637642,326.0193710630977
957,49.5,0.02568002739486421,326.4106812641037
958,49.5,0.025715860842346266,326.8480641645271
959,49.5,0.02575248868146934,327.2950933887039
960,49.5,0.025792077474275688,327.7782031047525
961,49.5,0.02583432807433241,328.293730231787
962,49.5,0.02587737144319581,328.818861298855
963,49.5,0.025921132978942447,329.3526825006358
964,49.5,0.025964147038862174,329.87731541061294
965,49.5,0.02600840664051755,330.41706720612495
966,49.5,0.02605270970789197,330.95727523091915
967,49.5,0.02609692276362735,331.4963120645293
968,49.5,0.02614240583191162,332.0507558936702
969,49.5,0.02618304827159431,332.54612606863054
970,49.5,0.026215129658566573,332.9371060219625
971,49.5,0.026237028685801668,333.20397003274115
972,49.5,0.026248938195801787,333.3490930923712
973,49.5,0.026238106312849646,333.21710165173914
974,49.5,0.026213018381161867,332.91137680479403
975,49.5,0.026123649258156748,331.82212053352004
976,49.5,0.026015784798700526,330.5070376670341
977,49.5,0.025991397678551076,330.2096493509423
978,49.5,0.025991128998603348,330.2063728132766
979,49.5,0.02600484164496795,330.37359433636567
980,49.5,0.02601855215551242,330.54078273772404
981,49.5,0.026050120773575446,330.9257091759025
982,49.5,0.026085164080550186,331.35295970508054
983,49.5,0.0261233906027912,331.8189675324115
984,49.5,0.026164581728414987,332.3210543998459
985,49.5,0.02620587173364361,332.82428248357974
986,49.5,0.026248626877340784,333.3452995963181
987,49.5,0.026289120282818396,333.8386916407163
988,49.5,0.026334201957038547,334.3879169528804
989,49.5,0.026377256546733563,334.9123751994799
990,49.5,0.026391121582603583,335.0812536872713
991,49.5,0.026409817717828098,335.30896434785853
992,49.5,0.026424197248650975,335.4840917410695
993,49.5,0.026430957924365624,335.5664268968787
994,49.5,0.026429478382782833,335.54840838813
995,49.5,0.026418491452784444,335.41460214499926
996,49.5,0.026393511507463923,335.1103626474655
997,49.5,0.026368512362664295,334.80586584062365
998,49.5,0.026277952455769575,333.70262336795287
999,49.5,0.026253272618855364,333.40190878099463
1000,49.5,0.02624326869089948,333.2800081361245
1001,49.5,0.02624344183620913,333.282117991884
1002,49.5,0.02625142685339167,333.3794178984674
1003,49.5,0.02626567037548537,333.55297367326256
1004,49.5,0.026279911691020896,333.7264949360347
1005,49.5,0.02629959294555532,333.96628580497315
1006,49.5,0.026319766708370596,334.21206214511915
1007,49.5,0.026339854002140384,334.4567698372475
1008,49.5,0.02635950484244407,334.69614588670055
1009,49.5,0.02638436125187989,334.9989126151478
1010,49.5,0.026408704288450498,335.29540363810213
1011,49.5,0.026433788538204214,335.6008991291961
1012,49.5,0.026458354205107566,335.90005600628444
1013,49.5,0.026484531797658344,336.21881771676397
1014,49.5,0.02653409413900498,336.8222624933483
1015,49.5,0.026585253763362973,337.44505820035016
1016,49.5,0.02663413721699061,338.0400529722457
1017,49.5,0.026671904348791454,338.4996817894768
1018,49.5,0.026690553504054724,338.72662366270555
1019,49.5,0.0266978357435506,338.8152378106305
1020,49.5,0.02669160431605974,338.73941062268904
1021,49.5,0.02666617044874027,338.42990324357885
1022,49.5,0.02657580907176736,337.33008990069646
1023,49.5,0.026485850835597593,336.2348788178519
1024,49.5,0.026460701676756012,335.9286419649569
1025,49.5,0.02644985155285897,335.7965145926072
1026,49.5,0.026462605613274306,335.9518266938584
1027,49.5,0.02647551003113791,336.108963549134
1028,49.5,0.026498168822520124,336.38486409622163
1029,49.5,0.026531908963658576,336.7956589012921
1030,49.5,0.02657176874113695,337.2809067593768
1031,49.5,0.026615070191102506,337.80798550727565
1032,49.5,0.02665907129281904,338.3435085429285
1033,49.5,0.02670330329764996,338.8817685975768
1034,49.5,0.026749288654356614,339.44128739635556
1035,49.5,0.026794536945307756,339.9917606511086
1036,49.5,0.026844134173652258,340.5950531934024
1037,49.5,0.026892917888118314,341.188360311797
1038,49.5,0.026943675627717448,341.8055808090003
1039,49.5,0.0269944832720959,342.42331145856696
1040,49.5,0.027040782981992945,342.986149407584
1041,49.5,0.027083754235535443,343.50845344814877
1042,49.5,0.027123152687591124,343.98727027489315
1043,49.5,0.02715318752385551,344.3522502652928
1044,49.5,0.027176491431504572,344.6354134900187
1045,49.5,0.027199751945630013,344.91802917077115
1046,49.5,0.027218730550397925,345.1486045690936
1047,49.5,0.02723770992200149,345.37917580149553
1048,49.5,0.027262549076927725,345.68091434813806
1049,49.5,0.027287491938044618,345.983889452856
1050,49.5,0.02731691583621172,346.34126473960924
1051,49.5,0.02734238452971036,346.65057495037104
1052,49.5,0.027376258608513677,347.0619286338975
1053,49.5,0.027410148335378776,347.4734293945562
1054,49.5,0.02744447639104091,347.89020870786493
1055,49.5,0.027479581176499995,348.3163727837557
1056,49.5,0.02751423543317633,348.7370223559165
1057,49.5,0.027549364641744567,349.16339130105507
1058,49.5,0.02758439436241868,349.58850682154366
1059,49.5,0.027619474386425973,350.0141868657781
1060,49.5,0.02765155309188374,350.40340703854287
1061,49.5,0.027688235641650523,350.84843987027585
1062,49.5,0.02772541445206221,351.2994420575208
1063,49.5,0.02776297932473721,351.7550749981631
1064,49.5,0.027800697562270906,352.212515128616
1065,49.5,0.027834543564436525,352.6229482631568
1066,49.5,0.02785825995239845,352.9105192774351
1067,49.5,0.027876117214915293,353.1270321193321
1068,49.5,0.02788678547874932,353.2563752773403
1069,49.5,0.027888742437078104,353.28010118593954
1070,49.5,0.027879414803405507,353.1670128841133
1071,49.5,0.027853430694439407,352.8519642290866
1072,49.5,0.02784416026231613,352.73955723310416
1073,49.5,0.02785484866668263,352.86915731958766
1074,49.5,0.027872740705403663,353.0860940764358
1075,49.5,0.02789004371483324,353.295877629324
1076,49.5,0.02790734415899644,353.50561891171003
1077,49.5,0.02793070617102277,353.7888296620043
1078,49.5,0.02794636184908523,353.978607414404
1079,49.5,0.02796277064213508,354.17750459507636
1080,49.5,0.02797883467225699,354.3722130451216
1081,49.5,0.02799523542413379,354.5709928932283
1082,49.5,0.02801754632878661,354.8413886730059
1083,49.5,0.02803946616489986,355.1070268415427
1084,49.5,0.028060583230460227,355.36291959485357
1085,49.5,0.02808170112027644,355.6188057092745
1086,49.5,0.028102876832932642,355.87537577068815
1087,49.5,0.028123616197280748,356.1266427281389
1088,49.5,0.028149295233141483,356.4377338682731
1089,49.5,0.028163755482813566,356.61290313225913
1090,49.5,0.028178534055442437,356.79192046056846
1091,49.5,0.02816725658455674,356.6553137742261
1092,49.5,0.02813986056433438,356.32343952518045
1093,49.5,0.028112454407072926,355.99141448792193
1094,49.5,0.02801538304976606,354.81517174480047
1095,49.5,0.027898043305732003,353.3928617559699
1096,49.5,0.027800690995274425,352.2124354898638
1097,49.5,0.02777410356659145,351.88999336299054
1098,49.5,0.027763791871656403,351.76492998361243
1099,49.5,0.027764301420182935,351.77111003669955
1100,49.5,0.027773059271314477,351.8773280122075
1101,49.5,0.027794445572137037,352.1366957673013
1102,49.5,0.027810013024428423,352.3254832322089
1103,49.5,0.027825666441849355,352.5153040804527
1104,49.5,0.027825879010305674,352.51788172457645
1105,49.5,0.02782602253701085,352.51962215479773
1106,49.5,0.027834139306788432,352.61804628999244
1107,49.5,0.027855144282484694,352.8727416886466
1108,49.5,0.027870788040048472,353.06241904949576
1109,49.5,0.027886015129656213,353.2470356257943
1110,49.5,0.027901238818049564,353.43160231611137
1111,49.5,0.02792222890527614,353.6860646347447
1112,49.5,0.027942750345069066,353.93482966103966
1113,49.5,0.027961896455264295,354.16690849898396
1114,49.5,0.02798156749025481,354.40533595160065
1115,49.5,0.028001056865963582,354.6415473267236
1116,49.5,0.02802057584451294,354.87810329048716
1117,49.5,0.02804006125336352,355.1142382428091
1118,49.5,0.02804777301414071,355.207689711134
1119,49.5,0.02805548190494934,355.3011041848258
1120,49.5,0.028063058866665578,355.3929178145182
1121,49.5,0.02807062743603478,355.48462761325976
1122,49.5,0.028084985859154307,355.6586054961814
1123,49.5,0.028099004422895587,355.8284579620491
1124,49.5,0.028113359024743777,356.00237435938016
1125,49.5,0.028133558580735577,356.2470936007608
1126,49.5,0.028153659677598985,356.4906049053119
1127,49.5,0.02817837192796855,356.78995660550447
1128,49.5,0.028207986906715516,357.1486675005644
1129,49.5,0.02823270165420399,357.44799941836214
1130,49.5,0.028265877276982775,357.8497691976685
1131,49.5,0.028297716223789824,358.23531275522294
1132,49.5,0.028328293361204307,358.60554129536683
1133,49.5,0.028349498077966762,358.86226795016694
1134,49.5,0.02837070947030376,359.11905867653144
1135,49.5,0.02839259939794086,359.3840463674189
1136,49.5,0.02841380651973973,359.6407513659753
1137,49.5,0.02843080113395196,359.84645330930823
1138,49.5,0.028441914191796765,359.9809593812766
1139,49.5,0.028451356829477,360.09524403452167
1140,49.5,0.028460825162388695,360.20983634632466
1141,49.5,0.028469650242236574,360.31664056073487
1142,49.5,0.028472976095325727,360.3568904504266
1143,49.5,0.028482291186118173,360.4696206522986
1144,49.5,0.028485505413638038,360.5085181301057
1145,49.5,0.028489182979354565,360.5530222961197
1146,49.5,0.028492475577240186,360.5928673360009
1147,49.5,0.028495766966370073,360.6326973450696
1148,49.5,0.028499046962899195,360.6723890881228
1149,49.5,0.028502778571626093,360.71754537314604
1150,49.5,0.028512809240592008,360.8389241661959
1151,49.5,0.028522838480338153,360.9602819218979
1152,49.5,0.028532751211139254,361.0802261961277
1153,49.5,0.02853697511826873,361.1313344603168
1154,49.5,0.02854688582311703,361.25124900861357
1155,49.5,0.028550502173494224,361.29500412096803
1156,49.5,0.02856031580151837,361.4137391678884
1157,49.5,0.02856400558647114,361.458380934837
1158,49.5,0.02856768413604406,361.5028862636747
1159,49.5,0.02857081623293302,361.54077987903054
1160,49.5,0.028573998131490686,361.57927564529234
1161,49.5,0.028577168493609053,361.6176314649718
1162,49.5,0.0285803177210402,361.6557312218864
1163,49.5,0.028565305661405464,361.47411008918834
1164,49.5,0.028548872173745566,361.2752824134685
1165,49.5,0.028532085502984365,361.07217122641333
1166,49.5,0.028501151238288343,360.6978530378359
1167,49.5,0.02847185811371447,360.34336054318953
1168,49.5,0.02844761704477472,360.04998165500405
1169,49.5,0.028433926347941074,359.88427956976693
1170,49.5,0.02843103231662227,359.84925145844096
1171,49.5,0.02843228870906374,359.864458330888
1172,49.5,0.028434300779895724,359.88881151045257
1173,49.5,0.028436477931606745,359.91516258328755
1174,49.5,0.028446713466256886,360.03904562284197
1175,49.5,0.028462624791365944,360.23161632323297
1176,49.5,0.028474010113856713,360.3694041880198
1177,49.5,0.028488163279102845,360.5406824149741
1178,49.5,0.02850406771113612,360.7331451602812
1179,49.5,0.028520111863154462,360.9272891492101
1180,49.5,0.028539787013490817,361.16535735075036
1181,49.5,0.028560450219618738,361.4153654670859
1182,49.5,0.02858288831171926,361.68683028380076
1183,49.5,0.028608010935385054,361.99075139293575
1184,49.5,0.028632906829768375,362.29190648749704
1185,49.5,0.028651763529818387,362.51999266511575
1186,49.5,0.028670626542302843,362.7481419686285
1187,49.5,0.028686420633218558,362.93916230022
1188,49.5,0.02869290192666721,363.01754708626765
1189,49.5,0.028690572930077343,362.98938037297484
1190,49.5,0.028672722021623114,362.7734861042628
1191,49.5,0.02865484960023811,362.5573197830072
1192,49.5,0.028636972394989645,362.34108371951993
1193,49.5,0.028619640955065962,362.1314376861136
1194,49.5,0.02862337552564865,362.17661305965294
1195,49.5,0.028634792400967002,362.3147145050785
1196,49.5,0.028649612408911514,362.4939738842284
1197,49.5,0.02866639713792934,362.69698821153554
1198,49.5,0.02868939780661009,362.97516843973597
1199,49.5,0.02871736662411778,363.3134091522614
1200,49.5,0.0287452575284843,363.65067866670336
1201,49.5,0.028773244535641524,363.9890812383393
1202,49.5,0.028803790157755114,364.35838786927087
1203,49.5,0.028836683314057327,364.7560381945684
1204,49.5,0.02886960137814808,365.15394939250854
1205,49.5,0.02890731442734056,365.60977255474324
1206,49.5,0.028942631312782244,366.0365863105744
1207,49.5,0.02897797782411959,366.46371172982475
1208,49.5,0.02900964206772227,366.8463014270503
1209,49.5,0.029039968871504455,367.2126963403558
1210,49.5,0.029060756730014438,367.4638262532068
1211,49.5,0.029068148164403045,367.5531153892841
1212,49.5,0.029062840705270477,367.48900105114933
1213,49.5,0.029032569748814876,367.1233065895151
1214,49.5,0.028933070898959613,365.92105079247324
1215,49.5,0.028834014966558467,364.7237816375864
1216,49.5,0.028735086902400796,363.5276941747603
1217,49.5,0.02870590818820558,363.17484014842375
1218,49.5,0.02869113951049789,362.9962325734292
1219,49.5,0.02868657705893078,362.94105413173116
1220,49.5,0.02869655109560649,363.06167946126385
1221,49.5,0.028704736966931797,363.16067607605765
1222,49.5,0.02871458388542986,363.279757422707
1223,49.5,0.02872508589292406,363.40675695909744
1224,49.5,0.028736666847255433,363.54679931922516
1225,49.5,0.028753769598759377,363.7536047375867
1226,49.5,0.028771973587850358,363.9737143096598
1227,49.5,0.02878907614540727,364.18049494226045
1228,49.5,0.02880668744225207,364.3934151928122
1229,49.5,0.02882489096441128,364.6134833243612
1230,49.5,0.028847361967578707,364.88512540361586
1231,49.5,0.02886446420217651,365.09185422853653
1232,49.5,0.028880933936974686,365.2909272369054
1233,49.5,0.02889194047194355,365.423959829923
1234,49.5,0.028896078679224668,365.4739759009543
1235,49.5,0.028882132679323748,365.3054162842491
1236,49.5,0.028867855516384287,365.1328465515343
1237,49.5,0.028838686821176556,364.7802575953936
1238,49.5,0.02880936056528284,364.42573219305064
1239,49.5,0.02871309037580693,363.26169625424404
1240,49.5,0.028683833193077,362.9078693537663
1241,49.5,0.028669585447206738,362.7355502039317
1242,49.5,0.02865498865242328,362.5590016602404
1243,49.5,0.028650150671075677,362.50048442484166
1244,49.5,0.028652837730187744,362.5329855403148
1245,49.5,0.028656049968865383,362.57183857226545
1246,49.5,0.028659304603868473,362.6112040097505
1247,49.5,0.028669341912327985,362.7326047093703
1248,49.5,0.0286793001356467,362.8530451769244
1249,49.5,0.02868983424346251,362.9804467093174
1250,49.5,0.028700370720687755,363.10787277108926
1251,49.5,0.028710905713914495,363.2352767595704
1252,49.5,0.028721950121673754,363.3688368769873
1253,49.5,0.028733060399043716,363.50318898151085
1254,49.5,0.028744105107297916,363.63674363766506
1255,49.5,0.028756218740158507,363.78321871476857
1256,49.5,0.028766775780795992,363.9108674131276
1257,49.5,0.02877001995361422,363.9500929564062
1258,49.5,0.02876483946843454,363.8874551249194
1259,49.5,0.028749908365243444,363.7069158897333
1260,49.5,0.028720362078788097,363.3496329399019
1261,49.5,0.028626171482742435,362.21043412031116
1262,49.5,0.02853301609491494,361.0834312458523
1263,49.5,0.02843968628836112,359.9539944855495
1264,49.5,0.028410516174101983,359.6009239480533
1265,49.5,0.02838172127248214,359.2523638609926
1266,49.5,0.028367244226476053,359.0771086629348
1267,49.5,0.028352782118313876,358.9020265073174
1268,49.5,0.028338309509890927,358.72680943669627
1269,49.5,0.028340525859032996,358.75364285276606
1270,49.5,0.02835360406306284,358.9119773993542
1271,49.5,0.028366681394669316,359.0702950159402
1272,49.5,0.028384284006459762,359.2833868115699
1273,49.5,0.028404826631154262,359.53205491162004
1274,49.5,0.02842160311181654,359.7351222533308
1275,49.5,0.028438383027040742,359.93822068860345
1276,49.5,0.028455166377530008,360.14135022032383
1277,49.5,0.028471953163987627,360.3445108513773
1278,49.5,0.028488743387117023,360.54770258464896
1279,49.5,0.028505538126093594,360.7509384734508
1280,49.5,0.028519411008303255,360.91880857967016
1281,49.5,0.02853253340822017,361.07759081499864
1282,49.5,0.028544908911548775,361.2273296638225
1283,49.5,0.028551746440668945,361.31005870294797
1284,49.5,0.02855225051527794,361.3161575636132
1285,49.5,0.028546204520468556,361.24300570589855
1286,49.5,0.02853116987638165,361.06109225369823
1287,49.5,0.028516437860064504,360.88283232472355
1288,49.5,0.028501994049015128,360.7080518895818
1289,49.5,0.028487665490093426,360.534658417694
1290,49.5,0.02847369651646285,360.36560902281485
1291,49.5,0.028477015596006752,360.4057764388651
1292,49.5,0.02848646745619508,360.5201603640511
1293,49.5,0.028489781860096885,360.56026962079005
1294,49.5,0.028499236162215502,360.674678605971
1295,49.5,0.028518269666093644,360.9049979320394
1296,49.5,0.028537303960374648,361.1353133431569
1297,49.5,0.028552623967187073,361.3206759980788
1298,49.5,0.02856794471726001,361.5060389145358
1299,49.5,0.02858171334556866,361.6726155482655
1300,49.5,0.028590405204740904,361.77776840883
1301,49.5,0.028602905774978517,361.9289935808629
1302,49.5,0.02861045838054549,362.0203581224961
1303,49.5,0.0286180099408777,362.1117078989082
1304,49.5,0.028625510129221064,362.2024341391164
1305,49.5,0.02863300927340462,362.293145657178
1306,49.5,0.02864054431357674,362.38428927580935
1307,49.5,0.02864738260096458,362.46700316636765
1308,49.5,0.02864843528173733,362.479735925495
1309,49.5,0.028655276898971422,362.56248808505205
1310,49.5,0.028662619245598642,362.65129483535515
1311,49.5,0.028664081221613496,362.6689774085884
1312,49.5,0.02866617270934925,362.6942737764408
1313,49.5,0.028668213247921164,362.7189537617088
1314,49.5,0.02867040691225667,362.74548560574635
1315,49.5,0.0286836793766925,362.90600906409753
1316,49.5,0.028701201216116305,363.1179164422987
1317,49.5,0.028723478404828987,363.3873180611302
1318,49.5,0.028752529806855623,363.7386136156749
1319,49.5,0.028784540950896876,364.12566265911124
1320,49.5,0.028816561079408966,364.5127822402955
1321,49.5,0.02883885536356171,364.7822950136382
1322,49.5,0.028851948605829004,364.94056895195575
1323,49.5,0.028869424428554676,365.1518105461201
1324,49.5,0.028882053559872913,365.30445997908663
1325,49.5,0.028890111165265426,365.401849876155
1326,49.5,0.028903216797009572,365.5602486263924
1327,49.5,0.02891632676942432,365.7186934571782
1328,49.5,0.02892943928847142,365.8771626814362
1329,49.5,0.028941922288873836,366.0280180276391
1330,49.5,0.028950061888492015,366.1263808550522
1331,49.5,0.028951695991678475,366.14612784552935
1332,49.5,0.028958578610819782,366.2292983805636
1333,49.5,0.02896478059575593,366.30424252984
1334,49.5,0.028965274864773648,366.3102151644646
1335,49.5,0.028965278332674788,366.3102570697627
1336,49.5,0.028965145734409843,366.3086547833327
1337,49.5,0.028965013182966504,366.30705306203157
1338,49.5,0.028970481833217005,366.37313443819204
1339,49.5,0.028975949780040026,366.43920620422705
1340,49.5,0.028986307991782576,366.56436629180945
1341,49.5,0.028996666775127043,366.689529302569
1342,49.5,0.029007021571721556,366.8146401610541
1343,49.5,0.029017376932856265,366.93975385996464
1344,49.5,0.029027596009087296,367.06321705943594
1345,49.5,0.02903708248632834,367.1778257923263
1346,49.5,0.02904656407313997,367.292372104943
1347,49.5,0.029060067221422875,367.45549682924957
1348,49.5,0.02907351382009799,367.61793168178673
1349,49.5,0.029090555618039658,367.82378688478906
1350,49.5,0.0291040590066041,367.98689246712405
1351,49.5,0.02911353468251516,368.10134381987484
1352,49.5,0.02912390544873477,368.2266026459957
1353,49.5,0.029134272182341967,368.3518087778845
1354,49.5,0.029139020403576486,368.4091549618563
1355,49.5,0.02914382345828434,368.4671625408472
1356,49.5,0.029147824066060216,368.51547813328636
1357,49.5,0.029145633644091253,368.48902434255893
1358,49.5,0.029136800640431244,368.3823460906881
1359,49.5,0.029128059789116936,368.2767779348238
1360,49.5,0.029119303386211964,368.17101911151485
1361,49.5,0.029122575026700424,368.21053394048494
1362,49.5,0.029125757877566154,368.24897598850407
1363,49.5,0.029128929330215582,368.28727999654734
1364,49.5,0.029132131333935683,368.32595261417043
1365,49.5,0.029135290867625962,368.3641119216198
1366,49.5,0.029138438882310897,368.40213173980794
1367,49.5,0.02914157585540622,368.44001783863126
1368,49.5,0.02914471238926253,368.4778982676461
1369,49.5,0.029152362824889064,368.57029229101903
1370,49.5,0.029160006464718034,368.6626020734468
1371,49.5,0.029168650535010512,368.7669911217853
1372,49.5,0.029177288440852364,368.87130295719606
1373,49.5,0.02918592020776028,368.9755378938434
1374,49.5,0.02919439552720798,369.0778809234129
1375,49.5,0.029202864574063396,369.1801455475751
1376,49.5,0.029210535605379843,369.2727717548989
1377,49.5,0.02921363818559442,369.3102341861612
1378,49.5,0.029215816788234154,369.3365397396222
1379,49.5,0.029217056841861502,369.351512697579
1380,49.5,0.029218429264102112,369.3680838664468
1381,49.5,0.029198998925875613,369.133467772493
1382,49.5,0.029179639290126208,368.89969146576755
1383,49.5,0.029160663265379572,368.6705339428975
1384,49.5,0.02915679413965254,368.62380811973105
1385,49.5,0.029151277020363676,368.55717920280983
1386,49.5,0.02914662206026748,368.50096149591093
1387,49.5,0.029141951028480526,368.4445488840255
1388,49.5,0.02914330582199378,368.46091097133467
1389,49.5,0.0291500686499717,368.5425858547427
1390,49.5,0.029156653241684653,368.6221065430588
1391,49.5,0.029158911405632714,368.64937752970866
1392,49.5,0.029165658047872706,368.7308530337718
1393,49.5,0.02917222611415328,368.8101703517614
1394,49.5,0.029180606404236323,368.91137013339073
1395,49.5,0.0291889937020477,369.01265193163294
1396,49.5,0.029201419132596343,369.16269187935677
1397,49.5,0.029214018071007333,369.3148211280204
1398,49.5,0.029225555444335576,369.4541270616996
1399,49.5,0.029236178086240995,369.58238387097964
1400,49.5,0.02924542306960992,369.69400355118466
1401,49.5,0.029250888175460038,369.7599852369412
1402,49.5,0.029252101356688053,369.7746321484241
1403,49.5,0.029248041739009214,369.7256195859701
1404,49.5,0.029237938533870418,369.60363895085396
1405,49.5,0.029234567423918657,369.56293715017387
1406,49.5,0.029232526737438216,369.5382982906122
1407,49.5,0.029223114663674263,369.42465670745503
1408,49.5,0.029228912318794147,369.49465810990876
1409,49.5,0.02923178407664959,369.5293315074922
1410,49.5,0.02923546889677445,369.5738213124156
1411,49.5,0.02923911122103953,369.61779753572637
1412,49.5,0.029249139930685886,369.7388783303095
1413,49.5,0.029259369628804245,369.8623819003389
1414,49.5,0.029268357879029188,369.97089421601737
1415,49.5,0.029278192895492095,370.0896258419699
1416,49.5,0.029290196027911237,370.2345268336265
1417,49.6,0.02930292235460975,369.0093304865216
1418,49.6,0.029317876277088737,369.1891667191391
1419,49.6,0.029335278129159984,369.39843141526796
1420,49.6,0.029351352457614242,369.591722137959
1421,49.6,0.029369880267066446,369.81450366375
1422,49.6,0.029387719746479968,370.0289966153933
1423,49.6,0.029413152734550817,370.3347697908474
1424,49.6,0.029430119014030445,370.5387369948413
1425,49.6,0.029436137342193764,370.61108628359875
1426,49.6,0.029435693359689128,370.60574899678596
1427,49.6,0.029404174518735064,370.2268301260742
1428,49.6,0.02930759478563337,369.06552214187013
1429,49.6,0.02921205105630741,367.91633245633295
1430,49.6,0.029100332414875654,366.57216488627705
1431,49.6,0.02898741479568239,365.21310270033337
1432,49.6,0.028893191353935335,364.07868033459215
1433,49.6,0.02879945584018287,362.94980651140077
1434,49.6,0.028768735400612932,362.57976391491064
1435,49.6,0.028767061898126868,362.5596047621645
1436,49.6,0.02877175047273997,362.61608346753263
1437,49.6,0.028781865147776652,362.73792236375806
1438,49.6,0.028797053921047318,362.92087548934416
1439,49.6,0.028807287256286392,363.0441341287448
1440,49.6,0.028818245548754874,363.1761204463598
1441,49.6,0.028834214955467913,363.36845478852166
1442,49.6,0.028857377958123487,363.64741148860475
1443,49.6,0.028884722193980496,363.9766980650987
1444,49.6,0.028912115906034732,364.3065527036005
1445,49.6,0.02894446504375853,364.69604112706844
1446,49.6,0.028977451073010765,365.0931579552586
1447,49.6,0.029012651425625292,365.5168885001355
1448,49.6,0.02903918519042723,365.8362631532405
1449,49.6,0.029053468590072427,366.00817504821225
1450,49.6,0.02905798407926952,366.0625209257894
1451,49.6,0.029058542770010493,366.0692449595827
1452,49.6,0.02904227221653946,365.87341856787907
1453,49.6,0.029011450507579695,365.5024329892675
1454,49.6,0.028914052919524525,364.329875723493
1455,49.6,0.02881709180271139,363.16222444952353
1456,49.6,0.0287201011137221,361.99386889109866
1457,49.6,0.02862324292578991,360.82676179059933
1458,49.6,0.028593355365984625,360.46655704033606
1459,49.6,0.028587887249895378,360.40065174559805
1460,49.6,0.028595343136898196,360.4905146748009
1461,49.6,0.028607607515269397,360.63832801430186
1462,49.6,0.02862445325773392,360.84134800903877
1463,49.6,0.028645149696807138,361.09076108756653
1464,49.6,0.028671341435819637,361.40637535588195
1465,49.6,0.028697530155725584,361.72192783769225
1466,49.6,0.028726497084300247,362.0709258571607
1467,49.6,0.028752852683415646,362.3884351798467
1468,49.6,0.028776142366711773,362.668987611057
1469,49.6,0.028803440214781317,362.9977976766446
1470,49.6,0.028827607347438337,363.2888743955769
1471,49.6,0.02885178561583932,363.5800636039634
1472,49.6,0.028875974084434153,363.8713540083469
1473,49.6,0.02890003783265556,364.1611209793787
1474,49.6,0.028919865471525467,364.39986214977773
1475,49.6,0.028934208924107373,364.5725601144835
1476,49.6,0.02894493574517416,364.7017081562693
1477,49.6,0.028954009525271534,364.8109507058944
1478,49.6,0.02895988924595296,364.8817371824511
1479,49.6,0.028965955450217032,364.95476741100777
1480,49.6,0.02897125207175251,365.0185316220371
1481,49.6,0.028978084631764454,365.1007849371565
1482,49.6,0.028989868491163154,365.24264008052046
1483,49.6,0.028997327255936088,365.3324266973459
1484,49.6,0.029001909117213457,365.38758089859317
1485,49.6,0.029011096212577855,365.4981683123362
1486,49.6,0.029021863824747685,365.62777683747345
1487,49.6,0.02902773679238651,365.69846727504705
1488,49.6,0.029033705968845185,365.7703144306424
1489,49.6,0.029040385749848092,365.85071311599575
1490,49.6,0.029052867059994193,366.0009353150357
1491,49.6,0.02906535164078441,366.15119111635283
1492,49.6,0.02907783671733492,366.3014471210833
1493,49.6,0.029090325465466537,366.4517415471954
1494,49.6,0.0291028147182094,366.60203627958856
1495,49.6,0.02911530447558389,366.75233131814093
1496,49.6,0.029127794005797538,366.90261785699414
1497,49.6,0.02913518954466826,366.99160567121123
1498,49.6,0.0291359511481999,367.00076965312763
1499,49.6,0.029135501001834888,366.9953532770159
1500,49.6,0.02911742087901049,366.77779841001694
1501,49.6,0.029107114035870355,366.65377261226496
1502,49.6,0.029088185860491035,366.42599312256027
1503,49.6,0.02906928376376863,366.1985142424483
1504,49.6,0.029065478192664175,366.1527141779651
1505,49.6,0.02906688213176688,366.1696106533899
1506,49.6,0.029068261164857445,366.1862073127984
1507,49.6,0.029075029332521915,366.2676611724424
1508,49.6,0.029084494736428313,366.38157301602854
1509,49.6,0.02909491459351109,366.5069674406167
1510,49.6,0.029100639776405684,366.5758636074203
1511,49.6,0.029111253753499194,366.7035877339159
1512,49.6,0.029124004892141824,366.85702405505435
1513,49.6,0.029137793476457313,367.022937348801
1514,49.6,0.029150219662212023,367.172451349077
1515,49.6,0.029162652133235992,367.3220352636054
1516,49.6,0.02917509053050639,367.4716847646377
1517,49.6,0.029187705276175636,367.6234501182378
1518,49.6,0.02920032621908729,367.7752841448745
1519,49.6,0.029209693232705607,367.8879685441138
1520,49.6,0.02921808737602872,367.98894663979286
1521,49.6,0.02922658024958722,368.0911097701491
1522,49.6,0.029234263400151138,368.1835302222541
1523,49.6,0.029238849167859113,368.2386912836117
1524,49.6,0.02923776833102153,368.2256902355839
1525,49.6,0.029206424516843466,367.8486465308631
1526,49.6,0.029175459025666664,367.47611813583654
1527,49.6,0.029144544139621753,367.1041631949574
1528,49.6,0.029143427671331074,367.0907296559619
1529,49.6,0.029142283030663053,367.0769570942348
1530,49.6,0.029148967041365274,367.15737985865377
1531,49.6,0.029160670375437726,367.2981917066424
1532,49.6,0.02917247521864482,367.44021976138504
1533,49.6,0.029182501556245088,367.5608459701034
1534,49.6,0.02919846630968291,367.7529092027629
1535,49.6,0.029213658206619572,367.93566587583484
1536,49.6,0.029228109680896012,368.1095074401725
1537,49.6,0.02924414684252598,368.30241472987
1538,49.6,0.02926173314204469,368.5139453167353
1539,49.6,0.029280152044166955,368.7354783208017
1540,49.6,0.029306386223992474,369.0509877982608
1541,49.6,0.0293359773491997,369.4068396008913
1542,49.6,0.02936553100861947,369.7622085803842
1543,49.6,0.0293961068875239,370.12983533156904
1544,49.6,0.029422782761065847,370.45054247439896
1545,49.6,0.029442080865120193,370.68253498965464
1546,49.6,0.029457252036658114,370.86490585848435
1547,49.6,0.029460390189230995,370.9026281611897
1548,49.6,0.029463661406844224,370.94194959123905
1549,49.6,0.029459219942950175,370.8885612061712
1550,49.6,0.029454459630877963,370.83133931489465
1551,49.6,0.02943920158551048,370.6479225489723
1552,49.6,0.029424204862528024,370.46763876263435
1553,49.6,0.02940922415685107,370.2875392406807
1554,49.6,0.02939455835570105,370.11121750689324
1555,49.6,0.02937990821841424,369.93507616647435
1556,49.6,0.0293759694015954,369.8877176836462
1557,49.6,0.02938020409297626,369.938633600066
1558,49.6,0.029391572689522482,370.07532092692503
1559,49.6,0.029402939477464543,370.2119817381784
1560,49.6,0.029414304457090167,370.34861603981153
1561,49.6,0.02941893090027157,370.4042356128087
1562,49.6,0.029423555541917844,370.4598327379351
1563,49.6,0.029428178382730517,370.5154074245635
1564,49.6,0.02942495166021558,370.47661662135056
1565,49.6,0.029430071281870238,370.5381631776768
1566,49.6,0.02943518005403838,370.5995783403337
1567,49.6,0.029439371934289874,370.64997035687634
1568,49.6,0.02943571305928389,370.60598581345033
1569,49.6,0.029405166163872776,370.2387522226675
1570,49.6,0.02930111737748495,368.98762322946766
1571,49.6,0.029170317559578874,367.41426062121684
1572,49.6,0.02903132479095464,365.7416538747622
1573,49.6,0.028890337332642218,364.04431363717885
1574,49.6,0.028750852350417664,362.36433781062647
1575,49.6,0.028612186754459725,360.693516715405
1576,49.6,0.028480237036409086,359.1029556457766
1577,49.6,0.028349960611638088,357.53193170279604
1578,49.6,0.028213257246741806,355.8827273274398
1579,49.6,0.028085243647695934,354.3377283135485
1580,49.6,0.027988001794959687,353.1637074456442
1581,49.6,0.02795965376560611,352.82138972481334
1582,49.6,0.027957019407243273,352.78957691236906
1583,49.6,0.027962244273996382,352.8526727484823
1584,49.6,0.027973421238290053,352.9876431014463
1585,49.6,0.02797818303041343,353.0451439563398
1586,49.6,0.027994681493565786,353.2443640564331
1587,49.6,0.028011178852785406,353.44356071348517
1588,49.6,0.028026451616278345,353.62796202806425
1589,49.6,0.028046327519344116,353.867928060453
1590,49.6,0.028066207255880212,354.10792569564416
1591,49.6,0.028089300180464207,354.3866960350402
1592,49.6,0.028107728843693478,354.60914670556366
1593,49.6,0.02811641400862588,354.7139801465405
1594,49.6,0.0280871654449846,354.3609270275288
1595,49.6,0.02796461646424906,352.8813191398392
1596,49.6,0.027837523939701764,351.34626477280784
1597,49.6,0.02771887758247027,349.9126832102206
1598,49.6,0.02761692878395388,348.68043676484393
1599,49.6,0.0275236661498839,347.5528404284944
1600,49.6,0.02743095121094841,346.4315449856725
1601,49.6,0.02733716820619801,345.2970065557162
1602,49.6,0.027243163086678547,344.1594521350559
1603,49.6,0.027124156783335743,342.71888618640713
1604,49.6,0.027019651524662517,341.45341903848356
1605,49.6,0.02691569865624638,340.19423644769336
1606,49.6,0.02682916432919643,339.1457371385772
1607,49.6,0.026801378054636584,338.8090034447977
1608,49.6,0.02678630946176522,338.6263795338658
1609,49.6,0.026772001414771075,338.4529652111454
1610,49.6,0.02675770855900459,338.27972736933333
1611,49.6,0.02674343087833684,338.10666583676095
1612,49.6,0.02672986352306512,337.94220718688007
1613,49.6,0.026716646831149736,337.78199253816024
1614,49.6,0.02670344419270422,337.6219417290581
1615,49.6,0.026689498880797236,337.45288068269963
1616,49.6,0.026603285986672037,336.40754780615254
1617,49.6,0.02650120803742684,335.1694914607893
1618,49.6,0.026416682645794227,334.14402693612845
1619,49.6,0.026331066544930715,333.1050572868184
1620,49.6,0.0262145854398886,331.69109348828994
1621,49.6,0.026111248936707278,330.43626648683204
1622,49.6,0.02599915434829763,329.0746364829128
1623,49.6,0.025902077344369882,327.89504662694
1624,49.6,0.02581655552942205,326.8555717899605
1625,49.6,0.025791384828573627,326.5495822429645
1626,49.6,0.025788955713291834,326.52005125928895
1627,49.6,0.025799355331504657,326.6464788434272
1628,49.6,0.025814533972329308,326.8309974550392
1629,49.6,0.02583460166639841,327.0749363962254
1630,49.6,0.025854751531139607,327.3198589813849
1631,49.6,0.025878627420834518,327.61005185823564
1632,49.6,0.02590502677178311,327.9308905447076
1633,49.6,0.025933698282252803,328.27931380141956
1634,49.6,0.025965233629535456,328.66250349732184
1635,49.6,0.02599567051663817,329.0323103014819
1636,49.6,0.026028934116045874,329.43642180156417
1637,49.6,0.026061944908475743,329.8374209941724
1638,49.6,0.026095258525043165,330.24205733121863
1639,49.6,0.026128319372380616,330.64358233611324
1640,49.6,0.02615611899275692,330.9811778730387
1641,49.6,0.02617333243251726,331.1902014770286
1642,49.6,0.02618168366601584,331.29160689595676
1643,49.6,0.02619493231609689,331.45247416652325
1644,49.6,0.02619295440977764,331.42845852295994
1645,49.6,0.026175131977250098,331.21205279183465
1646,49.6,0.026075738365659143,330.00496516049446
1647,49.6,0.025967055915586693,328.6846451684023
1648,49.6,0.025848367832728123,327.2422664659052
1649,49.6,0.02572859235927655,325.78613712238894
1650,49.6,0.025626006133945813,324.53855193611656
1651,49.6,0.025614409299023005,324.3974941036861
1652,49.6,0.02561859235008415,324.4483751306999
1653,49.6,0.025621661731488565,324.4857094894743
1654,49.6,0.02563011126207481,324.5884833561043
1655,49.6,0.025645449447058016,324.7750388881149
1656,49.6,0.025660939426054765,324.9634316943424
1657,49.6,0.02567717429346363,325.16087433795434
1658,49.6,0.02569582057641765,325.3876315403563
1659,49.6,0.02571469995063121,325.6172100598675
1660,49.6,0.02574031110180032,325.92862749411046
1661,49.6,0.02576586074085938,326.23927243623825
1662,49.6,0.025787802072795508,326.5060262653505
1663,49.6,0.025812516760347938,326.8064757870167
1664,49.6,0.025834231773724393,327.07044019037477
1665,49.6,0.025841360722591085,327.1570947510328
1666,49.6,0.025836373294098186,327.09647122796105
1667,49.6,0.025753808347861666,326.0927366321136
1668,49.6,0.0256425638089161,324.7399420753114
1669,49.6,0.025532304305859663,323.3986673973263
1670,49.6,0.025427065930920496,322.1180471252542
1671,49.6,0.025318787731683425,320.80000132037435
1672,49.6,0.025217501205903135,319.5666643096591
1673,49.6,0.025116756572253356,318.3395427413836
1674,49.6,0.02501376782490145,317.0846916714881
1675,49.6,0.024922694402775336,315.9746882047351
1676,49.6,0.024846783721582274,315.0492494624888
1677,49.6,0.024822060891384796,314.7478027563597
1678,49.6,0.024815727706639028,314.6705782097661
1679,49.6,0.024818602356617276,314.70563083134533
1680,49.6,0.024830917885936533,314.85579918343456
1681,49.6,0.024848399727828284,315.0689527051458
1682,49.6,0.02486668393093334,315.2918769713956
1683,49.6,0.02488572861328974,315.52405973620836
1684,49.6,0.02490766276990987,315.7914525129564
1685,49.6,0.024934380059862406,316.1171305490065
1686,49.6,0.024962412913160988,316.458816099627
1687,49.6,0.024986629778817684,316.7539656760954
1688,49.6,0.025004273257471576,316.9689864133368
1689,49.6,0.02501800560696074,317.136334177903
1690,49.6,0.025021351087527396,317.17710243217755
1691,49.6,0.025013622898883637,317.08292556048923
1692,49.6,0.024989748676617546,316.7919764773656
1693,49.6,0.02490995246860239,315.81936450310076
1694,49.6,0.02481297675846558,314.6370336792033
1695,49.6,0.02471723778578102,313.4694333380563
1696,49.6,0.024638231859264344,312.50564320289664
1697,49.6,0.024559119906875794,311.540323628356
1698,49.6,0.024536277320180683,311.26155571904474
1699,49.6,0.024513486478817726,310.9833996693121
1700,49.6,0.024503605234130442,310.8627956574669
1701,49.6,0.024508732820259515,310.9253800813164
1702,49.6,0.0245186923338713,311.04693744939846
1703,49.6,0.02453384146941404,311.2318277558244
1704,49.6,0.024552976672991614,311.4653543504226
1705,49.6,0.02457566129110919,311.74218019834143
1706,49.6,0.02460155403985809,312.0581318951687
1707,49.6,0.024630380366423517,312.40985028943726
1708,49.6,0.024661916489429205,312.7945957778377
1709,49.6,0.024693473659693873,313.17956048085887
1710,49.6,0.024725051891264508,313.5647445001531
1711,49.6,0.024756651198197446,313.9501479373908
1712,49.6,0.024785579768818424,314.30294450720896
1713,49.6,0.0248074706009405,314.569891800903
1714,49.6,0.024817383835107707,314.690772582754
1715,49.6,0.024814912272244652,314.66063499005384
1716,49.6,0.024791330301163608,314.373071003488
1717,49.6,0.02468743574461914,313.1059070945561
1718,49.6,0.024579434403849673,311.78822251584364
1719,49.6,0.024472175568650705,310.4791611952126
1720,49.6,0.02436340996078054,309.15126648238953
1721,49.6,0.02425748427988543,307.85761414159924
1722,49.6,0.024164927581116956,306.72688765975715
1723,49.6,0.024088518565353118,305.7931865288689
1724,49.6,0.02401284509766056,304.86825591957756
1725,49.6,0.024009659734116093,304.82931757019315
1726,49.6,0.024006342884684652,304.7887715099782
1727,49.6,0.02400906116735004,304.8220005597257
1728,49.6,0.024012810206944065,304.8678294124413
1729,49.6,0.024017039018762263,304.91952243824227
1730,49.6,0.02402175820909798,304.9772090554434
1731,49.6,0.024027139387198002,305.0429866751901
1732,49.6,0.024031431132389352,305.0954466664401
1733,49.6,0.024041361196857427,305.21682377604145
1734,49.6,0.024051289706366177,305.3381781484027
1735,49.6,0.024061215465646116,305.4594951765596
1736,49.6,0.024065955154595097,305.51742444000024
1737,49.6,0.024056085892327186,305.39679972395373
1738,49.6,0.02403380709951524,305.12448891441295
1739,49.6,0.02401153577842855,304.85225065646347
1740,49.6,0.0239346841041526,303.9126936031183
1741,49.6,0.023843621921234404,302.79911522843423
1742,49.6,0.023746088962918556,301.60605886866006
1743,49.6,0.023644789132308698,300.36654320796123
1744,49.6,0.023543950101089693,299.13227954203563
1745,49.6,0.02344898234256813,297.96952723844
1746,49.6,0.023359742799652524,296.8765973239789
1747,49.6,0.02328721813838801,295.98815436056793
1748,49.6,0.023277240392562928,295.86590916274747
1749,49.6,0.02328117926188018,295.91416779489765
1750,49.6,0.02329063635276104,296.0300327190876
1751,49.6,0.023305617237137612,296.2135662512257
1752,49.6,0.02331692321099707,296.35207214524206
1753,49.6,0.023328254430381206,296.4908824443084
1754,49.6,0.023339583828077177,296.62966555338295
1755,49.6,0.023354655783040808,296.8142867703335
1756,49.6,0.023369724611898735,296.998861073277
1757,49.6,0.02337987680794902,297.12320791486104
1758,49.6,0.023393526699203075,297.2903893064084
1759,49.6,0.023407953643354087,297.46708021337594
1760,49.6,0.023418078399163992,297.5910762731526
1761,49.6,0.023423038260373633,297.65181737977287
1762,49.6,0.02341441055522051,297.5461572988004
1763,49.6,0.023406373799021586,297.44773179363483
1764,49.6,0.023385221259172955,297.1886666262421
1765,49.6,0.02330970260900807,296.26361540420965
1766,49.6,0.02321926351532381,295.15551410349724
1767,49.6,0.02312123561383312,293.9540803285156
1768,49.6,0.02301764800768882,292.68410972785813
1769,49.6,0.02291034907186415,291.36820850976693
1770,49.6,0.022811223870519204,290.1521597826595
1771,49.6,0.022737599372886677,289.24870671309003
1772,49.6,0.02272974848127316,289.15235551514945
1773,49.6,0.022729896060636925,289.1541667257864
1774,49.6,0.022736745292361457,289.2382250006079
1775,49.6,0.022753118466112957,289.43916011553654
1776,49.6,0.022773335570246002,289.6872546909262
1777,49.6,0.022793556573656913,289.93538155284443
1778,49.6,0.02281298915984756,290.17381927958655
1779,49.6,0.022840560941117177,290.5121002234107
1780,49.6,0.022868145331050655,290.85050691500993
1781,49.6,0.022901176364180723,291.25569520976336
1782,49.6,0.02293437280688184,291.66287074656594
1783,49.6,0.02296667904348646,292.05908709080455
1784,49.6,0.022993510581494875,292.3881294119409
1785,49.6,0.023013768165109007,292.63653543578664
1786,49.6,0.023024610784047956,292.7694852503636
1787,49.6,0.023004486950931963,292.5227276728905
1788,49.6,0.022932407298860473,291.6387637049582
1789,49.6,0.022843574217140238,290.5490686548582
1790,49.6,0.022746481119876663,289.35770640298784
1791,49.6,0.022645303201073573,288.1158402598542
1792,49.6,0.022543003527243626,286.8598091740856
1793,49.6,0.022443809058871812,285.6415228428604
1794,49.6,0.022357823387791274,284.585160755997
1795,49.6,0.02228750138093799,283.7210222944765
1796,49.6,0.022280818109085977,283.6388863765536
1797,49.6,0.022287852228085162,283.72533408045183
1798,49.6,0.022300464011460647,283.88032526956084
1799,49.6,0.022312510633442056,284.02836530066713
1800,49.6,0.02232884604395278,284.22910108795685
1801,49.6,0.022348941421421725,284.47602682789216
1802,49.6,0.02236904073210166,284.72298549074515
1803,49.6,0.022388417005243053,284.9610456619154
1804,49.6,0.022408430692282703,285.2069221765268
1805,49.6,0.02242979393424977,285.46936168479465
1806,49.6,0.02245180137070369,285.7396966875983
1807,49.6,0.022473164979874918,286.0021053812336
1808,49.6,0.022488782420327202,286.1939230156196
1809,49.6,0.022500189360092588,286.3340202648168
1810,49.6,0.02250619236847056,286.407745756323
1811,49.6,0.022512606285342462,286.4865162715711
1812,49.6,0.022505109092990548,286.3944416923466
1813,49.6,0.022486032049656313,286.16014289245305
1814,49.6,0.022400294855125333,285.1069718573183
1815,49.6,0.022301015368324403,283.88710097347035
1816,49.6,0.022203240042378856,282.6853445518231
1817,49.6,0.022108806982990073,281.52432153781325
1818,49.6,0.02201501974734651,280.37090168205475
1819,49.6,0.021934094103778046,279.3753869822178
1820,49.6,0.021915863452979644,279.15108631517126
1821,49.6,0.02191544778431751,279.1459719909865
1822,49.6,0.021919984411239928,279.20178960342867
1823,49.6,0.021929044426042536,279.3132595842345
1824,49.6,0.021938695725933825,279.4320009961808
1825,49.6,0.02194830639391562,279.55023897038217
1826,49.6,0.021952882578492858,279.60653754125633
1827,49.6,0.02195756120987146,279.6640956379551
1828,49.6,0.0219567733073438,279.6544026546484
1829,49.6,0.021955472034252115,279.63839400023136
1830,49.6,0.021959566735648743,279.68876803443084
1831,49.6,0.02196361777031037,279.7386042391457
1832,49.6,0.02196232158630218,279.7226585312936
1833,49.6,0.02196052161064722,279.70051505184625
1834,49.6,0.02195827725984248,279.67290465171135
1835,49.6,0.021948581348423243,279.5536216244201
1836,49.6,0.021945372601533508,279.51414553009425
1837,49.6,0.02194106516118888,279.4611519746328
1838,49.6,0.02193207274900558,279.3505178859409
1839,49.6,0.021929284030360593,279.3162075157288
1840,49.6,0.02191955807882916,279.1965441411571
1841,49.6,0.02191634565444527,279.1570192406073
1842,49.6,0.021922055605126608,279.22727283429026
1843,49.6,0.021928551169595537,279.3071908794561
1844,49.6,0.021937015736293027,279.41133208374225
1845,49.6,0.021947708893798105,279.5428881582743
1846,49.6,0.021961515583693518,279.7127430223813
1847,49.6,0.02197693028618815,279.90237162994
1848,49.6,0.021993072702152186,280.1009426922805
1849,49.6,0.022008498109846324,280.2906843916436
1850,49.6,0.022026098573150396,280.5071694671549
1851,49.6,0.02204715013535678,280.7660873959489
1852,49.6,0.022068211397712947,281.025107690314
1853,49.6,0.022086653448337414,281.25190190138886
1854,49.6,0.022107679840444074,281.51046163947467
1855,49.6,0.022134297413951627,281.8377514429629
1856,49.6,0.022151964798872558,282.05497475112145
1857,49.6,0.022165832779842937,282.2254754352501
1858,49.6,0.0221765515440956,282.35725286430664
1859,49.6,0.022183526050616974,282.4429957046942
1860,49.6,0.02219263388920129,282.5549624008174
1861,49.6,0.022188604985801955,282.5054336963349
1862,49.6,0.022190692815441764,282.53110018634584
1863,49.6,0.022181188624245132,282.414260175823
1864,49.6,0.022161730763593842,282.1750437268421
1865,49.6,0.022153600053432775,282.075079863541
1866,49.6,0.022152925576444993,282.06678732257154
1867,49.6,0.022163878222117076,282.2014454581184
1868,49.6,0.02218239804465865,282.42912840717753
1869,49.6,0.022203316331550517,282.68628236416447
1870,49.6,0.022224215417930737,282.94318360597674
1871,49.6,0.022247962922942347,283.23507869629145
1872,49.6,0.0222715958288617,283.5255438146547
1873,49.6,0.022292806282639292,283.7862171380067
1874,49.6,0.022316464668800936,284.0769549368936
1875,49.6,0.022340136497787013,284.36783656438945
1876,49.6,0.02236481715326743,284.6710919856728
1877,49.6,0.02239076683230406,284.98991506141704
1878,49.6,0.02241548125245878,285.2935376185451
1879,49.6,0.022440212154320665,285.59733934411315
1880,49.6,0.02246063528328069,285.8482055314473
1881,49.6,0.02245792587602617,285.8149256170299
1882,49.6,0.02238976546316244,284.97761251125183
1883,49.6,0.02230266758027299,283.90740517462314
1884,49.6,0.022213319627434502,282.80924958658915
1885,49.6,0.022122991303807092,281.69873476673706
1886,49.6,0.022032543684297173,280.58644114602913
1887,49.6,0.021942623642719837,279.4803257352514
1888,49.6,0.02185277295252029,278.37475479501455
1889,49.6,0.02176247947286778,277.26342461328335
1890,49.6,0.021674620717067116,276.18176164106865
1891,49.6,0.0215873501828045,275.1070481004061
1892,49.6,0.021502366179612008,274.06021241604174
1893,49.6,0.021421551993854347,273.0644841398045
1894,49.6,0.02134740924899798,272.1507360134365
1895,49.6,0.021273807481366768,271.24344663230147
1896,49.6,0.021200593088824004,270.34072640156523
1897,49.6,0.021128539068899457,269.4521126656585
1898,49.6,0.021055251979577437,268.5480876765771
1899,49.6,0.02106592162972518,268.67971481246934
1900,49.6,0.021079570801494377,268.84809272701807
1901,49.6,0.02109587459279972,269.049208996474
1902,49.6,0.021109533231047743,269.21768799173043
1903,49.6,0.021127524512401328,269.43959911986656
1904,49.6,0.02113124770394827,269.4855207927971
1905,49.6,0.02112328380431849,269.38729377408265
1906,49.6,0.02104182808619564,268.3824763562678
1907,49.6,0.020954365381177086,267.30327476663206
1908,49.6,0.020881901883835284,266.40892582977324
1909,49.6,0.020815506549404308,265.5892935013213
1910,49.6,0.02074479891504285,264.71624079835334
1911,49.6,0.02067219656385756,263.8195934256967
1912,49.6,0.02059032640413669,262.8082444726871
1913,49.6,0.02050533808644842,261.7581039788972
1914,49.6,0.020421115014185375,260.7171449451533
1915,49.6,0.020343764251913664,259.7608840548538
1916,49.6,0.020266767826487092,258.8087749372186
1917,49.6,0.020196505583381947,257.9397389644626
1918,49.6,0.020126014950062335,257.06768702902514
1919,49.6,0.020068203413213158,256.35234748292845
1920,49.6,0.020052269063612373,256.1551588183757
1921,49.6,0.020036360922641664,255.95828472287323
1922,49.6,0.02002961999032299,255.87485814420683
1923,49.6,0.0200295613661862,255.8741325972454
1924,49.6,0.020034353945862244,255.93344632314046
1925,49.6,0.020039141642339064,255.9926987295558
1926,49.6,0.020051294977853185,256.1431041231006
1927,49.6,0.02006141190919354,256.2683033537508
1928,49.6,0.02006078484194118,256.2605433745198
1929,49.6,0.02004493293141166,256.06437039064025
1930,49.6,0.019976966370731902,255.2231504026421
1931,49.6,0.019898856743919113,254.2561699801072
1932,49.6,0.01982208745138005,253.30555324946715
1933,49.6,0.019747464750644705,252.3812992738808
1934,49.6,0.01968193564849953,251.56949854805652
1935,49.6,0.019615452614960387,250.7457106648952
1936,49.6,0.019550264664242093,249.93780429312685
1937,49.6,0.019483155163916955,249.10591166468498
1938,49.6,0.019407289192340773,248.1652637427814
1939,49.6,0.019329886356237724,247.2053311512569
1940,49.6,0.019259305951208516,246.32980680261255
1941,49.6,0.019194306817694393,245.52334560112635
1942,49.6,0.019140711121909987,244.85824681133832
1943,49.6,0.019126613149810658,244.68327876294492
1944,49.6,0.019112670428129582,244.51022993770377
1945,49.6,0.019107686509791288,244.4483706610975
1946,49.6,0.019103323467583862,244.39421677018314
1947,49.6,0.019110102137797413,244.4783530142443
1948,49.6,0.01912371354557868,244.64729120801212
1949,49.6,0.019132595457038826,244.7575253186901
1950,49.6,0.019147485770350928,244.94232333067814
1951,49.6,0.019162385358595678,245.12722785809325
1952,49.6,0.01917446964765798,245.27718809034073
1953,49.6,0.0191833408216446,245.38727150712148
1954,49.6,0.019183787969530224,245.39282013593908
1955,49.6,0.01916918975888246,245.21166789800426
1956,49.6,0.019116387237144795,244.55636151145956
1957,49.6,0.019046813148663574,243.69274652869933
1958,49.6,0.0189734061270537,242.78135052149753
1959,49.6,0.01890125102794329,241.88529446353425
1960,49.6,0.018836588143746294,241.08210880715518
1961,49.6,0.018773742955498485,240.3013456291483
1962,49.6,0.018714227002175406,239.56180229781907
1963,49.6,0.01866313366481144,238.92680850187733
1964,49.6,0.01864992352731912,238.7626149335106
1965,49.6,0.018645321831682424,238.70541720665753
1966,49.6,0.01864172371021379,238.66069303983076
1967,49.6,0.01863838364666311,238.61917604861395
1968,49.6,0.018634802242478894,238.5746587122248
1969,49.6,0.01863150396188702,238.53366019990992
1970,49.6,0.01861899646866252,238.37818486855068
1971,49.6,0.018616054286289173,238.34161096808066
1972,49.6,0.0186133137796521,238.3075437711981
1973,49.6,0.018626877569608645,238.47615219171186
1974,49.6,0.018639920351859855,238.6382773485726
1975,49.6,0.018652966489958248,238.80043761509216
1976,49.6,0.018664394139444224,238.94247504228156
1977,49.6,0.018671739684726473,239.03377218781046
1978,49.6,0.018685877897896466,239.2094889207471
1979,49.6,0.01868158987775547,239.15619609685783
1980,49.6,0.018668329360954024,238.99138582965972
1981,49.6,0.018617928723204318,238.3649118973728
1982,49.6,0.018568199244740367,237.74668376394493
1983,49.6,0.018569409393331383,237.76172925809314
1984,49.6,0.018576315781827227,237.84759368147644
1985,49.6,0.018583834585161788,237.9410699135037
1986,49.6,0.018591190043500995,238.03251326340234
1987,49.6,0.01859867836348944,238.1256061972362
1988,49.6,0.018605067158276107,238.20502838623855
1989,49.6,0.01861526182522479,238.33175992643936
1990,49.6,0.01862661369021065,238.4728720344055
1991,49.6,0.018637960020923508,238.61391034957015
1992,49.6,0.018648149646021676,238.74056620668446
1993,49.6,0.018658337785535044,238.86719956978274
1994,49.6,0.018668486945736022,238.9933444351675
1995,49.6,0.018678702425739217,239.12030955940943
1996,49.6,0.018686630359622647,239.21884067130455
1997,49.6,0.018694973230158868,239.32252612638766
1998,49.6,0.01869904640184787,239.37314665003177
1999,49.6,0.018707867998903623,239.4827774017903
2000,49.6,0.018718670662323484,239.6170238231176
2001,49.6,0.01872816565918839,239.73501592527836
2002,49.6,0.018733371146324923,239.79970181045246
2003,49.6,0.018741165826370705,239.89656028581564
2004,49.6,0.01874411906009596,239.93325722728912
2005,49.6,0.01874070079818234,239.8907818053947
2006,49.6,0.01873807227811987,239.85811943043217
2007,49.6,0.018747583055874248,239.9763004771438
2008,49.6,0.01875800256395165,240.105769391036
2009,49.6,0.018768424470093973,240.2352638899946
2010,49.6,0.0187823644093497,240.408464146189
2011,49.6,0.01879568730614146,240.57399076092815
2012,49.6,0.01881279770220108,240.7865640069777
2013,49.6,0.018828887378611145,240.98644585189098
2014,49.6,0.018844977781444876,241.18632668275941
2015,49.6,0.018860984535637847,241.38515844008768
2016,49.6,0.01887640698504384,241.57672271882996
2017,49.6,0.018896227521471805,241.82290267732637
2018,49.6,0.018916086402352542,242.06954361922328
2019,49.6,0.01893541123968535,242.30953723703536
2020,49.6,0.018954740001159077,242.54956511113696
2021,49.6,0.01897325721375719,242.7795014536989
2022,49.6,0.018993148367622944,243.02648382564183
2023,49.6,0.019012465239582468,243.26632084288
2024,49.6,0.019030278490500874,243.48747618801195
2025,49.6,0.019042127141493583,243.63457293369143
2026,49.6,0.019053367655563844,243.77411485137097
2027,49.6,0.019063567375775935,243.90073191742587
2028,49.6,0.019065883722877187,243.92948597549866
2029,49.6,0.019073951611749802,244.02963538185992
2030,49.6,0.01908303623719685,244.1424028623127
2031,49.6,0.019093296909788983,244.26976477553254
2032,49.6,0.019108809512363184,244.46230920109738
2033,49.6,0.01912360948351924,244.64599966739908
2034,49.6,0.01914182153509275,244.8720276740822
2035,49.6,0.019153568807426708,245.01781511914547
2036,49.6,0.01916351021955053,245.1411870817382
2037,49.6,0.019173615266801683,245.26658581934595
2038,49.6,0.019183707345306927,245.39181967580626
2039,49.6,0.019193754334577814,245.51649009815767
2040,49.6,0.019198776352609956,245.5788055219014
2041,49.6,0.019204325133128707,245.64765611267893
2042,49.6,0.01921040599780577,245.72310756186536
2043,49.6,0.01921986925890718,245.84052498384946
2044,49.6,0.01922864240603789,245.94937657410125
2045,49.6,0.019239297848720634,246.0815784759367
2046,49.6,0.019252820085487534,246.24934231863045
2047,49.6,0.019265718897201644,246.40936503462356
2048,49.6,0.019271267385482366,246.47819762480862
2049,49.6,0.019272068549338318,246.4881364828349
2050,49.6,0.019266043723227013,246.41339474464544
2051,49.6,0.0192510947068367,246.22793677514818
2052,49.6,0.01919729210511865,245.56038842335477
2053,49.6,0.019182101844949232,245.371897086047
2054,49.6,0.019128596763597412,244.70789759387662
2055,49.6,0.019114481785814496,244.53271186471946
2056,49.6,0.019100799906800314,244.3628941065452
2057,49.6,0.019087161588405552,244.19360980285708
2058,49.6,0.01908345509997777,244.14760213007244
2059,49.6,0.019085213763594847,244.1694320285511
2060,49.6,0.019095277832414527,244.29435276187968
2061,49.6,0.019109382412249496,244.46941993000925
2062,49.6,0.01912661270257659,244.6832732122606
2063,49.6,0.019149787469762314,244.9708880801267
2064,49.6,0.019172972825837745,245.2586135560981
2065,49.6,0.019197200678770135,245.559253968206
2066,49.6,0.019222272287364974,245.8703405179943
2067,49.6,0.019248887176836708,246.20054935545346
2068,49.6,0.019276526589774766,246.54344036011028
2069,49.6,0.01930537473210561,246.90129518016457
2070,49.6,0.019335250650788113,247.27186540096696
2071,49.6,0.019362319581692954,247.607588935099
2072,49.6,0.019384815301894936,247.8865714719034
2073,49.6,0.019398979870654434,248.06222450305367
2074,49.6,0.01939969664947614,248.07111298059442
2075,49.6,0.019343843597185887,247.37844284423952
2076,49.6,0.019266060988097133,246.41360892817025
2077,49.6,0.019184158273781404,245.39741521127257
2078,49.6,0.01910404869836816,244.4032183543497
2079,49.6,0.019023422918387947,243.4023642393639
2080,49.6,0.018950388932182826,242.49553405328564
2081,49.6,0.018869228641981827,241.48756071971232
2082,49.6,0.018789654733136464,240.49904159321306
2083,49.6,0.018710772317184356,239.51887027326612
2084,49.6,0.018635403563147024,238.58213324389408
2085,49.6,0.018563903067965362,237.69326994461025
2086,49.6,0.018491245853454498,236.78982349612227
2087,49.6,0.01841638611632528,235.85877564214894
2088,49.6,0.018348089387600935,235.00916352723303
2089,49.6,0.01828420863367255,234.21432212730528
2090,49.6,0.018220730686910092,233.42433555405452
2091,49.6,0.01823684157099181,233.62485123636782
2092,49.6,0.018253849906682346,233.8365256291268
2093,49.6,0.018271656623441396,234.05812408853265
2094,49.6,0.018296679129017127,234.36949972445308
2095,49.6,0.018310844351548405,234.54575846069687
2096,49.6,0.018298501973476634,234.39218192756326
2097,49.6,0.018224956315921644,233.47692860922353
2098,49.6,0.01815469600639816,232.6023640098096
2099,49.6,0.018091489482152695,231.8154372784181
2100,49.6,0.018031433841333856,231.06759531030679
2101,49.6,0.01797197450318335,230.32704050732943
2102,49.6,0.01791301386356435,229.59256099353348
2103,49.6,0.017855368928662244,228.87434049168775
2104,49.6,0.017797960076206782,228.1589327937166
2105,49.6,0.017739942431234352,227.43580809150652
2106,49.6,0.017672528570830175,226.59540535627278
2107,49.6,0.017610120630680855,225.8172500994092
2108,49.6,0.017555822273998527,225.1400884672679
2109,49.6,0.017503525154279036,224.48777579107508
2110,49.6,0.017459201727136532,223.93483707200872
2111,49.6,0.017414642151375594,223.37887509938327
2112,49.6,0.017402995227269288,223.23354570510858
2113,49.6,0.017391367337045754,223.08844853209297
2114,49.6,0.017379408078136364,222.93921091064934
2115,49.6,0.01736747111297499,222.7902459214081
2116,49.6,0.017362540925966567,222.72871900720287
2117,49.6,0.017361840732710014,222.71998077683523
2118,49.6,0.01736160537659552,222.71704358922707
2119,49.6,0.017366210371159197,222.77451241917427
2120,49.6,0.017371915975750014,222.84571535488163
2121,49.6,0.017373978137334208,222.87144973102758
2122,49.6,0.017370669329837315,222.83015797997749
2123,49.6,0.017372737810463574,222.85597131389193
2124,49.6,0.017369160334054216,222.81132655874057
2125,49.6,0.01735812419702216,222.67359905425857
2126,49.6,0.017346784283325617,222.53207555961473
2127,49.6,0.017343855076151403,222.4955178837944
2128,49.6,0.017342380974581413,222.47712038054505
2129,49.6,0.017354812098367804,222.63226418146726
2130,49.6,0.01736570772553996,222.76823960606737
2131,49.6,0.017383558640660116,222.99100572911817
2132,49.6,0.017401131890768792,223.2102946488813
2133,49.6,0.017421249825991206,223.46132278457338
2134,49.6,0.01744747295963742,223.7885068212416
2135,49.6,0.017472966971553705,224.10656793437434
2136,49.6,0.017501463510916426,224.46205830549016
2137,49.6,0.017530922476279118,224.82952150120545
2138,49.6,0.017562190924640664,225.2195186627203
2139,49.6,0.0175925236462905,225.59780848882286
2140,49.6,0.017621214200815957,225.95558526174685
2141,49.6,0.017651850134559433,226.33758585422282
2142,49.6,0.017681403707921834,226.70605577835636
2143,49.6,0.017712811685209183,227.0976088379598
2144,49.6,0.017738538816649028,227.4183119890112
2145,49.6,0.017761078257578333,227.699257587216
2146,49.6,0.017775305105495312,227.8765796687838
2147,49.6,0.017787420713438785,228.02758123769507
2148,49.6,0.017795558521629593,228.12900271873207
2149,49.6,0.017793560940722045,228.10410711234184
2150,49.6,0.017791565471263513,228.07923766545542
2151,49.6,0.017780621115541802,227.9428358891261
2152,49.6,0.01778522654232349,228.00023484748544
2153,49.6,0.017798865538568624,228.17021732439207
2154,49.6,0.017812126884954912,228.33548621086078
2155,49.6,0.01782539063474616,228.50077819630167
2156,49.6,0.0178421475627926,228.70959214287407
2157,49.6,0.01786053625988212,228.93872754723844
2158,49.6,0.017878238660446338,229.15929879746466
2159,49.6,0.01789670883373145,229.38942345661576
2160,49.6,0.017915950584061955,229.6291472638472
2161,51.3,0.01793573815553208,215.80762236606924
2162,51.3,0.017957270623716996,216.05943624834123
2163,51.3,0.017979220035727668,216.3161086856085
2164,51.3,0.01800211478227143,216.58381693228642
2165,51.3,0.018026950720370097,216.87420187048562
2166,51.3,0.01805097723882434,217.15510152375987
2167,51.3,0.018072048108259735,217.401428634144
2168,51.3,0.018089709351288733,217.60788331816195
2169,51.3,0.018096756996699798,217.69026501874927
2170,51.3,0.018099191994101673,217.71872789438967
2171,51.3,0.018101247386502383,217.74275336883656
2172,51.3,0.018103305723965738,217.76681311347193
2173,51.3,0.01809096555549933,217.62256753814512
2174,51.3,0.018078639828667323,217.47848522007826
2175,51.3,0.018028846574347626,216.89636750974225
2176,51.3,0.017968119609572775,216.18630451909775
2177,51.3,0.0179188072868586,215.60961050712123
2178,51.3,0.0179067875043103,215.4690289917657
2179,51.3,0.017903497547714333,215.43054924819924
2180,51.3,0.017906070553539596,215.46064347965853
2181,51.3,0.017908641822199714,215.490717151207
2182,51.3,0.017912135120903668,215.53157453952622
2183,51.3,0.0179203830862694,215.62804042140957
2184,51.3,0.017928558897532504,215.72365995486246
2185,51.3,0.01793674157133014,215.81935730197648
2186,51.3,0.017949473319942125,215.96825175557447
2187,51.3,0.01796213640479818,216.11633732755777
2188,51.3,0.017975339588560374,216.27073272254412
2189,51.3,0.01799261642593097,216.47275498683575
2190,51.3,0.018011789168405328,216.6969337618159
2191,51.3,0.018030365872328074,216.91413049763474
2192,51.3,0.01804137984928163,217.04289872508147
2193,51.3,0.018048091886834355,217.12136931234127
2194,51.3,0.018050189993912783,217.14589799336576
2195,51.3,0.018051809564484017,217.16483205997417
2196,51.3,0.018053524623238084,217.18488235482835
2197,51.3,0.018049461016005634,217.1373756312375
2198,51.3,0.018000313954109497,216.5627605446133
2199,51.3,0.01795045706062139,215.97975609766274
2200,51.3,0.017889599518319654,215.26799179255786
2201,51.3,0.01787784633020929,215.13051583122044
2202,51.3,0.01788049051641144,215.1614450745792
2203,51.3,0.01788304711362123,215.19134953987935
2204,51.3,0.01788970960133184,215.2692793995618
2205,51.3,0.01789678214741013,215.35200385865286
2206,51.3,0.017903851996956373,215.4346949498573
2207,51.3,0.017910919150998676,215.51735268735132
2208,51.3,0.017922401035622686,215.65164141052483
2209,51.3,0.017934467199205835,215.79275849401304
2210,51.3,0.017946531533606078,215.93384886394693
2211,51.3,0.01796266493478247,216.12251797409417
2212,51.3,0.017979428194478335,216.31854277194597
2213,51.3,0.017996688759231366,216.52037218264485
2214,51.3,0.018015019852353997,216.73470746146742
2215,51.3,0.01803228916794817,216.9366167336988
2216,51.3,0.018047043193359567,217.10910912101028
2217,51.3,0.018057811230861656,217.23499547229
2218,51.3,0.01806743227075645,217.34746898693075
2219,51.3,0.018073417303627427,217.41743452864623
2220,51.3,0.01808000113016888,217.4943985076855
2221,51.3,0.018086175942428853,217.56657973007458
2222,51.3,0.018094678105166035,217.66596452115698
2223,51.3,0.018100073480933506,217.72903160972356
2224,51.3,0.018110977071247196,217.8564815250774
2225,51.3,0.01812168631836762,217.98165557436158
2226,51.3,0.018131972576661257,218.10188161394825
2227,51.3,0.0181421009998293,218.2202590971058
2228,51.3,0.018151860159470658,218.33431721288977
2229,51.3,0.01816544046674556,218.49302839699152
2230,51.3,0.01817855895426504,218.64633596255905
2231,51.3,0.018191992324163245,218.80331685012288
2232,51.3,0.018205886570670543,218.96567655987803
2233,51.3,0.018221314674651115,219.14595173693155
2234,51.3,0.018236076078236227,219.31842848170865
2235,51.3,0.01825073520699283,219.48970234483193
2236,51.3,0.018266724233798364,219.67650548550318
2237,51.3,0.018281619919448124,219.85052649779794
2238,51.3,0.018297060800677143,220.03090828924798
2239,51.3,0.018312534193063824,220.21166115111038
2240,51.3,0.01832799357784908,220.39224165818757
2241,51.3,0.018330687630863957,220.42370990048533
2242,51.3,0.018334106493126678,220.4636439917314
2243,51.3,0.01832145283787125,220.31584057848016
2244,51.3,0.018308849686262823,220.1686212753341
2245,51.3,0.01829626734414765,220.02163926932013
2246,51.3,0.018283617195810484,219.87385935347916
2247,51.3,0.018221776568742982,219.15134876902607
2248,51.3,0.018171949584845564,218.56909717793602
2249,51.3,0.018159558864455964,218.42429174635907
2250,51.3,0.01815637597942769,218.38709372725148
2251,51.3,0.01815864642049097,218.41362815425492
2252,51.3,0.018163480915921758,218.47012781166555
2253,51.3,0.01816773320843977,218.51982268952392
2254,51.3,0.018173900980161868,218.59190184957077
2255,51.3,0.018180794444644512,218.6724601149841
2256,51.3,0.018189766328912605,218.77730456914725
2257,51.3,0.018197922824387067,218.8726179290441
2258,51.3,0.01820632184018621,218.97076274071327
2259,51.3,0.018214478902236878,219.0660777910849
2260,51.3,0.0182269543503379,219.21184836786557
2261,51.3,0.018244355320190885,219.4151621899858
2262,51.3,0.018262835472191305,219.63107312990132
2263,51.3,0.018277337362966932,219.80049573873725
2264,51.3,0.018288596419930855,219.93202769413017
2265,51.3,0.018295560782219413,220.0133853175363
2266,51.3,0.01828915060968363,219.93850179911792
2267,51.3,0.01827582267054522,219.78280025751263
2268,51.3,0.01822585108341396,219.19895736806967
2269,51.3,0.018164352859322677,218.48031792663335
2270,51.3,0.018097391107079253,217.69767720557223
2271,51.3,0.01803611504657757,216.98134664223704
2272,51.3,0.017982843609655134,216.35848040760882
2273,51.3,0.017939256861644326,215.8487734307342
2274,51.3,0.01792529024880927,215.68543203362503
2275,51.3,0.01791795103408934,215.59959608204963
2276,51.3,0.017914367707462728,215.55768648913443
2277,51.3,0.01791459187377233,215.5603082897907
2278,51.3,0.017914825732313518,215.5630434467328
2279,51.3,0.0179158531502411,215.5750598722328
2280,51.3,0.01791850983934778,215.60613167082977
2281,51.3,0.017922303972180812,215.6505062054442
2282,51.3,0.017927026195579097,215.70573455034256
2283,51.3,0.017936704979902886,215.81892936631357
2284,51.3,0.017944688603887184,215.91229645386784
2285,51.3,0.017953607746062524,216.0166015079421
2286,51.3,0.017963987510498016,216.13798417206192
2287,51.3,0.017971923635296167,216.23078785799245
2288,51.3,0.017977524099693352,216.29627734534446
2289,51.3,0.017980088918682798,216.32626888276332
2290,51.3,0.017978931927603508,216.31273971557806
2291,51.3,0.017965841503893607,216.15966465977152
2292,51.3,0.01791971748283166,215.62025580315554
2293,51.3,0.017873233193634992,215.0765550163444
2294,51.3,0.01781637904670413,214.41145637754047
2295,51.3,0.0177590180237667,213.74030832743776
2296,51.3,0.017699345800238818,213.04199051499114
2297,51.3,0.017644802868027387,212.40358456165671
2298,51.3,0.01763289001042697,212.26413423999867
2299,51.3,0.01763857839477554,212.33072235627333
2300,51.3,0.017644768864719232,212.40318653086075
2301,51.3,0.017650956797620482,212.47561960557175
2302,51.3,0.017652802597129973,212.4972254077988
2303,51.3,0.017659466330490557,212.57522596465347
2304,51.3,0.01766558799250671,212.64688001734822
2305,51.3,0.017674111165602534,212.74664147254953
2306,51.3,0.01768246001513126,212.84435993947594
2307,51.3,0.017692844748350065,212.9659036905538
2308,51.3,0.017707051916981142,213.13217913965795
2309,51.3,0.01772125953272575,213.29845243521538
2310,51.3,0.017736061838522273,213.4716775978814
2311,51.3,0.01775101108568154,213.64661421706282
2312,51.3,0.017761349449495967,213.76758933386486
2313,51.3,0.0177680305811255,213.8457670020471
2314,51.3,0.01777122519538239,213.8831474417192
2315,51.3,0.017773477926597878,213.909506607326
2316,51.3,0.017769169063716242,213.85908852169328
2317,51.3,0.017785161494447872,214.04621283695514
2318,51.3,0.01778232098452887,214.01297726726546
2319,51.3,0.017778208489749307,213.96485823360695
2320,51.3,0.017773791211149186,213.91317232926812
2321,51.3,0.01776186906966538,213.77366960390086
2322,51.3,0.017758737493562476,213.73702571051516
2323,51.3,0.0177610456533623,213.76403449705336
2324,51.3,0.017772554849768262,213.89870572514388
2325,51.3,0.017791486457213852,214.12021741186086
2326,51.3,0.017813279967789787,214.37519892864833
2327,51.3,0.017833489547619256,214.61163311801187
2328,51.3,0.017856266110248393,214.8780808302396
2329,51.3,0.017879780053631174,215.1531347635282
2330,51.3,0.017905452937598012,215.45341978038994
2331,51.3,0.01793019439918097,215.74278753763863
2332,51.3,0.017954949974001693,216.0322979628229
2333,51.3,0.017979917492999667,216.32426433562674
2334,51.3,0.01800488363786356,216.61619185937485
2335,51.3,0.01802886458694975,216.89657810594397
2336,51.3,0.018045097124429296,217.08635767871732
2337,51.3,0.018058486127446188,217.24288537325432
2338,51.3,0.01806060054410969,217.267603923841
2339,51.3,0.01804878167801518,217.1294335838238
2340,51.3,0.018030055296933023,216.91049938864006
2341,51.3,0.017979897424186066,216.3240296631195
2342,51.3,0.017929672181526187,215.73668008794607
2343,51.3,0.01787972623406455,215.15250523319116
2344,51.3,0.01783080146407584,214.58018578199628
2345,51.3,0.017782094946344015,214.0103324802129
2346,51.3,0.017733550896096618,213.44229365875574
2347,51.3,0.01772226362992808,213.31020321617694
2348,51.3,0.017725441155124293,213.34738901692128
2349,51.3,0.01773214970514024,213.42589632477177
2350,51.3,0.017738401186059877,213.49905326517384
2351,51.3,0.017744554640776115,213.57106167342454
2352,51.3,0.01774903718771126,213.62351606170066
2353,51.3,0.01775347095141425,213.6753988695172
2354,51.3,0.017757944160984074,213.7277425343024
2355,51.3,0.01776504341229535,213.81081356031686
2356,51.3,0.017772141581550955,213.89387008145104
2357,51.3,0.017778436468231424,213.9675257557449
2358,51.3,0.017785354566227332,214.048471875063
2359,51.3,0.017788522831913057,214.0855420016961
2360,51.3,0.017790972892744825,214.1142085583113
2361,51.3,0.017789786262919608,214.10032460757645
2362,51.3,0.01778875012060037,214.08820136695633
2363,51.3,0.01777537179138556,213.93166653996775
2364,51.3,0.017762244469349403,213.77806228992648
2365,51.3,0.01774913885006497,213.62470569751184
2366,51.3,0.017696280309007367,213.0061128994352
2367,51.3,0.01764219273928928,212.3730311872937
2368,51.3,0.017591045467851205,211.7742664342073
2369,51.3,0.01758215699998364,211.67020221471518
2370,51.3,0.017568449265701034,211.5097094174218
2371,51.3,0.017558579568426075,211.3941488374277
2372,51.3,0.017550695695244173,211.3018369635223
2373,51.3,0.017546628830153115,211.25421735516304
2374,51.3,0.01754256470049683,211.20662917140095
2375,51.3,0.017538645399451748,211.16073625887557
2376,51.3,0.01753528088673772,211.12133917132584
2377,51.3,0.01753495102902379,211.11747664815664
2378,51.3,0.01753448084725425,211.11197097048424
2379,51.3,0.017535496007696442,211.1238581634369
2380,51.3,0.017538112068639426,211.15449119771307
2381,51.3,0.01754439657725464,211.2280792725186
2382,51.3,0.01755218991806317,211.31933291804472
2383,51.3,0.017558538618599795,211.39366936385514
2384,51.3,0.017564053016799773,211.45823583008604
2385,51.3,0.01757110837268609,211.5408432928386
2386,51.3,0.017575096923622135,211.5875423379778
2387,51.3,0.017574581171792617,211.58150380730243
2388,51.3,0.017568825829935065,211.5141183960223
2389,51.3,0.017556430180293202,211.36898198574002
2390,51.3,0.01754826811762656,211.27341212117017
2391,51.3,0.017543433257593524,211.21679943287518
2392,51.3,0.01754356851033259,211.21838315554288
2393,51.3,0.017539819116352513,211.17447991308933
2394,51.3,0.017540393441394454,211.18120496169433
2395,51.3,0.017545593231254493,211.24209125647377
2396,51.3,0.01755079104397162,211.30295341056566
2397,51.3,0.017559913172454634,211.40976371474488
2398,51.3,0.01756763976147574,211.50023137064213
2399,51.3,0.01757536517917636,211.59068312646255
2400,51.3,0.017584439257370754,211.69692265636493
2401,51.3,0.017592787117937145,211.79465694998268
2402,51.3,0.01759844398396265,211.86088442155446
2403,51.3,0.017604098699048814,211.92708554020615
2404,51.3,0.01761316842135469,212.03326453063468
2405,51.3,0.017625208638887162,212.17421437485103
2406,51.3,0.017636582469931935,212.30735823385731
2407,51.3,0.017647115645495485,212.43065702397587
2408,51.3,0.017654244098122624,212.5140986516829
2409,51.3,0.017659262532799015,212.57284048912277
2410,51.3,0.017663170940749137,212.61858859086624
2411,51.3,0.017658536344037024,212.56434035338492
2412,51.3,0.017647190395537894,212.43153201527113
2413,51.3,0.017636047791459164,212.30109930944997
2414,51.3,0.017624779984437504,212.16919638569763
2415,51.3,0.017577058795179883,211.61051225297888
2416,51.3,0.017528368990612896,211.040402353445
2417,51.3,0.017517737554025015,210.91590710090267
2418,51.3,0.017521484950866095,210.95978998865843
2419,51.3,0.017531546145746858,211.07760637440273
2420,51.3,0.01754285439443974,211.21002130972445
2421,51.3,0.017554823769719764,211.35017266346395
2422,51.3,0.017568180821853793,211.5065663563855
2423,51.3,0.017581605099471157,211.6637405899759
2424,51.3,0.017597739928991607,211.8526417975874
2425,51.3,0.01761544417677818,212.05990626437853
2426,51.3,0.017632345866486702,212.25776443957193
2427,51.3,0.017650066868173355,212.46520259019502
2428,51.3,0.01766916561224718,212.68875542068716
2429,51.3,0.017687548292228954,212.9039140361472
2430,51.3,0.0177053112315661,213.11180719815903
2431,51.3,0.017722137588603006,213.30872817773786
2432,51.3,0.017734772979446783,213.45659494051884
2433,51.3,0.017743897767102484,213.56337493103217
2434,51.3,0.01774960364118482,213.63014460042044
2435,51.3,0.017745337424034537,213.5802217904401
2436,51.3,0.017733671141595426,213.4437008195039
2437,51.3,0.017722410108124937,213.31191742283636
2438,51.3,0.0176740707224899,212.74616810304084
2439,51.3,0.01766280372242308,212.6142903066169
2440,51.3,0.017659437137948725,212.57488426267108
2441,51.3,0.01766212667386785,212.6063654518758
2442,51.3,0.017669994756240405,212.69846033692897
2443,51.3,0.017681564519029705,212.8338787963918
2444,51.3,0.01769427457388921,212.98263817431996
2445,51.3,0.017707766660840847,213.1405440424007
2446,51.3,0.01772492557214369,213.34135530042323
2447,51.3,0.017741313026116024,213.53312811251283
2448,51.3,0.017761332184131447,213.76738730520466
2449,51.3,0.017783103590216325,214.02213422509274
2450,51.3,0.01780297032086116,214.25457943440747
2451,51.3,0.017824826415874427,214.51028397656046
2452,51.3,0.01784668234802051,214.7659691430677
2453,51.3,0.01786953857654863,215.03333775318762
2454,51.3,0.01789240789194482,215.3008403332012
2455,51.3,0.017910144168095114,215.50828854313028
2456,51.3,0.01792695983289598,215.70495841711585
2457,51.3,0.017939548523796336,215.85218438243757
2458,51.3,0.01794717799728084,215.94140899815795
2459,51.3,0.01795040949827691,215.97919988128132
2460,51.3,0.017952923564423778,216.00860043754406
2461,51.3,0.017946572259585538,215.93432513844476
2462,51.3,0.01790266208074137,215.42077745905303
2463,51.3,0.017859688692426327,214.91811768142654
2464,51.3,0.01781676355296826,214.41595485618325
2465,51.3,0.017809801452988706,214.33450187871136
2466,51.3,0.017803067837713397,214.2557203678691
2467,51.3,0.017808347426997065,214.3174903010654
2468,51.3,0.017818927691348584,214.44127379740561
2469,51.3,0.017829235497884226,214.56186574406985
2470,51.3,0.01783882463939178,214.6740464756953
2471,51.3,0.017849055623496903,214.79373223965644
2472,51.3,0.017860129687540378,214.92327634474515
2473,51.3,0.017866335862057776,214.99587404751668
2474,51.3,0.01787741068284659,215.12542000697485
2475,51.3,0.01788863691449504,215.25673249396172
2476,51.3,0.01789987812965702,215.38821562506533
2477,51.3,0.01791111984471186,215.51969998298625
2478,51.3,0.01792236610403747,215.6512328683549
2479,51.3,0.017930711261974985,215.7488323512472
2480,51.3,0.01793760146943788,215.82941377090634
2481,51.3,0.017936387794944948,215.81521989553053
2482,51.3,0.01793084714826023,215.7504215668724
2483,51.3,0.017885911887355978,215.2248584557642
2484,51.3,0.01784253127291054,214.7174084615873
2485,51.3,0.017835096948246906,214.6304376408068
2486,51.3,0.017821223336476674,214.4681310905524
2487,51.3,0.01781451776997139,214.38968054759005
2488,51.3,0.017806641619767548,214.2975328755258
2489,51.3,0.017798987567939083,214.20798148794572
2490,51.3,0.017790640585472167,214.11032046149873
2491,51.3,0.017786441730948444,214.06119223029324
2492,51.3,0.017785924751755208,214.05514332804728
2493,51.3,0.01778698671796665,214.0675688268164
2494,51.3,0.017795246507685464,214.16421080130857
2495,51.3,0.017801306319992456,214.23511080457533
2496,51.3,0.01781147893888729,214.35412776029472
2497,51.3,0.01781760176609338,214.42576139767996
2498,51.3,0.017823599890442205,214.49593475219797
2499,51.3,0.01783020774647501,214.57323996637544
2500,51.3,0.017838976797913172,214.67582650932445
2501,51.3,0.017849142641674438,214.79475019345134
2502,51.3,0.01786461601797221,214.97575604182822
2503,51.3,0.017874796129247073,215.0948370853723
2504,51.3,0.017879022986628395,215.14427930074444
2505,51.3,0.017880383376604112,215.16019185722567
2506,51.3,0.01786703927272826,215.00410221563487
2507,51.3,0.017822495978713552,214.4830199488397
2508,51.3,0.01776892709450134,213.8562572152166
2509,51.3,0.01771563742310666,213.2326571487854
2510,51.3,0.017657526380618866,212.55251856558428
2511,51.3,0.01760082105880013,211.8887135548441
2512,51.3,0.017545773764999474,211.24420517619544
2513,51.3,0.017495342024444836,210.6536395235548
2514,51.3,0.017445364580716046,210.0683018701918
2515,51.3,0.01743296012638543,209.92300627165875
2516,51.3,0.017430856719378822,209.89836812906395
2517,51.3,0.017432526375665933,209.91792556966584
2518,51.3,0.01743737228763168,209.97468735374184
2519,51.3,0.01744456925403257,210.05898623523547
2520,51.3,0.01745676188820594,210.20179560763404
2521,51.3,0.017468958689226273,210.34464833620282
2522,51.3,0.01748545927849096,210.5378996983724
2523,51.3,0.017501480994447788,210.72553305554163
2524,51.3,0.017519218023981056,210.9332438095497
2525,51.3,0.017536177256530002,211.13183534075205
2526,51.3,0.017553144355238262,211.33050844371425
2527,51.3,0.01756715754687382,211.49458536949268
2528,51.3,0.017572826401969378,211.56095852094623
2529,51.3,0.01757478243803618,211.58386027588628
2530,51.3,0.01756212948480368,211.4357138862944
2531,51.3,0.017516754681056748,210.90439734492335
2532,51.3,0.01746145466847082,210.2567595552935
2533,51.3,0.01740563659870635,209.60294100400904
2534,51.3,0.01735051484363439,208.9571666102359
2535,51.3,0.01729110508564635,208.261031766842
2536,51.3,0.017235693262843285,207.61162615913443
2537,51.3,0.017181272660068386,206.97372767270085
2538,51.3,0.01713774790909894,206.4634682029905
2539,51.3,0.017134522612548546,206.42565389136084
2540,51.3,0.017136860949770648,206.45306927278355
2541,51.3,0.017138763537327916,206.4753756437157
2542,51.3,0.017143422892561596,206.53000242743352
2543,51.3,0.017152490111966467,206.6363052032786
2544,51.3,0.017165140590110872,206.78461254925423
2545,51.3,0.017181034158197758,206.97093180154567
2546,51.3,0.017197727740777068,207.16661959326967
2547,51.3,0.017219114592757642,207.41730853145563
2548,51.3,0.017239811288312614,207.65989173322973
2549,51.3,0.017261497624382564,207.91405752542323
2550,51.3,0.017282201248153838,208.1566897507878
2551,51.3,0.017297274358742246,208.33332634930647
2552,51.3,0.01730768538810726,208.45532475778916
2553,51.3,0.017307458432805966,208.45266529507157
2554,51.3,0.01729528442471746,208.3100074741887
2555,51.3,0.017247072850024536,207.74499980450818
2556,51.3,0.017195425235423473,207.13962945854462
2557,51.3,0.017141411394000508,206.50641949887932
2558,51.3,0.01708730732117645,205.8720444351837
2559,51.3,0.017032367308598344,205.22775797221323
2560,51.3,0.016975764610334305,204.5638571613451
2561,51.3,0.01691772134418771,203.88293756092978
2562,51.3,0.01686064751731051,203.2132700302979
2563,51.3,0.016809782747158254,202.61635472141623
2564,51.3,0.01676214548856611,202.0572291384691
2565,51.3,0.016715941744143,201.51484924200633
2566,51.3,0.016677281479726393,201.0609609933006
2567,51.3,0.016672604230053307,201.00604432986637
2568,51.3,0.016668411596082105,200.95681696704912
2569,51.3,0.016663792740933915,200.90258442563552
2570,51.3,0.016659289741650027,200.8497114569868
2571,51.3,0.01665956996074993,200.85300173369367
2572,51.3,0.016659212903933008,200.84880924335482
2573,51.3,0.01665946627098686,200.8517842295407
2574,51.3,0.01665968288051928,200.85432761425733
2575,51.3,0.016659463112447287,200.85174714260395
2576,51.3,0.01664869272035437,200.72528122992605
2577,51.3,0.016608914545881922,200.2581690466455
2578,51.3,0.01655712853200143,199.64996247936327
2579,51.3,0.016504348276126343,199.02997740148402
2580,51.3,0.016450914444112792,198.40221064090525
2581,51.3,0.016395166530578112,197.74714489687332
2582,51.3,0.016341068272821353,197.11135403175666
2583,51.3,0.01629086267423081,196.52121529416914
2584,51.3,0.01624596039563776,195.99333546086908
2585,51.3,0.01619718281913789,195.41981269786098
2586,51.3,0.016159842170210395,194.98070514202698
2587,51.3,0.016149601468974366,194.86027058254774
2588,51.3,0.01614899612281815,194.85315135944214
2589,51.3,0.01614837852540356,194.84588804048732
2590,51.3,0.01615088202395013,194.8753306098293
2591,51.3,0.01615398761261393,194.9118537809538
2592,51.3,0.016161154485531036,194.9961381922068
2593,51.3,0.016173753908793827,195.14430631095723
2594,51.3,0.016188416150796057,195.31672563194928
2595,51.3,0.016204862185207922,195.51011187236762
2596,51.3,0.016220118629234354,195.6895010011132
2597,51.3,0.016238510110937868,195.90574129426193
2598,51.3,0.016252913246531272,196.07507937526307
2599,51.3,0.016264723961870682,196.21393259299612
2600,51.3,0.016267180317897523,196.24281020995872
2601,51.3,0.016262506817209324,196.18786702170522
2602,51.3,0.016251595036028833,196.05958145408803
2603,51.3,0.016216287517171246,195.6444546227063
2604,51.3,0.016167320791077296,195.06865413871623
2605,51.3,0.016124534252906657,194.5654542305608
2606,51.3,0.01608199778743027,194.06512845456336
2607,51.3,0.016040082220997887,193.57204060346837
2608,51.3,0.015999783626836878,193.09791345451796
2609,51.3,0.015953756787381902,192.5563181998628
2610,51.3,0.015912200219833052,192.0672572424315
2611,51.3,0.015879861792549493,191.6866364299491
2612,51.3,0.01587411210634455,191.61895902246368
2613,51.3,0.015868051094116077,191.54761579163406
2614,51.3,0.01586571391123679,191.52010481378184
2615,51.3,0.015864295561692682,191.50340932409725
2616,51.3,0.01586274145651108,191.4851157602448
2617,51.3,0.01586134013582097,191.4686205650597
2618,51.3,0.015860892207149684,191.463347901681
2619,51.3,0.01586060671486627,191.45998730760627
2620,51.3,0.015860315166954624,191.45655542826054
2621,51.3,0.0158616968454889,191.47281946490847
2622,51.3,0.015863079158567567,191.48909090040175
2623,51.3,0.015862890955073542,191.48687553014548
2624,51.3,0.015858967079920905,191.44068673650895
2625,51.3,0.015846838473811787,191.29791466486859
2626,51.3,0.015824834836445784,191.03888465024502
2627,51.3,0.015791363084950376,190.6448160543514
2628,51.3,0.015758187467488166,190.25419307419585
2629,51.3,0.015730754624210336,189.93115711232687
2630,51.3,0.015700038487103513,189.56942567774558
2631,51.3,0.01566948720403935,189.2096010903887
2632,51.3,0.015640754481007244,188.8711635359392
2633,51.3,0.015610617770946834,188.51615589487963
2634,51.3,0.01558350648396913,188.19675877804346
2635,51.3,0.015555067108885932,187.86168630692475
2636,51.3,0.015516946579997474,187.41250366942654
2637,51.3,0.015476249001037171,186.932895783073
2638,51.3,0.015445179185026985,186.56670676170256
2639,51.3,0.015435107279239947,186.44799156267368
2640,51.3,0.015433193385193486,186.42543251674255
2641,51.3,0.015431306695729993,186.40319399829687
2642,51.3,0.015434561841038856,186.44156250301083
2643,51.3,0.015437816501012938,186.47992489525566
2644,51.3,0.01544126505661667,186.52057229083428
2645,51.3,0.015446321974580419,186.5801763180253
2646,51.3,0.015449060543298917,186.6124544228299
2647,51.3,0.01544574660506281,186.57339469738366
2648,51.3,0.015412952631351012,186.18684670351286
2649,51.3,0.015369293353172967,185.67216583370222
2650,51.3,0.015327172370135617,185.17555244054859
2651,51.3,0.01528453869634744,184.67282748220626
2652,51.3,0.015243681151861583,184.1909830407824
2653,51.3,0.015202344053112559,183.7034201923906
2654,51.3,0.015161742205155888,183.224467890064
2655,51.3,0.015122848034778253,182.76560264318275
2656,51.3,0.015081118862508004,182.27322833184155
2657,51.3,0.015039535604862257,181.78251153504462
2658,51.3,0.014998773063704387,181.30141768182702
2659,51.3,0.014955182118381635,180.78687386835122
2660,51.3,0.014908148501328978,180.23161404784986
2661,51.3,0.014861389401504537,179.67951376177282
2662,51.3,0.014816148288188825,179.1452596699745
2663,51.3,0.01476721314379054,178.56729714546685
2664,51.3,0.014722090566434034,178.03428530224915
2665,51.3,0.014689189224766436,177.6455895527884
2666,51.3,0.014682157864449057,177.5625160013139
2667,51.3,0.014674960584502883,177.47748025539633
2668,51.3,0.014642730038443644,177.09665329055278
2669,51.3,0.014645286188610086,177.1268574417576
2670,51.3,0.014638127900839173,177.04227259532902
2671,51.3,0.01460598943789122,176.6624897675218
2672,51.3,0.014564210218769788,176.16872400647404
2673,51.3,0.014519417148843609,175.6392671823925
2674,51.3,0.014475608172253449,175.12137031047055
2675,51.3,0.014428362198386162,174.56276234830332
2676,51.3,0.014384420415584019,174.0431467011306
2677,51.3,0.014343943621170526,173.56444135922803
2678,51.3,0.014302884929237385,173.07879188414387
2679,51.3,0.014264934817157663,172.6298554967477
2680,51.3,0.014227147983783231,172.18279742223058
2681,51.3,0.01418952372661457,171.73761002676852
2682,51.3,0.014151155753453644,171.28356840767978
2683,51.3,0.014115346766390603,170.85976007974224
2684,51.3,0.014074098321640728,170.37151526157243
2685,51.3,0.014033981774919336,169.8966076127203
2686,51.3,0.013994099451693486,169.4244133552529
2687,51.3,0.013954449984431566,168.95491732729948
2688,51.3,0.013916116080216043,168.50094343371742
2689,51.3,0.013880029146757709,168.07352954161607
2690,51.3,0.013844247737032755,167.64968636978006
2691,51.3,0.013810768431319348,167.25306921236523
2692,51.3,0.013783840172841481,166.93402961618028
2693,51.3,0.013756412799340265,166.60904883891604
2694,51.3,0.013727998222427588,166.27234133441937
2695,51.3,0.01372177227515192,166.19856098514856
2696,51.3,0.013715322387654003,166.1221253166785
2697,51.3,0.013708634115677236,166.04286298753794
2698,51.3,0.013709808992741141,166.05678650927504
2699,51.3,0.013715909218130522,166.12907973154026
2700,51.3,0.013717036557154089,166.1424395729793
2701,51.3,0.013717926474595478,166.15298575113192
2702,51.3,0.013723114237361446,166.2144639790004
2703,51.3,0.013723764259830117,166.2221670803662
2704,51.3,0.013728967247788383,166.28382460229471
2705,51.3,0.013734168326089934,166.34545848524584
2706,51.3,0.013742584534402552,166.44519020551587
2707,51.3,0.01374162342953836,166.4338012862092
2708,51.3,0.013744361115160657,166.4662422764313
2709,51.3,0.013749776802754743,166.53041619525695
2710,51.3,0.013759498348343443,166.64561021470618
2711,51.3,0.013769691019596787,166.7663829847636
2712,51.3,0.013778914719738342,166.875671096339
2713,51.3,0.013789753586585938,167.0040926504656
2714,51.3,0.0138019506762976,167.14860152598297
2715,51.3,0.013816677358321962,167.32307315697363
2716,51.3,0.013832763147920453,167.51363732661324
2717,51.3,0.013850011674960657,167.71796543124842
2718,51.3,0.013864731547367956,167.89233002462214
2719,51.3,0.01387783451804664,168.04753477882727
2720,51.3,0.013884981238101713,168.13218501816232
2721,51.3,0.013885078346785817,168.13333522128153
2722,51.3,0.01388482992580321,168.130392800017
2723,51.3,0.013878462287647083,168.05497055235077
2724,51.3,0.013876243179545878,168.0286857074787
2725,51.3,0.013850810231003043,167.72742495267264
2726,51.3,0.013823801697030128,167.40747453611928
2727,51.3,0.013796803465480486,167.08761899519408
2728,51.3,0.01376315215577983,166.6889045556469
2729,51.3,0.013736667062474742,166.3750686836511
2730,51.3,0.013730560786832017,166.30270848571027
2731,51.3,0.013729984607515792,166.29588061057038
2732,51.3,0.013735902622279651,166.36601003935849
2733,51.3,0.013744154499502061,166.4637939347307
2734,51.3,0.013753001378837993,166.56862572407914
2735,51.3,0.013762526621630685,166.68149257234296
2736,51.3,0.013773766223040815,166.81466891001892
2737,51.3,0.01378328700475911,166.92747552911226
2738,51.3,0.013793590323721938,167.04955020415642
2739,51.3,0.013804447846791924,167.17818685887
2740,51.3,0.013816396543203286,167.3197463275883
2741,51.3,0.013825820637397726,167.43139239120828
2742,51.3,0.013836244671001434,167.55488075653432
2743,51.3,0.013844592093809338,167.65376562223435
2744,51.3,0.01385135006879993,167.73381974049522
2745,51.3,0.013853408079067066,167.75819833217122
2746,51.3,0.01384729611060682,167.68579726796168
2747,51.3,0.01381703524683491,167.32731307408002
2748,51.3,0.013781001166904925,166.90039217470073
2749,51.3,0.013744028732772633,166.4623036309885
2750,51.3,0.013706936317323904,166.02274221078926
2751,51.3,0.013669452121066485,165.5784858974162
2752,51.3,0.013629252180714984,165.10198481328985
2753,51.3,0.013588629739064731,164.6204144689473
2754,51.3,0.013547790856855448,164.1362162086223
2755,51.3,0.013510733268101253,163.69679625927802
2756,51.3,0.013482800422356634,163.36554143500527
2757,51.3,0.01348294585628338,163.36726620723297
2758,51.3,0.013487605921275922,163.42253178435024
2759,51.3,0.013492726207918962,163.48325437971369
2760,51.3,0.013499922903058846,163.56859990172896
2761,51.3,0.013509098290714266,163.6774079112939
2762,51.3,0.013522003101951365,163.83043665385884
2763,51.3,0.013534910431628237,163.9834890437769
2764,51.3,0.01354948211246785,164.15626948694225
2765,51.3,0.013565091777298949,164.34134880277983
2766,51.3,0.013578821905694713,164.50413547893362
2767,51.3,0.013589240569672935,164.6276561908578
2768,51.3,0.013592004158544389,164.66041983359673
2769,51.3,0.01358634580672248,164.59333711231417
2770,51.3,0.013550187073738078,164.16462820643346
2771,51.3,0.013513556011917548,163.7302694778671
2772,51.3,0.013475967888154198,163.28451017280287
2773,51.3,0.013438709183071178,162.84260540986938
2774,51.3,0.013404527282671842,162.43714732895472
2775,51.3,0.013373454638299524,162.06853269266094
2776,51.3,0.013342525912559342,161.70158955383323
2777,51.3,0.01331119906279492,161.32988658701538
2778,51.3,0.013276932363350662,160.92325939088582
2779,51.3,0.013241147522123865,160.49857027125168
2780,51.3,0.013210266684370146,160.13204266152061
2781,51.3,0.01317828976957623,159.75246804627614
2782,51.3,0.013148726708774186,159.40151252591286
2783,51.3,0.013118604154562978,159.04388141580057
2784,51.3,0.01309509358246267,158.76472772722087
2785,51.3,0.013094118957866416,158.75315503813167
2786,51.3,0.013092398136336626,158.73272192250226
2787,51.3,0.01309191028720694,158.72692915888683
2788,51.3,0.013096863934907138,158.78574879516682
2789,51.3,0.013101123352311806,158.83632440387908
2790,51.3,0.01310538119319925,158.88688061522393
2791,51.3,0.013104120375508456,158.87191014861747
2792,51.3,0.01307802211133389,158.56201599971143
2793,51.3,0.01304809077466715,158.20657609450862
2794,51.3,0.013020204579311752,157.87539244971924
2795,51.3,0.013000141458598066,157.63709966221677
2796,51.3,0.012985934771898803,157.46835553989254
2797,51.3,0.01297344068149186,157.31994704557255
2798,51.3,0.012958081007983121,157.13749230510004
2799,51.3,0.012940373999199294,156.9271430450014
2800,51.3,0.012925292308108719,156.7479718227724
2801,51.3,0.012902980499323494,156.48289083862878
2802,51.3,0.012878646558847863,156.1937641738867
2803,51.3,0.012853774746376417,155.89822381107678
2804,51.3,0.012827029814087119,155.58040018101457
2805,51.3,0.012803411244442082,155.29970643838644
2806,51.3,0.01277534891876291,154.96617393818553
2807,51.3,0.01274511610240715,154.60681124296642
2808,51.3,0.012717050156001497,154.27317442621978
2809,51.3,0.012693307189653676,153.990904437013
2810,51.3,0.012673241611875198,153.75233688284663
2811,51.3,0.01266815464503056,153.69185353412698
2812,51.3,0.012665886187752362,153.66488157086133
2813,51.3,0.01266636282068359,153.67054875372344
2814,51.3,0.01266511053674972,153.65565903407182
2815,51.3,0.012660029504766546,153.59524470249931
2816,51.3,0.012632308510211044,153.26562034043215
2817,51.3,0.012607620397575422,152.97203507670432
2818,51.3,0.01259031242451822,152.76619908532192
2819,51.3,0.012573550120287892,152.56684178567087
2820,51.3,0.012563138331685843,152.44300708333455
2821,51.3,0.012551900992204256,152.30934896525255
2822,51.3,0.012545428658695753,152.23236418931265
2823,51.3,0.012537209146339982,152.13459543735
2824,51.3,0.012527648775894544,152.02087437463646
2825,51.3,0.012517879518685653,151.90466505356235
2826,51.3,0.01250487413763214,151.7499551587844
2827,51.3,0.012486537623022887,151.53181619166
2828,51.3,0.012464896601581245,151.27434918416552
2829,51.3,0.012443026871673937,151.01414334664994
2830,51.3,0.01242110978897236,150.75335610657038
2831,51.3,0.012394848995599315,150.44086013898144
2832,51.3,0.012367333433915072,150.11340502662495
2833,51.3,0.012337212317210883,149.7549093492084
2834,51.3,0.012312108584537136,149.45610358667557
2835,51.3,0.012287610871821989,149.1644883793582
2836,51.3,0.012267866086087507,148.92943453901344
2837,51.3,0.012267432447274245,148.92427207674328
2838,51.3,0.012260498602396712,148.84172381928295
2839,51.3,0.012234827534670093,148.53609095696626
2840,51.3,0.012205791883373611,148.1903704411546
2841,51.3,0.012182265346159718,147.91022240230117
2842,51.3,0.012159014311360093,147.63333455194265
2843,51.3,0.012135827058227987,147.35718603067744
2844,51.3,0.01211420600852291,147.0996720074427
2845,51.3,0.012094497023944394,146.86491602568833
2846,51.3,0.012074966823327522,146.6322751631224
2847,51.3,0.012051013862407164,146.34693146444474
2848,51.3,0.01202014508767172,145.97917016468818
2849,51.3,0.011994845340825186,145.67772988262428
2850,51.3,0.011969679400172739,145.3778599979455
2851,51.3,0.011941895520983674,145.0467678796702
2852,51.3,0.011913745542213671,144.7112834613007
2853,51.3,0.011884504318598785,144.36276230473547
2854,51.3,0.011850114789228292,143.95283821924573
2855,51.3,0.01181293410828858,143.5095934844536
2856,51.3,0.011775015993548302,143.05750395849645
2857,51.3,0.011740765482567734,142.64909597617526
2858,51.3,0.011708438190916319,142.26358023389798
2859,51.3,0.011681900589635811,141.94707943914412
2860,51.3,0.011661818378951432,141.70755126016047
2861,51.3,0.011634834504785314,141.38568040230254
2862,51.3,0.011607007696789521,141.0537260886124
2863,51.3,0.011575561236391078,140.67855676081814
2864,51.3,0.011542029229877682,140.27846496776047
2865,51.3,0.011510964647073617,139.90777578627075
2866,51.3,0.011479207665062862,139.52878672147477
2867,51.3,0.011449418609822647,139.17324842789566
2868,51.3,0.011418420138687806,138.803240006869
2869,51.3,0.011389073903214404,138.4529198637158
2870,51.3,0.011359545115219189,138.10038773318138
2871,51.3,0.011328332287997817,137.7277148044415
2872,51.3,0.011294524878819368,137.32402180468154
2873,51.3,0.011261210167092398,136.92616991738225
2874,51.3,0.011225767399122597,136.50285833357853
2875,51.3,0.011193651027392561,136.1192347160433
2876,51.3,0.011160293041365005,135.72073905751762
2877,51.3,0.011128638184412239,135.34255020428841
2878,51.3,0.011097612857057586,134.97184580442743
2879,51.3,0.011065717965083094,134.59071357987875
2880,51.3,0.011035922808038728,134.23463771560617
2881,54.1,0.01101057512314584,120.82501542608375
2882,54.1,0.010992685745178367,120.6321150293665
2883,54.1,0.010997085840041729,120.67956207506639
2884,54.1,0.011007287342054398,120.78956424117939
2885,54.1,0.011017548961733903,120.9002110751504
2886,54.1,0.011026241154133226,120.99393261230114
2887,54.1,0.011034893461620565,121.08722154337914
2888,54.1,0.011038004661107294,121.12076578357336
2889,54.1,0.011040316303684114,121.14568917079391
2890,54.1,0.01103957022688013,121.13764523040366
2891,54.1,0.011022284773563143,120.9512741807726
2892,54.1,0.011000975634417614,120.72150590582851
2893,54.1,0.010980533587539039,120.5010726142414
2894,54.1,0.010957514653828422,120.25283486219732
2895,54.1,0.010934975624416754,120.00975493397704
2896,54.1,0.010912206982207231,119.7641810875025
2897,54.1,0.010892144158189338,119.54777651313404
2898,54.1,0.010877370381916978,119.38841266869862
2899,54.1,0.010876375547850549,119.3776811854959
2900,54.1,0.010875002436663818,119.36286909243248
2901,54.1,0.01087682676060077,119.38254851601154
2902,54.1,0.010881777121680373,119.43594868670233
2903,54.1,0.010886800251671177,119.49013297087316
2904,54.1,0.01089307139252578,119.55777828652216
2905,54.1,0.010900373361966295,119.63654121740288
2906,54.1,0.010906170506248087,119.6990710084577
2907,54.1,0.010911231710545656,119.75366178657755
2908,54.1,0.010917751905215677,119.8239881290543
2909,54.1,0.010923568842533243,119.8867279661277
2910,54.1,0.010928812742709527,119.94328619853025
2911,54.1,0.010933257939852236,119.99122926296752
2912,54.1,0.010936827119114938,120.02972366917139
2913,54.1,0.010936979789935323,120.03137024884185
2914,54.1,0.010936494768674582,120.02613921277982
2915,54.1,0.010933318106857073,119.99187818133092
2916,54.1,0.010931550505526196,119.97281404376108
2917,54.1,0.0109168340928734,119.81408875994266
2918,54.1,0.010903040702679457,119.66531212152812
2919,54.1,0.01088346525820639,119.4541586377607
2920,54.1,0.010865032471398322,119.25531866107497
2921,54.1,0.01085241357085276,119.11918813229158
2922,54.1,0.010849673942862457,119.08963277939681
2923,54.1,0.010849297698424834,119.08557380061468
2924,54.1,0.01085212828039051,119.11611040509075
2925,54.1,0.010855900097312932,119.15680072290715
2926,54.1,0.010860858397750476,119.21029007337032
2927,54.1,0.01086573340154521,119.262880015788
2928,54.1,0.010872600597768001,119.33695970227151
2929,54.1,0.010880157226521405,119.41847476483115
2930,54.1,0.0108906437027308,119.53159152897595
2931,54.1,0.010903290692160948,119.66800858629276
2932,54.1,0.010916915743552136,119.81496943155463
2933,54.1,0.010929584963064513,119.95161492365003
2934,54.1,0.010941490314923518,120.08001663724208
2935,54.1,0.010950137105992335,120.17327106177733
2936,54.1,0.010954999910450134,120.2257146038954
2937,54.1,0.01095787661050093,120.25673836738974
2938,54.1,0.010962885528040402,120.31075635127324
2939,54.1,0.010966101510490128,120.34543822199811
2940,54.1,0.01096807953065407,120.36676945676435
2941,54.1,0.010952755547233723,120.20151007934001
2942,54.1,0.010930046516783998,119.95659296720807
2943,54.1,0.010908769753331429,119.72710691937318
2944,54.1,0.01088404506017944,119.46041294690669
2945,54.1,0.010859571758802792,119.19641009914473
2946,54.1,0.01084228175339841,119.00988389845321
2947,54.1,0.010845169941112958,119.04104264766076
2948,54.1,0.010852137662707756,119.1162116220237
2949,54.1,0.010860875342725371,119.21047287160656
2950,54.1,0.01087230324537357,119.33375205496537
2951,54.1,0.010884960336237336,119.47028598315354
2952,54.1,0.010897829944174783,119.60910676495533
2953,54.1,0.01091380396574622,119.78140611597452
2954,54.1,0.010930892655506359,119.96571889672578
2955,54.1,0.010948948273315263,120.16044981978389
2956,54.1,0.010966018267437204,120.34454051482608
2957,54.1,0.010985478740179013,120.55439912161705
2958,54.1,0.011001514603553508,120.72731759402045
2959,54.1,0.011017489717596316,120.89957228022318
2960,54.1,0.011030008044470923,121.0345474293134
2961,54.1,0.011038682757183938,121.12807681637551
2962,54.1,0.011045012086990694,121.19631703654177
2963,54.1,0.011048317001391318,121.23194871645842
2964,54.1,0.011048343300765939,121.23223225964692
2965,54.1,0.01104608219797096,121.20785439634028
2966,54.1,0.011033203138686824,121.06899673045879
2967,54.1,0.011018198818800706,120.90721809642746
2968,54.1,0.011000859440992675,120.7202529942799
2969,54.1,0.01098606992343046,120.5607741447061
2970,54.1,0.010973457268732714,120.42476303153057
2971,54.1,0.010970841020371266,120.39654950927634
2972,54.1,0.010973046255306753,120.42033069391029
2973,54.1,0.010975765779868162,120.44965773360377
2974,54.1,0.010977067858641491,120.46369911192987
2975,54.1,0.010980980245903507,120.50588922994403
2976,54.1,0.010985055547821537,120.54983562059229
2977,54.1,0.010990843757407588,120.61225233490873
2978,54.1,0.010994889567285776,120.65587933771144
2979,54.1,0.010997850198784255,120.68780423106516
2980,54.1,0.011003577379749323,120.74956035707258
2981,54.1,0.011008607971315318,120.80380424570576
2982,54.1,0.011012648824430298,120.84737535301169
2983,54.1,0.011017653856374274,120.90134209248835
2984,54.1,0.011019848465128788,120.9250051845701
2985,54.1,0.011021774069782586,120.94576763871503
2986,54.1,0.01102202595781013,120.94848356257816
2987,54.1,0.0110182088311474,120.90732605347951
2988,54.1,0.011010910937789258,120.82863639674189
2989,54.1,0.01100646244825682,120.78066959407732
2990,54.1,0.011002016047847993,120.73272464407356
2991,54.1,0.010998003638708223,120.68945878655799
2992,54.1,0.010995057916174944,120.65769467475896
2993,54.1,0.010991049687833649,120.6144729488402
2994,54.1,0.010988936526999534,120.59168598812988
2995,54.1,0.010989332713884446,120.5959582230326
2996,54.1,0.010991436838776302,120.61864771790032
2997,54.1,0.01099363779908707,120.6423812606185
2998,54.1,0.010999966568280003,120.71062514901112
2999,54.1,0.01100668269005365,120.78304441485675
3000,54.1,0.011014518263770043,120.86753267602728
3001,54.1,0.011024276374471629,120.97274805903051
3002,54.1,0.011034845456405712,121.08670395956571
3003,54.1,0.011044449836090169,121.19025513475357
3004,54.1,0.011056141254713703,121.31630381755352
3005,54.1,0.011066544579356226,121.428461258787
3006,54.1,0.011076163529376546,121.53215913762932
3007,54.1,0.01108473936961394,121.62460902867996
3008,54.1,0.011089530961013137,121.67626259688437
3009,54.1,0.01109454810068221,121.73034674743228
3010,54.1,0.011098244479702559,121.7701927116408
3011,54.1,0.011102264865127583,121.81353084880094
3012,54.1,0.011106794502048937,121.86235785271069
3013,54.1,0.011109671894559825,121.89337420434525
3014,54.1,0.011124328864911487,122.05136208858957
3015,54.1,0.0111254451585889,122.06339434886846
3016,54.1,0.011136358151519506,122.18102063217941
3017,54.1,0.011148825028635123,122.31539057764158
3018,54.1,0.01115074209421169,122.33605253989548
3019,54.1,0.01115558076609027,122.3882027584899
3020,54.1,0.011166056980649987,122.50111053095559
3021,54.1,0.011179536593611641,122.64638203887273
3022,54.1,0.011194616535227301,122.80889316192605
3023,54.1,0.011208592361415195,122.95949871726614
3024,54.1,0.011221411062962823,123.09762908186997
3025,54.1,0.01123748857227147,123.27086744500413
3026,54.1,0.011253427450526017,123.44260334702004
3027,54.1,0.011267292510166725,123.59198753901207
3028,54.1,0.011281915714516172,123.74953300547573
3029,54.1,0.011296002214977063,123.90128932485229
3030,54.1,0.011308242984651528,124.03315578293154
3031,54.1,0.011318987361321952,124.14889780798653
3032,54.1,0.011326906439031182,124.2342022519836
3033,54.1,0.011334700824024461,124.3181614205407
3034,54.1,0.011351553944006828,124.49969195471806
3035,54.1,0.011367564047534888,124.67213313099464
3036,54.1,0.011381695775512946,124.8243355082263
3037,54.1,0.011395158673649755,124.96932809691815
3038,54.1,0.011404862984557597,125.07383766664937
3039,54.1,0.011411013429348627,125.14007258576893
3040,54.1,0.0114165449517745,125.19964115280422
3041,54.1,0.011422061032147632,125.25904238935122
3042,54.1,0.011427424934768709,125.316803870984
3043,54.1,0.011439622625926444,125.44815173998684
3044,54.1,0.011449096986509479,125.55017059563018
3045,54.1,0.011461517955460007,125.68391357744997
3046,54.1,0.01147549126365314,125.83436512739749
3047,54.1,0.011493067915153614,126.02360469128209
3048,54.1,0.011510639860736417,126.21278309122053
3049,54.1,0.011528259516007224,126.4024645924537
3050,54.1,0.011546852780233865,126.60261587868966
3051,54.1,0.01156657037453219,126.81485742768189
3052,54.1,0.011587437105192732,127.03945397130818
3053,54.1,0.011609343300641993,127.27522275061465
3054,54.1,0.011629184812208473,127.48875598267877
3055,54.1,0.011641529753470334,127.62160479743669
3056,54.1,0.011651099481165916,127.72458487507308
3057,54.1,0.011657754587968396,127.79619881093704
3058,54.1,0.011659079644353672,127.81045723092161
3059,54.1,0.011656373623325209,127.78133872031748
3060,54.1,0.011633861100427354,127.53907998612813
3061,54.1,0.011611552888609518,127.2990028738906
3062,54.1,0.011584747187702785,127.01050219889348
3063,54.1,0.0115621843614781,126.76764722233243
3064,54.1,0.011537693729686218,126.50402273095676
3065,54.1,0.011513347526959565,126.24193271284854
3066,54.1,0.011487148766920224,125.95987717096659
3067,54.1,0.01147063194991059,125.78204532204226
3068,54.1,0.011471008375444182,125.78609829146883
3069,54.1,0.01147581196660591,125.83781807975616
3070,54.1,0.011482925572955306,125.9144081308434
3071,54.1,0.011491557585870133,126.00734409661727
3072,54.1,0.011501020629426211,126.10922438550223
3073,54.1,0.01151268272331158,126.23477573310909
3074,54.1,0.011524355461647541,126.36043704725512
3075,54.1,0.011536030510975443,126.48611860774584
3076,54.1,0.011550233081624194,126.6390026150458
3077,54.1,0.01156444218592918,126.79195009438189
3078,54.1,0.011576142892939905,126.91789191410187
3079,54.1,0.011584694395154622,127.00993398649949
3080,54.1,0.011591811914049397,127.08653982373647
3081,54.1,0.011598246609688216,127.15579495457847
3082,54.1,0.011602977366444082,127.20671009065705
3083,54.1,0.011603201177545364,127.20911885613579
3084,54.1,0.011603464820806476,127.21195631278484
3085,54.1,0.011604054556089854,127.21830332139015
3086,54.1,0.011604705077575024,127.22530452599483
3087,54.1,0.011603697721810092,127.21446290438342
3088,54.1,0.011604189784747978,127.21975871417203
3089,54.1,0.01160666553878472,127.24640380372176
3090,54.1,0.011607936748578115,127.26008500870248
3091,54.1,0.011609208320331634,127.27377005429933
3092,54.1,0.01161228518556058,127.30688399524237
3093,54.1,0.01161800565883235,127.36844820741891
3094,54.1,0.011624930400359999,127.44297136795402
3095,54.1,0.01163407482670468,127.54137998955
3096,54.1,0.011645023283158428,127.65919911778994
3097,54.1,0.011654493455345733,127.76110676832862
3098,54.1,0.011663969017823643,127.86306937438185
3099,54.1,0.011674856352683378,127.98021971369894
3100,54.1,0.011684343505439896,128.08230047458738
3101,54.1,0.011696432986141625,128.21237757959491
3102,54.1,0.011708538256450993,128.3426196001142
3103,54.1,0.011717583531142828,128.4399355211832
3104,54.1,0.011722438097273604,128.49216347749933
3105,54.1,0.011722163504136181,128.48920928255302
3106,54.1,0.011722288884168418,128.4905581769511
3107,54.1,0.011719089104023674,128.4561333456887
3108,54.1,0.011697048231707108,128.21899719869907
3109,54.1,0.011675879323808801,127.99122692191975
3110,54.1,0.011651089277107323,127.72447507060163
3111,54.1,0.01162770227380329,127.47280145003113
3112,54.1,0.011606133019264721,127.2406726258398
3113,54.1,0.011584143438482013,127.00400396949583
3114,54.1,0.01156219784302168,126.76779233608973
3115,54.1,0.011544379683380094,126.57599436057856
3116,54.1,0.011541320349107312,126.54306203368523
3117,54.1,0.011544788984196143,126.58040027155961
3118,54.1,0.011549573814809871,126.63190606892351
3119,54.1,0.011554343756564188,126.68325082233238
3120,54.1,0.011560255251576182,126.74688244544741
3121,54.1,0.011570366486417053,126.85571752197744
3122,54.1,0.011581481489364847,126.97535292601539
3123,54.1,0.01159439871070756,127.1143810829299
3124,54.1,0.011607324550374682,127.25349632409562
3125,54.1,0.01161962430794669,127.38586804288336
3126,54.1,0.011630395147959927,127.50178111519419
3127,54.1,0.011637245929614173,127.57550545446416
3128,54.1,0.011640754847380096,127.61326587758704
3129,54.1,0.011640010160796351,127.60525213668737
3130,54.1,0.011636388845723485,127.56628207690387
3131,54.1,0.011619135724241995,127.38060993444581
3132,54.1,0.011599387308536447,127.16807188387126
3133,54.1,0.011579412224986204,126.95308089006258
3134,54.1,0.011561157892130497,126.75659840826974
3135,54.1,0.011546372694113882,126.59744803372244
3136,54.1,0.011532152716980184,126.44437478396742
3137,54.1,0.01151628063180486,126.27350903284113
3138,54.1,0.011500086737666199,126.0991701275215
3139,54.1,0.01148078130881507,125.89132166758274
3140,54.1,0.011463443012607676,125.70464119160533
3141,54.1,0.01145013681526477,125.56136716956412
3142,54.1,0.011446575331888623,125.52301799861807
3143,54.1,0.011446615507722923,125.5234506044568
3144,54.1,0.011447445292162543,125.53238555519664
3145,54.1,0.011450640036909253,125.56678570082977
3146,54.1,0.011453834297345237,125.60118028459935
3147,54.1,0.011458759545187807,125.65421280382103
3148,54.1,0.011463685770933575,125.70725502761393
3149,54.1,0.01147046850740424,125.78028553694081
3150,54.1,0.011475527910515761,125.83475969790699
3151,54.1,0.011475090514238602,125.83005032393126
3152,54.1,0.011455027786978215,125.61403123887176
3153,54.1,0.011433618696757929,125.38350052197859
3154,54.1,0.011414138613488924,125.1737275967983
3155,54.1,0.011397529747546866,124.99486342697136
3156,54.1,0.011380758415465382,124.8142401076139
3157,54.1,0.011365889589346763,124.65409833171756
3158,54.1,0.01135093819170076,124.49305965285144
3159,54.1,0.011338238039291846,124.35626273823253
3160,54.1,0.0113256058556644,124.2201924915639
3161,54.1,0.011313017756495836,124.08459170974592
3162,54.1,0.011300479728183845,123.94952493925334
3163,54.1,0.011289696768723306,123.83336049042848
3164,54.1,0.011278471249356164,123.71242415590847
3165,54.1,0.011262664220631925,123.54212239419209
3166,54.1,0.011250419611154645,123.41019557965338
3167,54.1,0.011233674402968491,123.22976980751939
3168,54.1,0.011220106122498704,123.08356770259195
3169,54.1,0.011218798039253568,123.06947240012309
3170,54.1,0.011220329298584766,123.08597253947127
3171,54.1,0.011223212301030674,123.11703821821418
3172,54.1,0.011224648105396307,123.13250956579532
3173,54.1,0.011226082762692735,123.14796848317913
3174,54.1,0.011227516234844151,123.16341456025714
3175,54.1,0.011227305346939517,123.16114218647097
3176,54.1,0.011226540091813975,123.15289634434477
3177,54.1,0.011226132731543936,123.14850691318131
3178,54.1,0.011225025309854123,123.13657407813795
3179,54.1,0.011224417852597033,123.13002850751766
3180,54.1,0.0112237250327711,123.12256310915797
3181,54.1,0.01122305683704662,123.1153630294238
3182,54.1,0.011222797021537192,123.11256340790978
3183,54.1,0.01120984462260804,122.97299294321473
3184,54.1,0.011196141913129728,122.82533118144339
3185,54.1,0.01118340672735758,122.68808982084532
3186,54.1,0.011180526773205886,122.65705308674815
3187,54.1,0.011180428523992153,122.65599426813327
3188,54.1,0.011183183875164603,122.68568819399137
3189,54.1,0.011189199443217725,122.75051599489557
3190,54.1,0.011197048273454356,122.83509840795158
3191,54.1,0.01120402831474784,122.91031661125633
3192,54.1,0.011213895350928371,123.0166427709894
3193,54.1,0.011223610537627094,123.12132937865819
3194,54.1,0.011232506822173225,123.21718903671876
3195,54.1,0.011241444485835533,123.31349185246859
3196,54.1,0.011251352246847543,123.42024423448433
3197,54.1,0.011260902080513346,123.52313692270438
3198,54.1,0.011270459306405406,123.62610614976732
3199,54.1,0.011276824353781233,123.69468122959373
3200,54.1,0.011281165396528566,123.74144950990456
3201,54.1,0.011282833869707085,123.75942465673056
3202,54.1,0.011280983198101929,123.73948660568526
3203,54.1,0.011264762788533954,123.56473243395489
3204,54.1,0.011242908606279085,123.32926740750831
3205,54.1,0.011221121081469228,123.09450439278191
3206,54.1,0.011198003010828333,122.84538693065414
3207,54.1,0.01117496253566312,122.59708752643397
3208,54.1,0.011149900546937977,122.32698243364679
3209,54.1,0.011123784992322616,122.04549980177262
3210,54.1,0.011101800405319263,121.80852418707984
3211,54.1,0.011099683704308482,121.78570703703531
3212,54.1,0.01110403368361668,121.83259782600845
3213,54.1,0.011108440566294774,121.88010135019105
3214,54.1,0.011114110042933128,121.94121389924553
3215,54.1,0.011121056679991756,122.01609175215327
3216,54.1,0.011128790166742359,122.09944913079735
3217,54.1,0.011137641810773296,122.19485635617224
3218,54.1,0.011147377878668527,122.29979324114828
3219,54.1,0.011156354985625177,122.39654706474568
3220,54.1,0.01116702343482888,122.51152633675098
3221,54.1,0.011177706052111139,122.6266544226591
3222,54.1,0.011187398186623359,122.73110457346685
3223,54.1,0.011195169961101014,122.81485708684225
3224,54.1,0.011200173060239429,122.86877188765996
3225,54.1,0.011201626234549095,122.88443154228035
3226,54.1,0.011203504221251258,122.9046689413421
3227,54.1,0.011182526760468504,122.67860661012797
3228,54.1,0.011157545221682047,122.4093750326674
3229,54.1,0.011131780449663183,122.13168011941069
3230,54.1,0.011106142413201788,121.85532873531801
3231,54.1,0.011078971200229099,121.56242686912309
3232,54.1,0.011053670420790708,121.28966540567501
3233,54.1,0.011031427562187654,121.04985262132809
3234,54.1,0.01100837432062598,120.80128485494379
3235,54.1,0.010984358743218752,120.54232160459084
3236,54.1,0.010968523379792788,120.37155596709535
3237,54.1,0.010971701279601407,120.40582653764638
3238,54.1,0.010979810138259601,120.49327116266527
3239,54.1,0.010991428961141815,120.61856277096777
3240,54.1,0.011003270887594244,120.74625548401833
3241,54.1,0.011015113251897758,120.87394814024147
3242,54.1,0.011027581163426718,121.00838072096343
3243,54.1,0.011040594151889318,121.14868482857726
3244,54.1,0.011054619771269286,121.29990051278412
3245,54.1,0.01106971741471185,121.46266661862744
3246,54.1,0.011081665975506218,121.5914772919908
3247,54.1,0.011088916752802743,121.66964144877628
3248,54.1,0.011093201201207261,121.71582742039865
3249,54.1,0.011076796901854502,121.53898715093739
3250,54.1,0.011053101688461789,121.28353379211974
3251,54.1,0.011026588990106665,120.99768301899073
3252,54.1,0.011003125976013732,120.74469291639205
3253,54.1,0.010977754355179002,120.4711021412353
3254,54.1,0.010954037084440905,120.21533094655177
3255,54.1,0.010929559989575977,119.95134557426759
3256,54.1,0.010902401287951679,119.65841518451977
3257,54.1,0.010877132635987288,119.38584805668471
3258,54.1,0.010850373593527085,119.09718069795785
3259,54.1,0.010825450697311055,118.82829909493763
3260,54.1,0.010803262912414525,118.588907520889
3261,54.1,0.010805818990757653,118.61648677702968
3262,54.1,0.010812867151614962,118.69253299200864
3263,54.1,0.010821664387383039,118.78744849455462
3264,54.1,0.010830369997496201,118.8813728277081
3265,54.1,0.010839793799154188,118.98304277570746
3266,54.1,0.010847438376961194,119.06551510398631
3267,54.1,0.010855697710624746,119.15461738994549
3268,54.1,0.010865790463959047,119.26349558159993
3269,54.1,0.01087451500782421,119.35761106043132
3270,54.1,0.010881567815415964,119.4336908904871
3271,54.1,0.010887428311593785,119.49690776537156
3272,54.1,0.010889571258175449,119.52002332906042
3273,54.1,0.010888191830294396,119.50514371664242
3274,54.1,0.0108732346653085,119.3437996069862
3275,54.1,0.010854947144564382,119.146520325351
3276,54.1,0.010830850923055881,118.88656143093321
3277,54.1,0.010808507884884612,118.64549883190638
3278,54.1,0.010784591819207932,118.38744572349064
3279,54.1,0.010762108277715047,118.14483168592263
3280,54.1,0.010739331466054788,117.89903546412579
3281,54.1,0.010717181995045627,117.65999222248153
3282,54.1,0.010693709552976806,117.40665284187526
3283,54.1,0.01067545034035959,117.20956713827222
3284,54.1,0.010662179081072318,117.06631310563964
3285,54.1,0.01065079117070075,116.94338372563482
3286,54.1,0.010648985925303098,116.92389618854631
3287,54.1,0.010649735338595324,116.93198608243054
3288,54.1,0.01065100781503111,116.94572238326803
3289,54.1,0.010654129269568595,116.97941804909988
3290,54.1,0.010658705543606468,117.0288176871596
3291,54.1,0.010663905508784821,117.08494903460087
3292,54.1,0.010670456470997998,117.15566248999936
3293,54.1,0.010676250638173379,117.21820560554595
3294,54.1,0.010679872876188328,117.25730400774741
3295,54.1,0.010682778582528965,117.28866785032662
3296,54.1,0.010684016586200905,117.30203062460622
3297,54.1,0.010682356055829349,117.28410716616861
3298,54.1,0.010671262476162903,117.16436270007546
3299,54.1,0.010661199612935678,117.05574018876727
3300,54.1,0.01064701569689728,116.90262754089767
3301,54.1,0.010628456945076126,116.70227901176426
3302,54.1,0.010608893354861367,116.49107015559126
3303,54.1,0.01058903179975495,116.27663110041149
3304,54.1,0.01056866575057145,116.05673119437692
3305,54.1,0.010545590749173953,115.80756459846238
3306,54.1,0.010522519183745076,115.55841692737172
3307,54.1,0.010500566777777312,115.32133807782495
3308,54.1,0.010482935363693007,115.1309126181933
3309,54.1,0.010469214057452785,114.98271034853313
3310,54.1,0.01045872971123763,114.86946578197279
3311,54.1,0.010457704807573324,114.85839528876897
3312,54.1,0.010456440689631962,114.84474087399829
3313,54.1,0.010457050691045976,114.85132983271833
3314,54.1,0.010456020235759514,114.84019931448763
3315,54.1,0.010457042259636557,114.85123876054293
3316,54.1,0.010460204944834472,114.88540044930964
3317,54.1,0.010461132185020296,114.89541595316184
3318,54.1,0.01046379323548948,114.92415889421453
3319,54.1,0.010466426061955343,114.95259673983769
3320,54.1,0.010467040358375878,114.95923188169171
3321,54.1,0.010465567604044346,114.94332433796532
3322,54.1,0.01046385135696311,114.92478668197232
3323,54.1,0.01045599402585758,114.83991620634836
3324,54.1,0.010448129990663713,114.75497120523914
3325,54.1,0.01043969801649452,114.66388914688767
3326,54.1,0.010427426577327986,114.5313289055089
3327,54.1,0.010411339013342406,114.35753779798998
3328,54.1,0.010395334846660692,114.18463884248796
3329,54.1,0.010381515759221215,114.03533906813578
3330,54.1,0.010369411137588847,113.90455681650175
3331,54.1,0.01036240456043404,113.82885320012997
3332,54.1,0.01035566977583154,113.75608462586031
3333,54.1,0.01035411779901482,113.73931547480072
3334,54.1,0.010355129750707159,113.75024964927043
3335,54.1,0.010357762647397658,113.77869802881635
3336,54.1,0.010359858013050354,113.80133823032502
3337,54.1,0.010363814555829371,113.84408784222548
3338,54.1,0.010369108810227486,113.9012903097025
3339,54.1,0.010374401110387036,113.95847070499812
3340,54.1,0.010379628558794644,114.01494947311586
3341,54.1,0.010385558006183493,114.07901169797927
3342,54.1,0.010390182248985084,114.12897155401822
3343,54.1,0.010391596346034388,114.14424917100408
3344,54.1,0.010393451618043238,114.1642930489136
3345,54.1,0.010392546907649182,114.15451880700425
3346,54.1,0.010382263332409204,114.04341592675824
3347,54.1,0.010369132724226205,113.90154868947155
3348,54.1,0.010354453108763153,113.74293851258095
3349,54.1,0.010342636631260343,113.61525859270714
3350,54.1,0.010331420422152734,113.49406030429488
3351,54.1,0.010323259605321402,113.40587477435314
3352,54.1,0.010317652883182461,113.34528739204268
3353,54.1,0.010315147041700785,113.3182084107523
3354,54.1,0.010313973793253797,113.30552981242603
3355,54.1,0.010312269955733679,113.28711736970138
3356,54.1,0.010312024071877203,113.28446022878747
3357,54.1,0.010314257246011782,113.3085929221449
3358,54.1,0.01031816813339544,113.35085533571001
3359,54.1,0.010321196250851004,113.38357787030857
3360,54.1,0.010324223921856203,113.41629526709592
3361,54.1,0.01032835483181982,113.46093389855423
3362,54.1,0.010333285544510589,113.51421443823142
3363,54.1,0.010338287646624596,113.56826555215203
3364,54.1,0.010341340487104079,113.60125314869795
3365,54.1,0.010344394696032617,113.63425521332005
3366,54.1,0.010346783537550289,113.66006746956094
3367,54.1,0.01034918584131658,113.68602499334773
3368,54.1,0.010350759261987277,113.70302611046456
3369,54.1,0.010350560378813147,113.70087714366346
3370,54.1,0.010348389853210526,113.67742415443796
3371,54.1,0.010338894220269488,113.57481993461084
3372,54.1,0.010328674609855868,113.46438939711146
3373,54.1,0.01031411830411945,113.3070914579626
3374,54.1,0.010302978821524169,113.18671140407474
3375,54.1,0.010293773935362273,113.08723458017352
3376,54.1,0.010285015520969203,112.99258006890065
3377,54.1,0.010279369480227816,112.93156041634778
3378,54.1,0.010273814202757303,112.87152062519144
3379,54.1,0.01026662904411357,112.7938639968342
3380,54.1,0.010258872352881492,112.71002830793341
3381,54.1,0.010257086966293976,112.69073124308878
3382,54.1,0.010256542768797283,112.68484934997285
3383,54.1,0.010255445030046108,112.6729845420451
3384,54.1,0.010254981278625343,112.66797211525589
3385,54.1,0.01025451783738823,112.66296303371995
3386,54.1,0.010253455910550718,112.65148522267793
3387,54.1,0.010252111643115137,112.63695568467634
3388,54.1,0.010249505835690825,112.60879059374409
3389,54.1,0.010246901024414192,112.58063603770658
3390,54.1,0.010244297208904433,112.5524920127111
3391,54.1,0.010241700515652678,112.52442473962931
3392,54.1,0.010238562436885968,112.49050540294223
3393,54.1,0.010235493060034096,112.45732833605555
3394,54.1,0.01023245742722144,112.42451569351279
3395,54.1,0.01023649815147523,112.46819246140245
3396,54.1,0.010240024774651009,112.5063117807197
3397,54.1,0.010244724414857053,112.5571095965451
3398,54.1,0.0102466761059017,112.57820495593678
3399,54.1,0.010247571516249691,112.58788318758026
3400,54.1,0.010246225872474316,112.5733385025965
3401,54.1,0.010243768080373908,112.5467727594335
3402,54.1,0.010238412219219346,112.4888816992393
3403,54.1,0.010233231582016014,112.43288368693791
3404,54.1,0.01023214290230191,112.42111592513362
3405,54.1,0.010233015638025988,112.43054950738387
3406,54.1,0.010238391554535847,112.48865833448507
3407,54.1,0.010246478055167093,112.5760642790881
3408,54.1,0.010256780364991117,112.68741738107026
3409,54.1,0.010268345026444432,112.81241035906935
3410,54.1,0.010281167409171421,112.95099167308753
3411,54.1,0.010290949369968825,113.05670903803886
3412,54.1,0.010299870636091267,113.1531216966087
3413,54.1,0.010308530242617348,113.24670398192684
3414,54.1,0.010316202419575904,113.32961321169657
3415,54.1,0.01032277249682751,113.40061102329781
3416,54.1,0.010326097464714272,113.43654085184309
3417,54.1,0.010333073579437772,113.51192399263148
3418,54.1,0.010328740753846918,113.46510414390569
3419,54.1,0.01031775746879853,113.34641757536382
3420,54.1,0.01030774322950534,113.23819902638357
3421,54.1,0.010293326068555611,113.082394428228
3422,54.1,0.010277966090288096,112.91639309374364
3423,54.1,0.010265391445023283,112.780487945199
3424,54.1,0.010248858932586003,112.60179845060023
3425,54.1,0.01023098490581256,112.40859885963759
3426,54.1,0.010213884929054977,112.22375571636545
3427,54.1,0.01019892199854961,112.06200488886454
3428,54.1,0.010206672569577014,112.1457903198093
3429,54.1,0.01020995774082135,112.18130314619819
3430,54.1,0.010216753870467232,112.25476839515854
3431,54.1,0.010223547415985692,112.32820413137257
3432,54.1,0.010232117763875946,112.42084419826463
3433,54.1,0.010242580460047446,112.53393595420047
3434,54.1,0.010253045239579763,112.64704648488724
3435,54.1,0.010264560286372806,112.77150469893375
3436,54.1,0.010278234505051045,112.91929402704429
3437,54.1,0.01029191503514747,113.06714517091669
3438,54.1,0.010303411739126805,113.19138985537658
3439,54.1,0.01031072209112987,113.27039035518129
3440,54.1,0.010313874317276437,113.30445483252545
3441,54.1,0.010300426859993632,113.1591327516059
3442,54.1,0.01028111812534501,112.9504590357779
3443,54.1,0.010258054461127424,112.70118826949522
3444,54.1,0.010235579356612103,112.45826112501851
3445,54.1,0.010210072555762482,112.18254429341334
3446,54.1,0.01018722962288571,111.93560376795
3447,54.1,0.010165840630433765,111.70436469466458
3448,54.1,0.010144347724981814,111.47198644111307
3449,54.1,0.010126947287372604,111.28384379470626
3450,54.1,0.010109800807301337,111.09843693679815
3451,54.1,0.010091722767606353,110.90294612326934
3452,54.1,0.010071049276651632,110.67937512590478
3453,54.1,0.010056885958836487,110.52619917516367
3454,54.1,0.010042055527783244,110.36580105209623
3455,54.1,0.01003041511711053,110.23989923426993
3456,54.1,0.01003082934620316,110.24437958497553
3457,54.1,0.010034572234847829,110.28486284356383
3458,54.1,0.010038398229002952,110.32624447963025
3459,54.1,0.010038989807197796,110.3326428956896
3460,54.1,0.0100395382804229,110.33857508452212
3461,54.1,0.010040127660883778,110.34494970726246
3462,54.1,0.010040534876109711,110.34935405982978
3463,54.1,0.010028859842781228,110.22307715132482
3464,54.1,0.010012049179575898,110.04124518513814
3465,54.1,0.009993909100141023,109.8450227816663
3466,54.1,0.009973042169468673,109.61928992018181
3467,54.1,0.009957162730029927,109.44750041236966
3468,54.1,0.009942563804621947,109.28955634968491
3469,54.1,0.00992839925494099,109.13630477123344
3470,54.1,0.009915121014349344,108.99263626391604
3471,54.1,0.009903365032136053,108.86543331689981
3472,54.1,0.009891770403368144,108.73997162186986
3473,54.1,0.009878565900678597,108.59708439825573
3474,54.1,0.009866780613167063,108.46954959767578
3475,54.1,0.009853043357535026,108.32088551714885
3476,54.1,0.00983974067340614,108.17691819217825
3477,54.1,0.00982580177977863,108.0260590318157
3478,54.1,0.00981106764286665,107.86658580056738
3479,54.1,0.009796418815577773,107.70802853386014
3480,54.1,0.009782844648512746,107.56109670509795
3481,54.1,0.009771056816343479,107.43349570639604
3482,54.1,0.009761087967238125,107.325581130261
3483,54.1,0.009753550992887291,107.24398977266272
3484,54.1,0.009745332157238707,107.15501472071405
3485,54.1,0.009737149784921892,107.06643211171448
3486,54.1,0.009729003714165203,106.97824022484225
3487,54.1,0.009718205444253577,106.8613313017399
3488,54.1,0.009704839189887918,106.71661421307206
3489,54.1,0.009693404373652063,106.5928040381702
3490,54.1,0.009681719407655045,106.46628074221331
3491,54.1,0.009670787690746509,106.34790929121678
3492,54.1,0.009659820726701398,106.22915205778428
3493,54.1,0.00965080378434292,106.13150780496794
3494,54.1,0.009641704587032245,106.03296998891263
3495,54.1,0.009630649120391818,105.91324335094005
3496,54.1,0.009617963153744713,105.77585383303428
3497,54.1,0.009607431804969905,105.66179471853646
3498,54.1,0.00959509431910516,105.52816951064767
3499,54.1,0.009583158838170644,105.39889338110817
3500,54.1,0.009572769801815763,105.2863631952932
3501,54.1,0.009561662696905343,105.16605106218222
3502,54.1,0.009551271831672722,105.05349340384242
3503,54.1,0.009544024943359703,104.97499026255979
3504,54.1,0.009534309765280146,104.86974612874201
3505,54.1,0.009526461755848191,104.78472659327589
3506,54.1,0.009515855694160833,104.66982499970507
3507,54.1,0.009508089282137356,104.58568452341743
3508,54.1,0.00949984451559883,104.4963593406236
3509,54.1,0.009488621302135479,104.37476141563464
3510,54.1,0.009475696055731371,104.23471745618349
3511,54.1,0.009463873509957706,104.10661614479145
3512,54.1,0.009450985760790832,103.96696752664944
3513,54.1,0.009437341508869426,103.81911540983302
3514,54.1,0.009423201719715535,103.66588679980728
3515,54.1,0.009413009637915451,103.5554340414613
3516,54.1,0.009402883179775074,103.44568892244408
3517,54.1,0.00939357800008383,103.34484127468284
3518,54.1,0.009384313751503646,103.24443427678449
3519,54.1,0.009379957900956337,103.19722404613823
3520,54.1,0.009377130092604897,103.1665749221324
3521,54.1,0.009375824335755276,103.15242241932307
3522,54.1,0.00937568713216129,103.15093532876097
3523,54.1,0.009371601148503604,103.1066488184395
3524,54.1,0.00936662466698903,103.05270974718223
3525,54.1,0.009361674123991668,102.99905097449115
3526,54.1,0.009355689408105288,102.9341817122447
3527,54.1,0.009346861931270628,102.83849707884349
3528,54.1,0.009338080515079419,102.74330906052072
3529,54.1,0.009331804647223869,102.67527884075113
3530,54.1,0.009323236230900351,102.58239528007842
3531,54.1,0.009314712523475722,102.48999387211562
3532,54.1,0.009308447546493336,102.42207668218985
3533,54.1,0.009302302999890837,102.35546374110913
3534,54.1,0.009293888519384374,102.26424037537356
3535,54.1,0.009284155017903249,102.15871415865705
3536,54.1,0.009273366230340372,102.04174320511083
3537,54.1,0.009266813582182837,101.97069809868198
3538,54.1,0.009261908508502439,101.91751535501061
3539,54.1,0.009255551317893936,101.84858695697017
3540,54.1,0.009249313589703805,101.78095249114456
3541,54.1,0.009243111840098404,101.71370680881672
3542,54.1,0.009236945861556899,101.64684768272798
3543,54.1,0.009231056734658499,101.5829893031619
3544,54.1,0.009226313819410048,101.53155893167909
3545,54.1,0.009221598586743318,101.48042797340263
3546,54.1,0.009222651275635568,101.49184316920908
3547,54.1,0.009225263199254687,101.52016630119232
3548,54.1,0.009224794183751701,101.51508041629316
3549,54.1,0.009220542202237435,101.46897266465412
3550,54.1,0.00921631503791251,101.4231334105158
3551,54.1,0.00920951243982584,101.34936493409694
3552,54.1,0.009201633936591949,101.26392718052566
3553,54.1,0.00919398344546411,101.18096004337802
3554,54.1,0.009187064608633066,101.10592573172792
3555,54.1,0.009181128131428412,101.04154373159614
3556,54.1,0.00917628098264427,100.98897476602001
3557,54.1,0.009172010292117087,100.94265701577638
3558,54.1,0.00916667786249213,100.88482330008605
3559,54.1,0.009159897888650187,100.81128860151797
3560,54.1,0.009156838218986123,100.77810331207493
3561,54.1,0.009152447711002461,100.73048313923087
3562,54.1,0.009146581089952832,100.66685176672799
3563,54.1,0.00914255216776134,100.62315201751343
3564,54.1,0.009135342190830485,100.5449475300858
3565,54.1,0.009124929941667009,100.43200578908062
3566,54.1,0.0091145746792659,100.31967848744112
3567,54.1,0.009108963084846924,100.2588059394327
3568,54.1,0.009103321802057831,100.19761025149143
3569,54.1,0.009096059058385222,100.11882361723838
3570,54.1,0.00908883842018683,100.04049194762182
3571,54.1,0.009084678917859537,99.99536759309133
3572,54.1,0.009079271708482382,99.93670660124752
3573,54.1,0.009074258922132913,99.88232367386874
3574,54.1,0.009074864352667229,99.8888919399887
3575,54.1,0.009075496504307081,99.89575008773647
3576,54.1,0.009077910133879357,99.92193517889892
3577,54.1,0.009080674240692383,99.95192229698404
3578,54.1,0.009084435105172066,99.99272257307358
3579,54.1,0.009089568448964257,100.04841160231328
3580,54.1,0.009093780416219222,100.09410441062951
3581,54.1,0.00909854724675919,100.14581582286237
3582,54.1,0.009101303506616365,100.17571585587417
3583,54.1,0.009102891437996499,100.19294168953847
3584,54.1,0.00909807331423706,100.14067455486591
3585,54.1,0.009092694805637408,100.08232740775611
3586,54.1,0.009086699966204228,100.01729300721746
3587,54.1,0.009081540570343145,99.9613208411916
3588,54.1,0.009076670278907384,99.90848421051001
3589,54.1,0.009073583567647581,99.87499679367832
3590,54.1,0.009067105136341118,99.80471188528523
3591,54.1,0.009063854945736,99.76944981949899
3592,54.1,0.009060618713035947,99.73433882531691
3593,54.1,0.009055870543187466,99.68282365663512
3594,54.1,0.009049922596872158,99.61829044457087
3595,54.1,0.009044185276116782,99.55604129604723
3596,54.1,0.009036916449996702,99.47717389734933
3597,54.1,0.009032509087198213,99.42935274087206
3598,54.1,0.00903383292223975,99.4437168027708
3599,54.1,0.009035326936567566,99.45992729559795
3600,54.1,0.009038700883609306,99.49653532628994
3601,54.1,0.009043531398524419,99.54894674139754
3602,54.1,0.00904878029538704,99.6058967193426
3603,54.1,0.009054033149491082,99.66288868440398
3604,54.1,0.009061542226117122,99.74435837096428
3605,54.1,0.009068530139972346,99.82017196304741
3606,54.1,0.009073684639388888,99.87609331591847
3607,54.1,0.009077226944843734,99.91452338782429
3608,54.1,0.00907806325313932,99.92359633913583
3609,54.1,0.009074118458818088,99.88079979710646
3610,54.1,0.009069807603532933,99.83403129713587
3611,54.1,0.00906212500903688,99.75068119004185
3612,54.1,0.009055564605858064,99.67950436944258
3613,54.1,0.009049475956809603,99.61344450137591
3614,54.1,0.009046518320991235,99.58135465164094
3615,54.1,0.009041947516388328,99.53176160100496
3616,54.1,0.009040480519732115,99.51584459252713
3617,54.1,0.00903896870960941,99.49944127760534
3618,54.1,0.009038877853658587,99.49845547751255
3619,54.1,0.009037040766904208,99.47852276193385
3620,54.1,0.009034170634004081,99.44738108099335
3621,54.1,0.009032013081654534,99.4239708959619
3622,54.1,0.009029024706912124,99.39154573778411
3623,54.1,0.0090254641767143,99.3529120445268
3624,54.1,0.009022021302854927,99.31555457202464
3625,58.7,0.00901890533881035,84.05687285123823
3626,58.7,0.009015843080721812,84.02874019344692
3627,58.7,0.009015871584077477,84.02900205217442
3628,58.7,0.00901648487684037,84.03463633260841
3629,58.7,0.009017097055441787,84.0402603663908
3630,58.7,0.00901343810648914,84.00664574504138
3631,58.7,0.009009577187895433,83.97117521373401
3632,58.7,0.00900496788080731,83.92882861609175
3633,58.7,0.009000166300447891,83.88471490866777
3634,58.7,0.008996793128310776,83.853724058663
3635,58.7,0.008993778150571922,83.82602382128832
3636,58.7,0.008990213176822918,83.79327013038431
3637,58.7,0.008984998288221798,83.7453569511379
3638,58.7,0.00898162734311402,83.71438507284003
3639,58.7,0.008982019827691952,83.71799119562708
3640,58.7,0.008980690557814117,83.70577793226988
3641,58.7,0.008979323316386192,83.69321573457154
3642,58.7,0.008979739000372147,83.69703503976564
3643,58.7,0.0089789227612342,83.6895354283692
3644,58.7,0.008974183666795867,83.6459922092893
3645,58.7,0.00896970329355398,83.60482554190368
3646,58.7,0.008965331262302005,83.56465378120683
3647,58.7,0.00896103632389744,83.52518983458187
3648,58.7,0.008959900570967034,83.51475390404813
3649,58.7,0.008958794878086497,83.50459414590094
3650,58.7,0.008960387997006295,83.51923265059335
3651,58.7,0.008961971854163194,83.5337859795282
3652,58.7,0.008961101457099732,83.52578831358424
3653,58.7,0.008957817469096055,83.49561310612397
3654,58.7,0.008950012450017569,83.42389475353723
3655,58.7,0.008939572152976309,83.32795872172096
3656,58.7,0.00892521585703413,83.19603333745461
3657,58.7,0.008907307359453422,83.03145702415188
3658,58.7,0.008890544362105858,82.87739921346514
3659,58.7,0.008876992015220419,82.75284241834775
3660,58.7,0.008864732496916768,82.64016313073145
3661,58.7,0.008845449649651145,82.46292238701275
3662,58.7,0.00882742750195912,82.29725972680252
3663,58.7,0.008816120944136167,82.19332308330503
3664,58.7,0.008799179790046489,82.03758288563463
3665,58.7,0.008779102889096769,81.85300490346381
3666,58.7,0.008755436312821378,81.63540997290946
3667,58.7,0.008732757325166278,81.42687979413554
3668,58.7,0.008711844169631404,81.23457290766328
3669,58.7,0.008691171078790888,81.04446099989858
3670,58.7,0.008672891354527562,80.8763483581983
3671,58.7,0.00865468901886404,80.70893774948435
3672,58.7,0.008637429754151549,80.55019183066095
3673,58.7,0.00862182643229446,80.40666933445566
3674,58.7,0.008605412577264302,80.25568372478214
3675,58.7,0.008589667773921405,80.11084511301387
3676,58.7,0.008576277316037063,79.98765875701858
3677,58.7,0.008563586170320438,79.87090093750892
3678,58.7,0.008549890383887248,79.74489520722517
3679,58.7,0.008538645785882626,79.64143712260375
3680,58.7,0.008526440807740976,79.52913869935155
3681,58.7,0.008514861261363596,79.4225908758156
3682,58.7,0.008505335015313689,79.33493331743473
3683,58.7,0.008493915420194861,79.22985025759418
3684,58.7,0.008483909862316072,79.13777603265498
3685,58.7,0.008473494243620636,79.04192519699743
3686,58.7,0.008464803385206214,78.96194422675084
3687,58.7,0.00845600429405865,78.88096495647164
3688,58.7,0.008447081019017182,78.79884049567471
3689,58.7,0.008438681114051064,78.72153069407382
3690,58.7,0.008430659314931003,78.6476989237584
3691,58.7,0.008423606508224983,78.58278410234404
3692,58.7,0.008416043674176272,78.5131733182792
3693,58.7,0.00840939252836376,78.45195262878127
3694,58.7,0.008403986922700002,78.40219560269213
3695,58.7,0.008399046021462128,78.35671529902271
3696,58.7,0.008396917456417963,78.3371219362625
3697,58.7,0.008400096619784003,78.36638596906982
3698,58.7,0.008403271442192283,78.39560974900543
3699,58.7,0.00840837094155239,78.44254928505549
3700,58.7,0.008413583364439498,78.49052746727476
3701,58.7,0.008417516139492837,78.52672649885312
3702,58.7,0.008419623443274675,78.54612288542006
3703,58.7,0.008415929033002058,78.51211811077798
3704,58.7,0.008410667412233976,78.46368743920968
3705,58.7,0.008405002922352859,78.41154764877504
3706,58.7,0.008400523870164696,78.37031876401737
3707,58.7,0.008392680894854516,78.29812414946117
3708,58.7,0.00838577381268115,78.23454294663314
3709,58.7,0.008376157707187823,78.1460222709377
3710,58.7,0.00836494200865046,78.04277319297691
3711,58.7,0.008352795969707954,77.93095547613838
3712,58.7,0.008341713251059325,77.82892303799412
3713,58.7,0.00832968621929398,77.71819277330529
3714,58.7,0.008320451942155681,77.63317192484797
3715,58.7,0.008314593898156631,77.57923507736284
3716,58.7,0.008308278669855809,77.52108766760354
3717,58.7,0.008304587470770237,77.48710044446116
3718,58.7,0.008301894145322352,77.46230102883098
3719,58.7,0.008304476617182675,77.48607973865317
3720,58.7,0.00830917593319814,77.52934928305936
3721,58.7,0.008314052922661484,77.57425409582204
3722,58.7,0.008320476660706965,77.63339951417416
3723,58.7,0.008327750851338783,77.70037386689583
3724,58.7,0.008333386746554256,77.75226317274303
3725,58.7,0.008340403127053371,77.8168612164146
3726,58.7,0.00834442540747735,77.8538926881152
3727,58.7,0.008341978437222914,77.8313645016888
3728,58.7,0.008337430815590153,77.78949607084283
3729,58.7,0.008333425043867674,77.75261577034159
3730,58.7,0.008330190266139873,77.72283350779023
3731,58.7,0.008324893885196093,77.67406961851752
3732,58.7,0.008318758803431844,77.61758276886754
3733,58.7,0.0083099384883342,77.53637054472188
3734,58.7,0.008298945600975318,77.43515138324891
3735,58.7,0.008287358758297865,77.3284594395713
3736,58.7,0.008273366637914866,77.19961440799187
3737,58.7,0.008255583733326003,77.03585406531296
3738,58.7,0.00823694420774787,76.8641952960562
3739,58.7,0.00822448529106268,76.74945053830862
3740,58.7,0.008212998052624113,76.64365077150225
3741,58.7,0.008200905863492152,76.53227512023453
3742,58.7,0.008188251770030732,76.41571944675835
3743,58.7,0.00817735684734988,76.31536358073171
3744,58.7,0.008169142536146676,76.23969720487565
3745,58.7,0.008164410690299103,76.1961087683262
3746,58.7,0.008167497326016382,76.22454206491554
3747,58.7,0.008170589159900366,76.25302296641702
3748,58.7,0.008175175152060746,76.29526702105402
3749,58.7,0.008179220008785593,76.33252587411688
3750,58.7,0.00818203210102543,76.35842894029227
3751,58.7,0.008177662051455868,76.31817493956497
3752,58.7,0.00817119817592468,76.25863297787888
3753,58.7,0.008162478712564378,76.17831174318698
3754,58.7,0.008149017980354858,76.05431091361787
3755,58.7,0.008133087679513096,75.90755346882692
3756,58.7,0.008119987185998823,75.78685998299798
3757,58.7,0.008107756560308613,75.67417596881619
3758,58.7,0.008088710916540176,75.49869466589752
3759,58.7,0.008074312740410655,75.36602680443364
3760,58.7,0.008056458684450082,75.20150730818969
3761,58.7,0.008044280849303784,75.08928704768269
3762,58.7,0.008034054736959418,74.99504880346632
3763,58.7,0.00802242748152528,74.88789467579159
3764,58.7,0.008013791579265538,74.80830561507463
3765,58.7,0.0080125142929566,74.79653387261432
3766,58.7,0.008012971982470614,74.80075204207076
3767,58.7,0.008011761793553429,74.78959865561889
3768,58.7,0.008007236161002922,74.74788897901229
3769,58.7,0.008005624520129467,74.7330354367094
3770,58.7,0.00800566061762159,74.73336812681185
3771,58.7,0.00800719425325974,74.74750274105116
3772,58.7,0.008006348826473317,74.73971095000148
3773,58.7,0.008006368104814216,74.73988862712679
3774,58.7,0.008006244209529464,74.73874675699366
3775,58.7,0.008006052094401252,74.73697614370909
3776,58.7,0.008005614029985696,74.73293875499944
3777,58.7,0.008004981766924194,74.72711153874401
3778,58.7,0.00800259329726146,74.70509823948291
3779,58.7,0.00799777427474891,74.66068327365173
3780,58.7,0.007991953394289864,74.60703368542607
3781,58.7,0.007983923189785812,74.5330196868581
3782,58.7,0.00797576357555732,74.45781099233136
3783,58.7,0.007966154776134887,74.36924238784867
3784,58.7,0.00795764851380291,74.29083410630439
3785,58.7,0.007949458283495999,74.21533691600544
3786,58.7,0.00794178817513137,74.14463240710302
3787,58.7,0.007935597777605174,74.08756689674411
3788,58.7,0.007934805607855084,74.08026428459078
3789,58.7,0.007937049663302151,74.10095104876639
3790,58.7,0.007939607936104615,74.12453423729362
3791,58.7,0.007942174052818376,74.14818954170562
3792,58.7,0.007944735552228991,74.17180209008534
3793,58.7,0.007946743199693448,74.19030895712318
3794,58.7,0.007948987696187964,74.21099900281946
3795,58.7,0.007951267819619266,74.23201731103794
3796,58.7,0.007953545417920344,74.25301219054899
3797,58.7,0.00795589111170976,74.27463461492133
3798,58.7,0.007958163572976948,74.2955818339776
3799,58.7,0.007962102389426792,74.33188891591361
3800,58.7,0.007965364196626424,74.36195514240745
3801,58.7,0.007968904450027783,74.39458763865653
3802,58.7,0.007971911455088864,74.42230459853057
3803,58.7,0.007976829102093214,74.46763226083665
3804,58.7,0.007982160079355202,74.51676893239843
3805,58.7,0.007989036206173512,74.5801463247807
3806,58.7,0.007994123810641237,74.62703798187634
3807,58.7,0.0079937906729296,74.62396752670705
3808,58.7,0.00799641721953932,74.64817572641728
3809,58.7,0.008003455538673765,74.71304509538267
3810,58.7,0.008009973915722708,74.77312107348783
3811,58.7,0.008017888690999501,74.84606514663805
3812,58.7,0.008025485295538749,74.91607517394611
3813,58.7,0.00803410286649247,74.99549234601848
3814,58.7,0.008042015076702828,75.0684071935888
3815,58.7,0.00804852494823572,75.12839743798824
3816,58.7,0.008054675406720946,75.18507445398556
3817,58.7,0.008055174762295026,75.18967601095792
3818,58.7,0.008054045036650498,75.1792655892308
3819,58.7,0.008053817284607665,75.17716684965147
3820,58.7,0.008052463740178008,75.16469387965375
3821,58.7,0.008052237734193984,75.16261121959171
3822,58.7,0.008051534444825228,75.15613035207284
3823,58.7,0.008052477207868732,75.16481798526561
3824,58.7,0.008061616187888275,75.24903303396653
3825,58.7,0.008072357048727566,75.3480061769674
3826,58.7,0.008082316974760256,75.4397802730111
3827,58.7,0.008091891176441152,75.52799744038603
3828,58.7,0.008104829399146677,75.64720660407089
3829,58.7,0.008118094548567876,75.76942289603228
3830,58.7,0.008126172044725894,75.8438410693642
3831,58.7,0.008135769326759046,75.93225858750189
3832,58.7,0.0081435477517929,76.00391742469661
3833,58.7,0.008148422575933704,76.04882590076579
3834,58.7,0.008156831027716523,76.12628567865501
3835,58.7,0.008165333909753124,76.20461325835507
3836,58.7,0.008171988515487933,76.26591325292098
3837,58.7,0.008179765853476134,76.337553839342
3838,58.7,0.0081859781450878,76.39477680355988
3839,58.7,0.008191831221025245,76.4486899104912
3840,58.7,0.008192859444168766,76.4581608450074
3841,58.7,0.00819243689519109,76.45426876197455
3842,58.7,0.008193942052944282,76.46813269064981
3843,58.7,0.008196257560951305,76.48946058345541
3844,58.7,0.008198677455373341,76.5117498006939
3845,58.7,0.00820211993311716,76.54345755609748
3846,58.7,0.008205005132424906,76.57003209981748
3847,58.7,0.008205732115683083,76.57672804542635
3848,58.7,0.00820444990726687,76.56491813745065
3849,58.7,0.008201959368626862,76.54197864658862
3850,58.7,0.008199266396356458,76.51717440546771
3851,58.7,0.008198978528235536,76.51452291731924
3852,58.7,0.00819815863422928,76.5069710458049
3853,58.7,0.008198763284559015,76.5125403549182
3854,58.7,0.008198981071598332,76.51454634366928
3855,58.7,0.008197704944177693,76.50279219356848
3856,58.7,0.008197927159693277,76.50483897890602
3857,58.7,0.00819551598588353,76.48263003309678
3858,58.7,0.008194772879084797,76.47578535803903
3859,58.7,0.008195180409284322,76.47953907591942
3860,58.7,0.008198534568683313,76.51043370155452
3861,58.7,0.008200716291937294,76.53052902888032
3862,58.7,0.008201832419357988,76.54080935588061
3863,58.7,0.008203599834701895,76.55708843316175
3864,58.7,0.008205656495287194,76.5760315375925
3865,58.7,0.008207961399603803,76.59726097198744
3866,58.7,0.008211290891719914,76.6279271484271
3867,58.7,0.008214419070781156,76.65673884241197
3868,58.7,0.008217995981044059,76.68968316731738
3869,58.7,0.008221120914702862,76.7184643575994
3870,58.7,0.008223839946937114,76.74350689191641
3871,58.7,0.0082240618287566,76.74555043412876
3872,58.7,0.008224337286172943,76.74808740815867
3873,58.7,0.008224643249545575,76.75090534068924
3874,58.7,0.008226529113449198,76.76827414765734
3875,58.7,0.008228943722020631,76.79051254137087
3876,58.7,0.008228603326619125,76.78737753136122
3877,58.7,0.008228277832699266,76.7843797594448
3878,58.7,0.008222301960109401,76.72934191981979
3879,58.7,0.008214498784464893,76.65747303138446
3880,58.7,0.008205354340511081,76.57324851467533
3881,58.7,0.008201268086368396,76.5356114524134
3882,58.7,0.008199152444216186,76.51612481836837
3883,58.7,0.00819777708154545,76.50345663745934
3884,58.7,0.0081984995197329,76.51011087297974
3885,58.7,0.008199694000078441,76.5211129621587
3886,58.7,0.008199849511135168,76.52254533637512
3887,58.7,0.00820130158456358,76.53591999459466
3888,58.7,0.008203066450498477,76.55217561756703
3889,58.7,0.008205226871646225,76.57207445077819
3890,58.7,0.008207807622145482,76.59584460199105
3891,58.7,0.008210743783393095,76.62288804762237
3892,58.7,0.008213999706349957,76.65287635644657
3893,58.7,0.008215501155279917,76.6667051769901
3894,58.7,0.008216974745613727,76.68027734695757
3895,58.7,0.00821784765533313,76.68831705425691
3896,58.7,0.008217461695332412,76.68476227308282
3897,58.7,0.008217806598674769,76.6879389131126
3898,58.7,0.008218011046299352,76.68982192166112
3899,58.7,0.008216005381002381,76.67134924093199
3900,58.7,0.008213204993885946,76.64555677609042
3901,58.7,0.008211838051217368,76.63296671178396
3902,58.7,0.008205066094023118,76.5705935927717
3903,58.7,0.008201963644203348,76.54201802760167
3904,58.7,0.00819842888018193,76.50946022669444
3905,58.7,0.008191012728212613,76.44115077407179
3906,58.7,0.008188077675903446,76.41411584936026
3907,58.7,0.008185809314185341,76.39322167501193
3908,58.7,0.008185844739545015,76.39354798375643
3909,58.7,0.008185187631852026,76.38749525204621
3910,58.7,0.008185674652229111,76.39198128151602
3911,58.7,0.008185489798573642,76.39027856313423
3912,58.7,0.008187546364474389,76.40922188428361
3913,58.7,0.008190002278504034,76.43184349587573
3914,58.7,0.008192830654989899,76.45789566910946
3915,58.7,0.008196559092353933,76.49223794492625
3916,58.7,0.008199711068788779,76.52127017789937
3917,58.7,0.00820286257952933,76.55029783108229
3918,58.7,0.008205676942791187,76.5762198710149
3919,58.7,0.008207411907768766,76.5921998645557
3920,58.7,0.008207407581140271,76.59216001400748
3921,58.7,0.008209208772458008,76.60874989615056
3922,58.7,0.008211203017940214,76.62711779406418
3923,58.7,0.008212844296816155,76.64223462355488
3924,58.7,0.008212361258079502,76.63778565336146
3925,58.7,0.008211110884485454,76.62626920606516
3926,58.7,0.008209867329050657,76.61481551144797
3927,58.7,0.0082139974716312,76.65285577392939
3928,58.7,0.008217930497893157,76.68908005289194
3929,58.7,0.008220249296375331,76.71043662774179
3930,58.7,0.008224341443468187,76.74812569700029
3931,58.7,0.008229215723072612,76.79301764334392
3932,58.7,0.008234239349334678,76.83928434053306
3933,58.7,0.008235388772200161,76.84987021534752
3934,58.7,0.008236860864215174,76.86342772966924
3935,58.7,0.00823772286987714,76.87136650707093
3936,58.7,0.0082392089088925,76.88505236728882
3937,58.7,0.008241674800885588,76.90776216235244
3938,58.7,0.00824420992835215,76.93110940079956
3939,58.7,0.00824699562949868,76.95676407916848
3940,58.7,0.008249784716454898,76.98244971164388
3941,58.7,0.008254027198146543,77.02151970528787
3942,58.7,0.008258128705168162,77.05929093053572
3943,58.7,0.00826018924641605,77.07826649395541
3944,58.7,0.008261680619184792,77.09200049665242
3945,58.7,0.008262696362853147,77.10135440942037
3946,58.7,0.00826433491582882,77.11644366621255
3947,58.7,0.008265696118465499,77.12897877412136
3948,58.7,0.008266924440593166,77.14029015916847
3949,58.7,0.008267419225113495,77.14484652333094
3950,58.7,0.008267610146101074,77.14660467170344
3951,58.7,0.008264097519497759,77.11425751398563
3952,58.7,0.008262155295940732,77.09637176562354
3953,58.7,0.008262214299831766,77.09691512835703
3954,58.7,0.008262427421674653,77.09887775175501
3955,58.7,0.00826162668780013,77.09150384544053
3956,58.7,0.008261646904979407,77.09169002436379
3957,58.7,0.008262356074710518,77.09822072295032
3958,58.7,0.008264104290947179,77.11431987141376
3959,58.7,0.008265879599148826,77.13066841566732
3960,58.7,0.008267354950622146,77.1442546337773
3961,58.7,0.008268838605753998,77.15791725447659
3962,58.7,0.008270446136386216,77.17272054204038
3963,58.7,0.008272110005592071,77.18804255580065
3964,58.7,0.00827384258155607,77.20399718108015
3965,58.7,0.008275492763216834,77.21919298736503
3966,58.7,0.008277098979075153,77.23398385524264
3967,58.7,0.008278507743672024,77.24695642753537
3968,58.7,0.008280092244209123,77.26154719038138
3969,58.7,0.008283102630220451,77.28926791820483
3970,58.7,0.00828760957534178,77.3307690108673
3971,58.7,0.008288853229063167,77.3422207849619
3972,58.7,0.00828919839652606,77.3453991374059
3973,58.7,0.008287161701442025,77.32664490107643
3974,58.7,0.008288135776977625,77.33561437016479
3975,58.7,0.008287142872996714,77.32647152496945
3976,58.7,0.00828844109580037,77.33842579708528
3977,58.7,0.008290432603098401,77.35676386342132
3978,58.7,0.00829717161549443,77.4188167339099
3979,58.7,0.008306706821814584,77.50661470929391
3980,58.7,0.008311735297476145,77.55291468076624
3981,58.7,0.0083159151259748,77.59140012363181
3982,58.7,0.008316288399389258,77.59483698447211
3983,58.7,0.008316241418301902,77.59440441314632
3984,58.7,0.00831561755397484,77.5886602696728
3985,58.7,0.008314740829204347,77.58058792983805
3986,58.7,0.008315318052936758,77.58590265174365
3987,58.7,0.008315989678019893,77.59208655110255
3988,58.7,0.008317679456241388,77.60764490288572
3989,58.7,0.0083192606922622,77.62220379485856
3990,58.7,0.008320769563259568,77.63609633326455
3991,58.7,0.00832163785518427,77.64409087583026
3992,58.7,0.008323976183765075,77.66562023909067
3993,58.7,0.008331882221325118,77.73841120157327
3994,58.7,0.008337358656688734,77.78883172311069
3995,58.7,0.008343057825098327,77.84130197600065
3996,58.7,0.008347888172131135,77.88577255101764
3997,58.7,0.008355166883275783,77.95278269526227
3998,58.7,0.008363563451671283,78.03008226868482
3999,58.7,0.008373637182507892,78.12281923473745
4000,58.7,0.008383810228939045,78.21646747423762
4001,58.7,0.008394837172737629,78.31797287381691
4002,58.7,0.008405641972371508,78.41742994363133
4003,58.7,0.008417327185469777,78.52498729131356
4004,58.7,0.008421423841704863,78.56269430134377
4005,58.7,0.008420909942610286,78.55796422709128
4006,58.7,0.008419707619670454,78.54689767273369
4007,58.7,0.008418851048589117,78.53901350028723
4008,58.7,0.008417995502233449,78.53113873837694
4009,58.7,0.008417605814447117,78.52755190222437
4010,58.7,0.008416145949144437,78.51411470148813
4011,58.7,0.008415837139124086,78.51127227906186
4012,58.7,0.008416467560036662,78.51707494577461
4013,58.7,0.00841597521568151,78.51254319640198
4014,58.7,0.00841562620476204,78.50933074538099
4015,58.7,0.008414168488425505,78.49591324038536
4016,58.7,0.008413388015842524,78.48872937909414
4017,58.7,0.008413120909500716,78.48627079420557
4018,58.7,0.00841195614487102,78.47554967391012
4019,58.7,0.00841241800880315,78.47980092276488
4020,58.7,0.00841798750324519,78.53106511265938
4021,58.7,0.008429347068342937,78.6356209694448
4022,58.7,0.008440763871029391,78.74069985646275
4023,58.7,0.008451483563842736,78.83935916298746
4024,58.7,0.008462589743397394,78.94157198344402
4025,58.7,0.008475419201591734,79.05964006546007
4026,58.7,0.008488165401957707,79.1769371761602
4027,58.7,0.008493192049464965,79.22319367537538
4028,58.7,0.008493505216658474,79.22607549577819
4029,58.7,0.008492707979754098,79.21873917387533
4030,58.7,0.008491108684742222,79.20402210851896
4031,58.7,0.00849082612036946,79.20142188109148
4032,58.7,0.008492455738772199,79.21641800169843
4033,58.7,0.008495050198425409,79.24029265181304
4034,58.7,0.008497565194402085,79.26343587636597
4035,58.7,0.008501079676724851,79.29577615700634
4036,58.7,0.00850450185167986,79.32726667838776
4037,58.7,0.008507236753284913,79.35243273141236
4038,58.7,0.0085088663815167,79.36742816177855
4039,58.7,0.00851102916625703,79.38732944493559
4040,58.7,0.008512528762396948,79.4011281894336
4041,58.7,0.00851144514814057,79.39115716724014
4042,58.7,0.008517390967108454,79.44586799751755
4043,58.7,0.008517828378880259,79.44989282892305
4044,58.7,0.008520714634227955,79.4764504816339
4045,58.7,0.008522144250437963,79.48960489326285
4046,58.7,0.008523223511928989,79.49953552591325
4047,58.7,0.008521124605832646,79.48022278354854
4048,58.7,0.008518028231626352,79.45173176616194
4049,58.7,0.008515453411649984,79.42803957144761
4050,58.7,0.008514466243319143,79.41895609506322
4051,58.7,0.008514780899129569,79.42185141856858
4052,58.7,0.008516870960357721,79.44108316360438
4053,58.7,0.008518363624014626,79.4548178635055
4054,58.7,0.008520272326810996,79.47238064032706
4055,58.7,0.008522765531400389,79.49532150368915
4056,58.7,0.00852809322866204,79.54434293550148
4057,58.7,0.008533096178176842,79.59037553043014
4058,58.7,0.008539314918569222,79.64759370972855
4059,58.7,0.008547159648766659,79.71977089330129
4060,58.7,0.008554219765469464,79.78472753045104
4061,58.7,0.008560625152674287,79.84365906714628
4062,58.7,0.008565132365961625,79.88512610099711
4063,58.7,0.008566858160757342,79.90100351331378
4064,58.7,0.008570651711067445,79.93590409090058
4065,58.7,0.00857101372518788,79.93923459072114
4066,58.7,0.008569585120635327,79.92609152533771
4067,58.7,0.00856404259705631,79.87510011902725
4068,58.7,0.008557812852738898,79.81778518832108
4069,58.7,0.008553156354681162,79.77494370751405
4070,58.7,0.00854528199502615,79.70249528627824
4071,58.7,0.008533264764441356,79.59192669530724
4072,58.7,0.00852129620011503,79.48180168519801
4073,58.7,0.008506258638652946,79.34343232859901
4074,58.7,0.008492700630127619,79.2186715411626
4075,58.7,0.008483500177804951,79.13400592733163
4076,58.7,0.008483238998786075,79.13160243530173
4077,58.7,0.008485496103239582,79.15237330507823
4078,58.7,0.008482784908215876,79.12742367580837
4079,58.7,0.008480648130961893,79.10775994456785
4080,58.7,0.008478966714703112,79.09228658738866
4081,58.7,0.008476486800463034,79.06946484297963
4082,58.7,0.00847803237055121,79.08368818071676
4083,58.7,0.008481078793731871,79.11172313720593
4084,58.7,0.00848466250353573,79.14470217059822
4085,58.7,0.008487921539694658,79.17469307432745
4086,58.7,0.008487152367844097,79.1676148871918
4087,58.7,0.008484993234732093,79.14774570035962
4088,58.7,0.008483705228892,79.13589290236924
4089,58.7,0.008484994988817683,79.14776184219609
4090,58.7,0.008483366103709311,79.1327721147662
4091,58.7,0.008486578984123127,79.16233839934644
4092,58.7,0.008488328103637328,79.1784344102849
4093,58.7,0.00848110577913886,79.11197147139251
4094,58.7,0.008473075348994177,79.0380702085206
4095,58.7,0.0084707775221932,79.01692375914362
4096,58.7,0.008459106420264418,78.90951451714915
4097,58.7,0.008450985744116903,78.83477752493239
4098,58.7,0.008444034770116727,78.77080411918986
4099,58.7,0.008447321218326753,78.80105117621537
4100,58.7,0.008457008985550438,78.89021138754451
4101,58.7,0.008461741828244102,78.93376854495273
4102,58.7,0.008464603644741735,78.96010601230934
4103,58.7,0.008466129695367244,78.97415024918323
4104,58.7,0.008466653353018494,78.97896945246532
4105,58.7,0.008467871157174832,78.99017683110475
4106,58.7,0.008467748300418212,78.98904618970303
4107,58.7,0.008466695156622175,78.97935416924142
4108,58.7,0.008466304182059275,78.9757560450742
4109,58.7,0.008464876583404366,78.96261787055671
4110,58.7,0.00846416257553401,78.95604684175714
4111,58.7,0.008462813774903134,78.94363376179024
4112,58.7,0.008467262612581464,78.98457643710871
4113,58.7,0.008471315788765846,79.02187733466745
4114,58.7,0.008475358411288287,79.05908063036532
4115,58.7,0.008481648344154555,79.11696444111767
4116,58.7,0.00848806732565481,79.17603464553726
4117,58.7,0.008494709131272272,79.23715410624675
4118,58.7,0.008501383933768663,79.29857591460323
4119,58.7,0.008507910861168406,79.3586357125277
4120,58.7,0.008513935298609086,79.41407057027716
4121,58.7,0.008519926089467743,79.4691947728739
4122,58.7,0.008528386754243129,79.54704371132657
4123,58.7,0.008536012490114292,79.61720844559215
4124,58.7,0.008540527763855542,79.65875287970341
4125,58.7,0.008540143387041775,79.6552163028528
4126,58.7,0.008539710775945368,79.65123592652256
4127,58.7,0.008540423363955498,79.65779231680648
4128,58.7,0.008541633184860365,79.66892362090877
4129,58.7,0.008542749679961815,79.6791962162963
4130,58.7,0.008543801311077428,79.6888719809139
4131,58.7,0.008545269883988127,79.702383856702
4132,58.7,0.008546737981692054,79.71589129734802
4133,58.7,0.008548226181547706,79.72958362648347
4134,58.7,0.008549272674442178,79.73921194857337
4135,58.7,0.008549878572913002,79.74478654002314
4136,58.7,0.00855029220611713,79.74859218157117
4137,58.7,0.00855160626968879,79.76068221972997
4138,58.7,0.00855522173858138,79.79394607093371
4139,58.7,0.008555506746587538,79.79656824956149
4140,58.7,0.008555566322046628,79.79711636542775
4141,58.7,0.008553523732544139,79.77832374086506
4142,58.7,0.00855133982026567,79.75823075664262
4143,58.7,0.008550823996825708,79.75348492654558
4144,58.7,0.008551644371471784,79.76103277432438
4145,58.7,0.008554143885477873,79.7840294039626
4146,58.7,0.008558430751024427,79.82347003039906
4147,58.7,0.0085624322127348,79.86028436016565
4148,58.7,0.008565468814401319,79.88822145299646
4149,58.7,0.008568319860959728,79.91445117205545
4150,58.7,0.008569790502932427,79.92798103226349
4151,58.7,0.008572263379540085,79.95073127751428
4152,58.7,0.008572975468475038,79.95728239940512
4153,58.7,0.008573686265371173,79.96382161995653
4154,58.7,0.008574407206806906,79.97045415362885
4155,58.7,0.008575126840141537,79.97707463787631
4156,58.7,0.00857605572237343,79.98562014822113
4157,58.7,0.00857698291711631,79.99415010893178
4158,58.7,0.008576615810839518,79.99077282561548
4159,58.7,0.008576132561182497,79.9863270470807
4160,58.7,0.00857556253474513,79.98108293465134
4161,58.7,0.008574229064259769,79.96881527511994
4162,58.7,0.008571301189747412,79.94187923805312
4163,58.7,0.008568590592909627,79.91694190227724
4164,58.7,0.008565698769887099,79.89033705957766
4165,58.7,0.00856217751729984,79.8579411199469
4166,58.7,0.008559943837350358,79.83739081306315
4167,58.7,0.008552865628253612,79.77226889733666
4168,58.7,0.008545997456314298,79.70907799669548
4169,58.7,0.008544191079914219,79.6924581270846
4170,58.7,0.008552239260687268,79.76650603362889
4171,58.7,0.008556508225984949,79.80578221007157
4172,58.7,0.00855905211657468,79.82918676107418
4173,58.7,0.008561294580000321,79.84981793578307
4174,58.7,0.00856440874413973,79.87846871236101
4175,58.7,0.008567083677666263,79.90307827554791
4176,58.7,0.008570462000273747,79.93415876583842
4177,58.7,0.0085731097038555,79.95851734509226
4178,58.7,0.008575745497017354,79.98276614660779
4179,58.7,0.008576994257711735,79.99425443942992
4180,58.7,0.008577882668267216,80.00242757144716
4181,58.7,0.008578769464858088,80.01058583246599
4182,58.7,0.008579869680515252,80.0207074525922
4183,58.7,0.00858033364099554,80.02497572495753
4184,58.7,0.008580697391328471,80.0283220950079
4185,58.7,0.008579724827097915,80.01937485108519
4186,58.7,0.008578413500749246,80.00731107284437
4187,58.7,0.008575435640434552,79.97991553482
4188,58.7,0.00857060487186469,79.93547317384866
4189,58.7,0.008571974255162223,79.94807136811858
4190,58.7,0.008571553099159347,79.94419677933662
4191,58.7,0.00856878334067126,79.91871517773427
4192,58.7,0.008570042869383676,79.93030278938672
4193,58.7,0.00857008805536693,79.93071849768889
4194,58.7,0.008567436758888316,79.906326630256
4195,58.7,0.008571792689045557,79.94640098050284
4196,58.7,0.008574418931635677,79.97056201985404
4197,58.7,0.008578390261170854,80.00709727578781
4198,58.7,0.008583478529602435,80.05390742253692
4199,58.7,0.00858363159707137,80.05531557370247
4200,58.7,0.008583988667036569,80.05860045248421
4201,58.7,0.008584326959779698,80.06171258606226
4202,58.7,0.008584089747168323,80.05953034234096
4203,58.7,0.008584427901705445,80.06264120349225
4204,58.7,0.008584395110331657,80.06233953857218
4205,58.7,0.00858451356443847,80.06342925942498
4206,58.7,0.0085852148604479,80.06988083727623
4207,58.7,0.008586447997570289,80.08122505659567
4208,58.7,0.008588949579866025,80.1042381746053
4209,58.7,0.008593198913337286,80.14332917944687
4210,58.7,0.0085977966379105,80.18562455424042
4211,58.7,0.008602265577323347,80.22673461782195
4212,58.7,0.008607977591647432,80.2792789597581
4213,58.7,0.008612255971107454,80.31863479095463
4214,58.7,0.008615525602108768,80.34871101645913
4215,58.7,0.008619455996830708,80.38486497026858
4216,58.7,0.00862159976554407,80.4045843557049
4217,58.7,0.008625240599021665,80.43807413451721
4218,58.7,0.008629060322280419,80.4732089942569
4219,58.7,0.008636854254228388,80.54489839264403
4220,58.7,0.00864770537493336,80.64470518073146
4221,58.7,0.008654792707180892,80.70989141953872
4222,58.7,0.008659629640908046,80.75437861781069
4223,58.7,0.008663644017768488,80.79129991603625
4224,58.7,0.008665170601503144,80.80534019178668
4225,58.7,0.008666494441484306,80.81751574033188
4226,58.7,0.00866807479798316,80.832050441602
4227,58.7,0.008670678883730366,80.85600032714633
4228,58.7,0.008672885846177134,80.87629769823323
4229,58.7,0.008675618952401617,80.90143380182579
4230,58.7,0.008677491011496468,80.91865081567117
4231,58.7,0.008675252414415876,80.89806280141528
4232,58.7,0.008674578979351437,80.89186929975715
4233,58.7,0.008669151690885864,80.84195469465952
4234,58.7,0.008663344887703813,80.78854875299342
4235,58.7,0.008655871987816631,80.71981805084084
4236,58.7,0.008649679470142937,80.6628622080459
4237,58.7,0.008646251134556094,80.63132952099731
4238,58.7,0.008637403825415635,80.54995333881885
4239,58.7,0.00863197104953252,80.49998237422709
4240,58.7,0.008624398419614576,80.43032748061016
4241,58.7,0.008620811570302306,80.39733418349128
4242,58.7,0.0086194318275412,80.384642649096
4243,58.7,0.008618113961794148,80.37252023723569
4244,58.7,0.008615110142307977,80.3448893601034
4245,58.7,0.008611282890814632,80.30968369548546
4246,58.7,0.008607973647740023,80.2792426804122
4247,58.7,0.008605076610874838,80.25259319927619
4248,58.7,0.00860118774785725,80.21681964796258
4249,58.7,0.008598509808086779,80.19218509203594
4250,58.7,0.00859583672048392,80.16759496285964
4251,58.7,0.008593174572520849,80.14310526183628
4252,58.7,0.008590526052555836,80.11874072264041
4253,58.7,0.008588717944173232,80.10210726715844
4254,58.7,0.00858610113827314,80.07803413618824
4255,58.7,0.008585058234498226,80.06843995693275
4256,58.7,0.008583843218877747,80.05726239704138
4257,58.7,0.00858214915417218,80.04167774384811
4258,58.7,0.008585208991780469,80.06982684848613
4259,58.7,0.008586547186447637,80.08213754068251
4260,58.7,0.008582799467048803,80.0476603473419
4261,58.7,0.008579464998645104,80.01698451735074
4262,58.7,0.008578323495754181,80.0064830541629
4263,58.7,0.008576224878494748,79.98717634427875
4264,58.7,0.008582353174803159,80.04355464871577
4265,58.7,0.00858464617344078,80.06464919802767
4266,58.7,0.008581090863495828,80.03194189071948
4267,58.7,0.008577454815899277,79.9984914505724
4268,58.7,0.008576167380236975,79.98664737408528
4269,58.7,0.008578436194155468,80.0075198452678
4270,58.7,0.008575694321530087,79.98229534367671
4271,58.7,0.008573206733683725,79.95941000486295
4272,58.7,0.008570733089104532,79.93665276241157
4273,58.7,0.008568275766428228,79.91404550276853
4274,58.7,0.008566156032598539,79.8945439039762
4275,58.7,0.008564489060393188,79.87920763018029
4276,58.7,0.008563603380066502,79.87105926937748
4277,58.7,0.008562722663905979,79.86295655677387
4278,58.7,0.008561845878063823,79.85488998116722
4279,58.7,0.008562112531220589,79.85734323694285
4280,58.7,0.008560891749880721,79.84611181766682
4281,58.7,0.008565952411527973,79.89267057865554
4282,58.7,0.008569855230746834,79.92857652468392
4283,58.7,0.008572858972788719,79.95621065585951
4284,58.7,0.008574346179478765,79.96989271359347
4285,58.7,0.008577727825195338,80.00100305956104
4286,58.7,0.008580723384289128,80.02856122059329
4287,58.7,0.008579677151044659,80.01893624769573
4288,58.7,0.008582047913016323,80.04074636691179
4289,58.7,0.008586957724227963,80.08591426342375
4290,58.7,0.008592239907763179,80.13450702035577
4291,58.7,0.00859661429198868,80.17474797991946
4292,58.7,0.008598007351082113,80.18756293146642
4293,58.7,0.008599401319375992,80.20038619019996
4294,58.7,0.008600636460531668,80.21174833426109
4295,58.7,0.008600849932902653,80.21371207601538
4296,58.7,0.008601884528315942,80.2232293460074
4297,58.7,0.008603261869817563,80.23589949767418
4298,58.7,0.008604401810890176,80.24638576313838
4299,58.7,0.00860569954830401,80.25832354373225
4300,58.7,0.00860762415716814,80.27602777317878
4301,58.7,0.008609549457829106,80.29373825824172
4302,58.7,0.008611308268454984,80.30991713770462
4303,58.7,0.00861118192911396,80.30875497524785
4304,58.7,0.008609621992384166,80.29440548809823
4305,58.7,0.008613243524899275,80.32771899587684
4306,58.7,0.008615719635430995,80.35049585330965
4307,58.7,0.008617422495148498,80.36615974854739
4308,58.7,0.008618368770637728,80.37486410493389
4309,58.7,0.008616352805957182,80.35632013437795
4310,58.7,0.008611567339975078,80.31230026720179
4311,58.7,0.008605769058930231,80.25896296492537
4312,58.7,0.008600477867385405,80.2102894280542
4313,58.7,0.008596172207670862,80.17068117067379
4314,58.7,0.008589248411949543,80.10698724565182
4315,58.7,0.008584816093143611,80.06621237625666
4316,58.7,0.00858255915461069,80.04544957595988
4317,58.7,0.008579348273309301,80.0159106831673
4318,58.7,0.008574472068335151,79.97105086747085
4319,58.7,0.00856907596558216,79.9214073188453
4320,58.7,0.008562216979925557,79.85830418276856
4321,58.7,0.008558942280157798,79.82817623723045
4322,58.7,0.008561921101610909,79.85558205119415
4323,58.7,0.008558594315415847,79.82497486801414
4324,58.7,0.008563585054489262,79.87089067171885
4325,58.7,0.008568573359503655,79.91678335524269
4326,58.7,0.008570298409600502,79.93265374308052
4327,58.7,0.008566246211933038,79.89537355854748
4328,58.7,0.008559894503418215,79.83693692927531
4329,58.7,0.008553322130124882,79.77646891293382
4330,58.7,0.008542572838399131,79.67756914322509
4331,58.7,0.008529097169443358,79.55358034481591
4332,58.7,0.00851512017296755,79.42497326302984
4333,58.7,0.008500940733200688,79.29449760497707
4334,58.7,0.008485919892573888,79.15627318469147
4335,58.7,0.008467316467883146,78.9850720641784
4336,58.7,0.008441101879632346,78.74381078922393
4337,58.7,0.00842315369068596,78.57861626946595
4338,58.7,0.008405277479859205,78.41407488309798
4339,58.7,0.008388586839193829,78.26043763942126
4340,58.7,0.008378248805032441,78.16527201857502
4341,58.7,0.008370442127843188,78.09340645339121
4342,58.7,0.008366098565171447,78.0534203497031
4343,58.7,0.00836417295308732,78.03569331406163
4344,58.7,0.008362312789695594,78.0185686911572
4345,61.4,0.008361268423559894,70.85669196258226
4346,61.4,0.008362699681749772,70.86866008602838
4347,61.4,0.008365726759943824,70.89397221315636
4348,61.4,0.008369712688519694,70.9273017810828
4349,61.4,0.008374814590327049,70.96996228739675
4350,61.4,0.008377662136948356,70.99377228083871
4351,61.4,0.008375743208725504,70.977727029552
4352,61.4,0.008378620728116485,71.00178757071508
4353,61.4,0.008381466722053473,71.02558429392943
4354,61.4,0.008383177038319352,71.03988496690728
4355,61.4,0.008384911631693992,71.05438855172666
4356,61.4,0.008387844761667965,71.07891336829925
4357,61.4,0.008386208112195004,71.0652288586061
4358,61.4,0.00838465794921324,71.05226742248315
4359,61.4,0.008381529899094747,71.02611254509904
4360,61.4,0.008374411096778112,70.9665884257596
4361,61.4,0.008364531622989321,70.8839786257215
4362,61.4,0.008357330872059436,70.82376603477276
4363,61.4,0.008352414139987921,70.78265159109016
4364,61.4,0.008360114519324979,70.84704302218327
4365,61.4,0.008369724488436881,70.92740044909443
4366,61.4,0.00837166984249578,70.9436669718033
4367,61.4,0.008374574103420032,70.96795142664786
4368,61.4,0.008375361399603863,70.97453449447502
4369,61.4,0.008375612222168342,70.97663177281703
4370,61.4,0.008376445464353548,70.98359899997538
4371,61.4,0.008377997186345564,70.99657380956903
4372,61.4,0.008379554836723542,71.00959812544218
4373,61.4,0.00838119133278847,71.02328164131156
4374,61.4,0.008382590713330137,71.03498246603942
4375,61.4,0.008383621914725135,71.04360475275556
4376,61.4,0.00838715600756683,71.07315450046889
4377,61.4,0.00839683166480789,71.154054253674
4378,61.4,0.008404833125652326,71.2209539007529
4379,61.4,0.008411539799935593,71.27702662077421
4380,61.4,0.008414838426234795,71.30460512023889
4381,61.4,0.008418178761507722,71.33253203767693
4382,61.4,0.00842171005516656,71.36205514340301
4383,61.4,0.008424167836875794,71.38260304082115
4384,61.4,0.008424580255743453,71.38605098819937
4385,61.4,0.00842246135007334,71.36833624331058
4386,61.4,0.008430337494188448,71.43418278447483
4387,61.4,0.008438414288455034,71.50170510244277
4388,61.4,0.008446155998644176,71.56642448028023
4389,61.4,0.00845425314344364,71.63411353014871
4390,61.4,0.008462633262789288,71.7041663085116
4391,61.4,0.008470712159057857,71.77169927916115
4392,61.4,0.00847980535029413,71.84770885637383
4393,61.4,0.008481178684989597,71.8591883088349
4394,61.4,0.008482977081815904,71.87422070194144
4395,61.4,0.00848509274776453,71.8919049662276
4396,61.4,0.008487206190799597,71.90957053129033
4397,61.4,0.008490683238481917,71.93863375483201
4398,61.4,0.008492877406122536,71.95697374231648
4399,61.4,0.008492252997019915,71.95175462122418
4400,61.4,0.008495680239694553,71.98040108863324
4401,61.4,0.008498127991198583,72.00086032858535
4402,61.4,0.008501566676846872,72.029601905417
4403,61.4,0.008505420263074324,72.06181097447666
4404,61.4,0.008509745525569037,72.09796194214067
4405,61.4,0.008513433014467565,72.1287819438981
4406,61.4,0.00851558112902652,72.14673570145646
4407,61.4,0.008511993763352483,72.11675273786244
4408,61.4,0.008510161362830922,72.10143752457685
4409,61.4,0.00850637725104199,72.06980961639734
4410,61.4,0.008506955730887724,72.07464462167584
4411,61.4,0.008512269541341308,72.11905768404935
4412,61.4,0.008518446046886048,72.17068024923418
4413,61.4,0.008526251131276407,72.23591285357813
4414,61.4,0.008533054663945404,72.2927734650852
4415,61.4,0.008539436210643955,72.34610620808358
4416,61.4,0.008545601237523931,72.39762839646862
4417,61.4,0.00854546485083214,72.39648860036161
4418,61.4,0.008549322137167083,72.42872410621672
4419,61.4,0.00855388423493511,72.46684924206428
4420,61.4,0.008556887477059684,72.4919468278549
4421,61.4,0.008559890467554367,72.51704207175588
4422,61.4,0.008562890288657022,72.54211059116722
4423,61.4,0.008564749955570867,72.55765109682692
4424,61.4,0.008562526542743198,72.53907089877697
4425,61.4,0.0085633992071892,72.5463634324766
4426,61.4,0.00856450667299371,72.55561808513718
4427,61.4,0.008565048148243238,72.5601429672896
4428,61.4,0.008566956365970128,72.57608908263995
4429,61.4,0.008570787979524295,72.6081078584015
4430,61.4,0.00857459313175535,72.63990512569836
4431,61.4,0.00857606341169793,72.65219122894528
4432,61.4,0.008575197620547917,72.6449564235499
4433,61.4,0.0085772537540045,72.66213804678743
4434,61.4,0.008576934017221056,72.65946624462309
4435,61.4,0.00857849203293907,72.67248539602484
4436,61.4,0.008582517327182909,72.70612141813793
4437,61.4,0.008589125103967896,72.76133615885101
4438,61.4,0.008599284534048028,72.84622634193843
4439,61.4,0.008608937735069194,72.92688404097206
4440,61.4,0.008617463207193969,72.9981169034112
4441,61.4,0.008626429833199235,73.07303365984788
4442,61.4,0.008626095021095485,73.07023632075344
4443,61.4,0.008625760336299066,73.06744004233673
4444,61.4,0.008625166160074402,73.06247571584814
4445,61.4,0.00862457196147696,73.05751119307945
4446,61.4,0.008623892097207342,73.05183092308174
4447,61.4,0.008624022648221995,73.05292167853227
4448,61.4,0.008633586619149878,73.13282755337444
4449,61.4,0.008640506693124137,73.19064246251101
4450,61.4,0.008641144164863663,73.19596826236877
4451,61.4,0.008637286468088168,73.1637387146349
4452,61.4,0.008627500913924162,73.08198246806444
4453,61.4,0.008614735129379434,72.97532320915306
4454,61.4,0.008604339372013908,72.88846254645873
4455,61.4,0.008592214875683023,72.78715396805563
4456,61.4,0.008582950497610127,72.70974103602438
4457,61.4,0.008574459753724988,72.63879057575976
4458,61.4,0.00856252711344445,72.53907566792265
4459,61.4,0.008557340476055273,72.495732442987
4460,61.4,0.008553054447601087,72.45991480769415
4461,61.4,0.008554913015945081,72.47544661764827
4462,61.4,0.0085570046392715,72.49292592777022
4463,61.4,0.008563107824905184,72.54392846084875
4464,61.4,0.008564816614107696,72.55820813432447
4465,61.4,0.008566284110251666,72.57047135565482
4466,61.4,0.008568479962176852,72.58882102002849
4467,61.4,0.008571227475110887,72.61178046658915
4468,61.4,0.008574440051621581,72.63862593857465
4469,61.4,0.008577183607895169,72.66155188822749
4470,61.4,0.008578550106132848,72.67297066825643
4471,61.4,0.008577528366577785,72.66443277737218
4472,61.4,0.00857924798532095,72.67880229147055
4473,61.4,0.00857679389732911,72.65829536619121
4474,61.4,0.008575922669351699,72.6510151458738
4475,61.4,0.008573926853039957,72.63433748066002
4476,61.4,0.008561159819062405,72.52764965439648
4477,61.4,0.008545640499500864,72.39795651232365
4478,61.4,0.00853227868791093,72.28628829742934
4479,61.4,0.008514634971632434,72.13882781404462
4480,61.4,0.008497060663020719,71.99193921243092
4481,61.4,0.008478715160835794,71.83859612733102
4482,61.4,0.008463464617593213,71.71111583517575
4483,61.4,0.008449254498175988,71.59232696289457
4484,61.4,0.008443261025235375,71.54222318201758
4485,61.4,0.008436853149731131,71.48865405616277
4486,61.4,0.008430554148944525,71.4359940493474
4487,61.4,0.008428517817450836,71.41896997649883
4488,61.4,0.00842691095982329,71.40553629956989
4489,61.4,0.008424844469509153,71.38825989340306
4490,61.4,0.008421359088046816,71.35912092492474
4491,61.4,0.008418276744010121,71.33335121722207
4492,61.4,0.008415217348575157,71.30777312038398
4493,61.4,0.008412175685431851,71.2823430283651
4494,61.4,0.008409151651803632,71.25706008616909
4495,61.4,0.008406874373934503,71.23802036107693
4496,61.4,0.008409413591069862,71.25925008309379
4497,61.4,0.008412359974761268,71.28388380248371
4498,61.4,0.00841529333926068,71.30840844404632
4499,61.4,0.00842103322424671,71.35639657681199
4500,61.4,0.00842515429563697,71.39085012908194
4501,61.4,0.008427457484339573,71.4101053702885
4502,61.4,0.008423485201111856,71.37689598795363
4503,61.4,0.008418069790923252,71.33162099232761
4504,61.4,0.008412678315192173,71.28654532557513
4505,61.4,0.008409323365450758,71.25849573351731
4506,61.4,0.008410721952729374,71.27018888167129
4507,61.4,0.008413934705239148,71.29704949797565
4508,61.4,0.00841411547953502,71.29856087578759
4509,61.4,0.00841715034151834,71.32393395022379
4510,61.4,0.00842017127750328,71.34919035320621
4511,61.4,0.008424262662165491,71.38339580953124
4512,61.4,0.008426917006712812,71.40558685300111
4513,61.4,0.00842472215564698,71.38723731357986
4514,61.4,0.00842252023198399,71.36882851696355
4515,61.4,0.008420917235375372,71.35542686405432
4516,61.4,0.00842301979873793,71.37300506847609
4517,61.4,0.008424932564631877,71.3889963942653
4518,61.4,0.008424074604880713,71.38182359231365
4519,61.4,0.008427903443654608,71.41383368691329
4520,61.4,0.008433179620163076,71.45794326679332
4521,61.4,0.00843909476762031,71.50739385601881
4522,61.4,0.008444989519794437,71.55667301760086
4523,61.4,0.00845332734335406,71.62637428167336
4524,61.4,0.008460054027016673,71.68260564071436
4525,61.4,0.008468094429989309,71.74981739294365
4526,61.4,0.008474358284779975,71.80217734368235
4527,61.4,0.008480754502323277,71.85564264918055
4528,61.4,0.008487123631588727,71.90888044862015
4529,61.4,0.008495035162883097,71.97500926434172
4530,61.4,0.008499249803690044,72.01023681184176
4531,61.4,0.008510924028865573,72.10781190215847
4532,61.4,0.008523853869996316,72.21587741931091
4533,61.4,0.008535443312879963,72.31273633812403
4534,61.4,0.00854776799817571,72.41573614805144
4535,61.4,0.008558692861031305,72.50703400087134
4536,61.4,0.00856346374844856,72.54690277908507
4537,61.4,0.008563431937401063,72.54663694634709
4538,61.4,0.008563634718495574,72.54833150981452
4539,61.4,0.008564110113886386,72.5523042016342
4540,61.4,0.008563897980087793,72.55053148386963
4541,61.4,0.008564489457073367,72.5554742187651
4542,61.4,0.008567073351457392,72.57706667448186
4543,61.4,0.008574432571939827,72.63856343591809
4544,61.4,0.008579837347224928,72.6837271117012
4545,61.4,0.008581982373434376,72.70165128119407
4546,61.4,0.00858247110912813,72.70573521489221
4547,61.4,0.00858119544727501,72.69507561912724
4548,61.4,0.00857890991294858,72.67597729023345
4549,61.4,0.008581766748932207,72.69984949514591
4550,61.4,0.00858697251307646,72.74334918501691
4551,61.4,0.008590942753575085,72.77652427945145
4552,61.4,0.008599113799115527,72.84479973729975
4553,61.4,0.00860276644401491,72.87531986171675
4554,61.4,0.008610290442679015,72.93818644508228
4555,61.4,0.008615374464217729,72.98066501099892
4556,61.4,0.008624685202753278,73.0584573234235
4557,61.4,0.008628398196177238,73.08947917820706
4558,61.4,0.008628193518456458,73.0877691166799
4559,61.4,0.008631857128623714,73.11837803888186
4560,61.4,0.008634274339275888,73.13857328235346
4561,61.4,0.008635075998408655,73.14527092730661
4562,61.4,0.008634651653412368,73.14172564190288
4563,61.4,0.008634254933958446,73.1384111559704
4564,61.4,0.00863386051389511,73.1351158767027
4565,61.4,0.008634072288015694,73.13688519610602
4566,61.4,0.008635091493821493,73.14540038711674
4567,61.4,0.00863729518490978,73.16381154071465
4568,61.4,0.008641266081193701,73.1969868191941
4569,61.4,0.008645473811830638,73.23214029971304
4570,61.4,0.008640829432291592,73.1933388096013
4571,61.4,0.008637837218908343,73.16834004645786
4572,61.4,0.008632344666930554,73.12245132266032
4573,61.4,0.008625717627378158,73.06708321075521
4574,61.4,0.00862125804565834,73.02982329113563
4575,61.4,0.008616453869500456,72.98968368645639
4576,61.4,0.008610980913720555,72.94395558350814
4577,61.4,0.00860662895146138,72.90759313384876
4578,61.4,0.008603085006736764,72.87798163501813
4579,61.4,0.008600943203886683,72.86008559842429
4580,61.4,0.008600556286173634,72.85685265785732
4581,61.4,0.008605127804159576,72.89505030911047
4582,61.4,0.008607422694214054,72.91422522117834
4583,61.4,0.008611409102001592,72.94753324706612
4584,61.4,0.008615596008917389,72.9825160696289
4585,61.4,0.00861975580752647,73.0172719343556
4586,61.4,0.00862041135471372,73.02274910705341
4587,61.4,0.008624123729292431,73.05376621189967
4588,61.4,0.008629617271308688,73.09966440386863
4589,61.4,0.008632730681709819,73.12567639346679
4590,61.4,0.008636501378843805,73.15717955277013
4591,61.4,0.008640784141177232,73.19296042196508
4592,61.4,0.008646835505664164,73.243516468723
4593,61.4,0.008646053378112232,73.2369822487527
4594,61.4,0.008641722276587271,73.2007981257325
4595,61.4,0.008636446051087678,73.15671730698811
4596,61.4,0.008628145080855828,73.08736442529366
4597,61.4,0.008617625142454274,72.99946990216958
4598,61.4,0.00860494181994404,72.8934963152696
4599,61.4,0.008591722554555965,72.78304020117022
4600,61.4,0.008579408244746107,72.68014145063736
4601,61.4,0.008566899978023058,72.575617875369
4602,61.4,0.008569474809256343,72.59713443015553
4603,61.4,0.008571516304616613,72.61419404345914
4604,61.4,0.008578271435837906,72.67064203787781
4605,61.4,0.008584458711908691,72.7223437953543
4606,61.4,0.008588315037580103,72.75456728699736
4607,61.4,0.008592838141871745,72.79236188445553
4608,61.4,0.00859719585639134,72.82877398902143
4609,61.4,0.008599765586125855,72.85024584987531
4610,61.4,0.008602186903107276,72.87047745987138
4611,61.4,0.00860323641527711,72.87924673881798
4612,61.4,0.008603675398422179,72.88291468729462
4613,61.4,0.008604070058311604,72.88621228594417
4614,61.4,0.008607298949408737,72.91319127727063
4615,61.4,0.008611408429908686,72.94752763149752
4616,61.4,0.008615804182182258,72.98425540555729
4617,61.4,0.008618029825016981,73.00285109606051
4618,61.4,0.008620300915557697,73.02182637590761
4619,61.4,0.008624786052242895,73.05929992016044
4620,61.4,0.00863136199564754,73.11424129673321
4621,61.4,0.008624645820027494,73.0581282809688
4622,61.4,0.008619134220565868,73.01207849276723
4623,61.4,0.008623833578114286,73.05134199514029
4624,61.4,0.008628510838345605,73.09042029158661
4625,61.4,0.008635284560285058,73.14701340251078
4626,61.4,0.00864174260124649,73.20096792895525
4627,61.4,0.008651143534293025,73.279507247218
4628,61.4,0.00865711060598716,73.32935743968254
4629,61.4,0.008660790947663356,73.36010333038418
4630,61.4,0.008664456175553652,73.39072260255067
4631,61.4,0.00866441143812389,73.39034886871627
4632,61.4,0.008664425965532505,73.39047022983188
4633,61.4,0.008664509634740402,73.39116919735602
4634,61.4,0.008664933905903704,73.3947135302494
4635,61.4,0.00866535631080642,73.39824226778899
4636,61.4,0.008666167050711542,73.40501511233992
4637,61.4,0.00866697396338572,73.41175596727349
4638,61.4,0.00866944584753373,73.43240569351086
4639,61.4,0.008671391263296082,73.44865727291699
4640,61.4,0.008674920486607503,73.47813937955667
4641,61.4,0.008676556299615949,73.49180437445845
4642,61.4,0.008674487547951686,73.47452275351087
4643,61.4,0.008665123075939786,73.39629384252865
4644,61.4,0.008653663708990096,73.30056144043739
4645,61.4,0.00864114983547648,73.1960156378307
4646,61.4,0.008627659099063994,73.08330409181
4647,61.4,0.00861766336913297,72.99978929296994
4648,61.4,0.008606251670139162,72.90444076828042
4649,61.4,0.008595544021287125,72.81497167724582
4650,61.4,0.008587636775441363,72.74889975109363
4651,61.4,0.008587954546333527,72.7515550356323
4652,61.4,0.00859205820317245,72.78584483503792
4653,61.4,0.008598556182934473,72.84014047549702
4654,61.4,0.008602672162293488,72.87453208362477
4655,61.4,0.00860693153276223,72.91012134234944
4656,61.4,0.008610708035030449,72.94167558362487
4657,61.4,0.008614164354974708,72.97055423765737
4658,61.4,0.008616404662658294,72.98927255282399
4659,61.4,0.008616789903121595,72.99249131711886
4660,61.4,0.008617327126807267,72.99697992631974
4661,61.4,0.00861738356982648,72.99745151836528
4662,61.4,0.008619176298544496,73.01243006018876
4663,61.4,0.008623061374432394,73.04489021275177
4664,61.4,0.008625565396146525,73.06581132359963
4665,61.4,0.008631650233166862,73.11664946735323
4666,61.4,0.008635029348000086,73.1448811762433
4667,61.4,0.008638812591419978,73.17648892531713
4668,61.4,0.008639754341726117,73.18435687908608
4669,61.4,0.008641374235510446,73.19789040017693
4670,61.4,0.008642327723634768,73.20585635393556
4671,61.4,0.008644725298300366,73.22588687863387
4672,61.4,0.008651526229200424,73.28270439059266
4673,61.4,0.008653861945465803,73.30221755224397
4674,61.4,0.00865530782068953,73.31429668539671
4675,61.4,0.008656417496228428,73.32356710102496
4676,61.4,0.008662039085933647,73.37053030328403
4677,61.4,0.008665958035853653,73.40326902363553
4678,61.4,0.008668938059834735,73.4281637292097
4679,61.4,0.008671240427590333,73.44739722788145
4680,61.4,0.008671263256574534,73.44758793573743
4681,61.4,0.008671289741842454,73.44780918729292
4682,61.4,0.0086705438038934,73.44157779403979
4683,61.4,0.008669276708958448,73.43099274196749
4684,61.4,0.008667650484596431,73.41740753374312
4685,61.4,0.008664558242005784,73.3915752594387
4686,61.4,0.00866342960057061,73.3821466426865
4687,61.4,0.008666625046106997,73.40884115489446
4688,61.4,0.008670070180835977,73.43762124881246
4689,61.4,0.008673675964771782,73.46774304322193
4690,61.4,0.00867778051382015,73.50203097426125
4691,61.4,0.00867831799840908,73.50652089474818
4692,61.4,0.00867647946350286,73.49116251472721
4693,61.4,0.008675265094451916,73.48101811572919
4694,61.4,0.008673143760170062,73.46329716411529
4695,61.4,0.008670523411704824,73.4414074422017
4696,61.4,0.008667913275015498,73.41960284600415
4697,61.4,0.008665789596131901,73.40186189461832
4698,61.4,0.008666547754445713,73.40819546934915
4699,61.4,0.008677517047461697,73.49983008417576
4700,61.4,0.008684927932066525,73.56173687822455
4701,61.4,0.008691831618704484,73.61940548711814
4702,61.4,0.00869723829962947,73.66456826718894
4703,61.4,0.008702612620809055,73.70945997422945
4704,61.4,0.008707764524475997,73.75249310941663
4705,61.4,0.008712437190793253,73.79152263361544
4706,61.4,0.00871212787178829,73.7889389930893
4707,61.4,0.0087109511683743,73.77911035099982
4708,61.4,0.00871036311856168,73.77419853784141
4709,61.4,0.008709847337048528,73.76989035373349
4710,61.4,0.008712762514051666,73.79423994970409
4711,61.4,0.00871759801436666,73.83462893186027
4712,61.4,0.008722859455348866,73.87857492088466
4713,61.4,0.008728169021718604,73.92292213207178
4714,61.4,0.008735259420536748,73.98214226599981
4715,61.4,0.008737482955488143,74.00071330782244
4716,61.4,0.008737320168935615,73.99935371327444
4717,61.4,0.008724053245247412,73.88854590430486
4718,61.4,0.008713052088013262,73.79665866154578
4719,61.4,0.008705795502095298,73.73604622218303
4720,61.4,0.008700333797273627,73.69042505372613
4721,61.4,0.008698364786658471,73.67397787718909
4722,61.4,0.008698729095377746,73.67702096137579
4723,61.4,0.008700836524210262,73.69462432325065
4724,61.4,0.008708631329282799,73.7597333403787
4725,61.4,0.008709147002343699,73.76404063522523
4726,61.4,0.008715016932674645,73.81307027547331
4727,61.4,0.008720288140868322,73.857098204464
4728,61.4,0.008725342780879572,73.89931654978803
4729,61.4,0.008729849219256297,73.93695552840488
4730,61.4,0.008733714656002377,73.96924026139413
4731,61.4,0.008735736059600133,73.98612318318429
4732,61.4,0.00873764544688945,74.00207043656518
4733,61.4,0.008740510521836083,74.02599943750617
4734,61.4,0.008743731009789271,74.052896575316
4735,61.4,0.008748199589957944,74.09021717798319
4736,61.4,0.008753230901527208,74.13223695710191
4737,61.4,0.008759243657885968,74.1824525453145
4738,61.4,0.008764750527827145,74.22844237861213
4739,61.4,0.00876687377340381,74.24617414454424
4740,61.4,0.008768222124488575,74.25743450674312
4741,61.4,0.008769330677226989,74.26669222668464
4742,61.4,0.008768249484755457,74.25766299756161
4743,61.4,0.008767847952367883,74.25430972185322
4744,61.4,0.008767192704875228,74.24883761238054
4745,61.4,0.008764632800734687,74.22745920611085
4746,61.4,0.008761303413476031,74.19965439227401
4747,61.4,0.008760942070609599,74.19663668086204
4748,61.4,0.008765628197557933,74.23577203710164
4749,61.4,0.008771876721500742,74.2879545694241
4750,61.4,0.008771964758153377,74.28868977174706
4751,61.4,0.008772146231942472,74.29020527569111
4752,61.4,0.008771764707922992,74.28701913325949
4753,61.4,0.008772680538557153,74.29466731325016
4754,61.4,0.008773458729392758,74.30116603405096
4755,61.4,0.008775118027274513,74.31502288187313
4756,61.4,0.008776693685860159,74.32818118786308
4757,61.4,0.008777601792557363,74.33576474615857
4758,61.4,0.008775574083624917,74.31883140975745
4759,61.4,0.00877409281110656,74.3064612786201
4760,61.4,0.008771986717713428,74.28887315805564
4761,61.4,0.008770679641423513,74.2779576213297
4762,61.4,0.008769467875917475,74.26783799494639
4763,61.4,0.008769450557928778,74.26769336967361
4764,61.4,0.008768634660179032,74.26087966904382
4765,61.4,0.008765168996457039,74.23193712643271
4766,61.4,0.008762220007547077,74.20730920171069
4767,61.4,0.008756718114855806,74.16136056685416
4768,61.4,0.008751999097600988,74.121949417488
4769,61.4,0.008747632755199866,74.08548312754348
4770,61.4,0.008745930042926352,74.07126248443926
4771,61.4,0.008745335223895097,74.06629468095258
4772,61.4,0.008748743174792371,74.094757043362
4773,61.4,0.008752514953563323,74.12625764752269
4774,61.4,0.008755754138359429,74.15330990854102
4775,61.4,0.008760810575691363,74.1955385160377
4776,61.4,0.008765903842995,74.23807402286297
4777,61.4,0.0087709675521156,74.28036199882148
4778,61.4,0.008774421182619651,74.3092035195335
4779,61.4,0.008777854770381687,74.33787734873319
4780,61.4,0.008781480411689442,74.3681546747398
4781,61.4,0.008784784466951686,74.39574616841807
4782,61.4,0.008788227419212029,74.42449725512927
4783,61.4,0.008791607468975195,74.45272275616256
4784,61.4,0.008794606255360483,74.4777642194953
4785,61.4,0.008798130280319803,74.5071914003156
4786,61.4,0.008799411694108757,74.51789169569385
4787,61.4,0.0087993456361096,74.51734008719146
4788,61.4,0.008800975744679472,74.53095205741133
4789,61.4,0.008802535512851128,74.54397659511442
4790,61.4,0.008795551086140798,74.48565401035417
4791,61.4,0.008794852060732805,74.47981681469999
4792,61.4,0.008794156042851203,74.47400472047109
4793,61.4,0.008793184833663592,74.46589462102634
4794,61.4,0.008792841764512926,74.46302981006554
4795,61.4,0.008787445906685233,74.41797110027348
4796,61.4,0.008778740577293767,74.34527465554973
4797,61.4,0.008777037364448946,74.33105123491084
4798,61.4,0.008776988364254796,74.33064203631238
4799,61.4,0.00877696284843462,74.33042895472627
4800,61.4,0.008777220699733978,74.33258225974349
4801,61.4,0.00877748255827994,74.3347690273014
4802,61.4,0.008777777025210223,74.3372281036691
4803,61.4,0.008778137711714358,74.34024017275371
4804,61.4,0.008778631070406212,74.3443601729038
4805,61.4,0.008777424352452764,74.3342829535207
4806,61.4,0.008777244575801672,74.33278164766017
4807,61.4,0.00878036223041359,74.35881690479611
4808,61.4,0.008783314304260869,74.38346917441308
4809,61.4,0.008788305848359209,74.42515219032776
4810,61.4,0.008789188105371791,74.43251960808432
4811,61.4,0.008788383405872343,74.42579984664592
4812,61.4,0.008789061179314944,74.431459694531
4813,61.4,0.008791963638253028,74.45569697177292
4814,61.4,0.008795056507701094,74.48152404576331
4815,61.4,0.0088002765505702,74.52511355344753
4816,61.4,0.008805476006070796,74.56853043090209
4817,61.4,0.00881085721893883,74.61346427839506
4818,61.4,0.008816703103638593,74.66227732900725
4819,61.4,0.008824633203245415,74.72849209704765
4820,61.4,0.008833995685423096,74.80666483397745
4821,61.4,0.00884490482872922,74.89774860507079
4822,61.4,0.00885396401344388,74.97338411220706
4823,61.4,0.00886272148278007,75.0464985200783
4824,61.4,0.008870703100746414,75.11313372753774
4825,61.4,0.008878560114027932,75.1787270153797
4826,61.4,0.008884158469377974,75.22546318448119
4827,61.4,0.008883979927986178,75.22397269871065
4828,61.4,0.008881557319882324,75.20374838120617
4829,61.4,0.00887906504804058,75.18294233764242
4830,61.4,0.008882959677897697,75.21545550774586
4831,61.4,0.008891262524439805,75.28476803608368
4832,61.4,0.008900274136909353,75.35999530879853
4833,61.4,0.008911225230448074,75.45141011764652
4834,61.4,0.008917408718925946,75.50302569944856
4835,61.4,0.008925255446077994,75.56852341669406
4836,61.4,0.008935155639320451,75.65115937487357
4837,61.4,0.00894477483802285,75.73144741458167
4838,61.4,0.008959309147568142,75.85275549681059
4839,61.4,0.00897494904055492,75.98328489564071
4840,61.4,0.008990499188193123,76.11305887073833
4841,61.4,0.009002874698559721,76.21633429482645
4842,61.4,0.009012306931579658,76.2950449231556
4843,61.4,0.009021903799072887,76.37512698725365
4844,61.4,0.009026332893270254,76.41208520525318
4845,61.4,0.009038277828496108,76.51175616378511
4846,61.4,0.009047209105227362,76.58627807991272
4847,61.4,0.00905610174832358,76.66047554391248
4848,61.4,0.009064411386076126,76.72980670149062
4849,61.4,0.009071955854206927,76.79275211289203
4850,61.4,0.00907792470470117,76.84255068021248
4851,61.4,0.00908430298648714,76.89576412227657
4852,61.4,0.009089892881800015,76.94239924107372
4853,61.4,0.009094476446042095,76.98063817129949
4854,61.4,0.009100473145308314,77.03066550987089
4855,61.4,0.009112202861609702,77.1285176747526
4856,61.4,0.009124993590887457,77.23521692362691
4857,61.4,0.0091437601088694,77.39175789964145
4858,61.4,0.00915815450714311,77.51182251462018
4859,61.4,0.009182764331008788,77.71708197484595
4860,61.4,0.009209987363419504,77.94411838431418
4861,61.4,0.00924001856736101,78.19455184599596
4862,61.4,0.009272224193417887,78.46309156903922
4863,61.4,0.00930200040979282,78.71134980042814
4864,61.4,0.009332101340934325,78.96229152629148
4865,61.4,0.009364150135634505,79.22944565775973
4866,61.4,0.009388659846611174,79.43373677116354
4867,61.4,0.00940579570324584,79.57655658322564
4868,61.4,0.009421613685233829,79.7083856098847
4869,61.4,0.00944158945570783,79.87485672432997
4870,61.4,0.009466763491839971,80.08463337305481
4871,61.4,0.009484899750945018,80.23575346668413
4872,61.4,0.00949956642932231,80.35795698480634
4873,61.4,0.009513823320756298,80.47674069599185
4874,61.4,0.009523913633122662,80.56080660496211
4875,61.4,0.009533317079272555,80.63914757363513
4876,61.4,0.009540604657245657,80.69985944654934
4877,61.4,0.009543268997812616,80.72205537464681
4878,61.4,0.00954652113649989,80.74914784212743
4879,61.4,0.009550453886322245,80.78190987802444
4880,61.4,0.00955536886461271,80.82285386032659
4881,61.4,0.00956307502997773,80.8870484047905
4882,61.4,0.009573030822830541,80.96998066519143
4883,61.4,0.00957949083976643,81.02379153576193
4884,61.4,0.009589756619681793,81.1093015165515
4885,61.4,0.009599681792879653,81.19197173185562
4886,61.4,0.009610025925132493,81.2781288374246
4887,61.4,0.009620159789760153,81.362531870322
4888,61.4,0.00963010033569807,81.44532215703981
4889,61.4,0.00963946420316215,81.52330716730093
4890,61.4,0.009643342346161708,81.5556047923814
4891,61.4,0.00964516015676375,81.57074359355964
4892,61.4,0.009643177244367607,81.55422981355828
4893,61.4,0.009646550153076893,81.58231948101695
4894,61.4,0.009647908974091695,81.59363569138033
4895,61.4,0.009648225185527867,81.59626908135745
4896,61.4,0.009646935874762862,81.5855317616762
4897,61.4,0.009646821011891085,81.5845751869316
4898,61.4,0.009646834358278285,81.58468633528425
4899,61.4,0.009643546828398648,81.55730773317923
4900,61.4,0.009640000548733986,81.52777393911703
4901,61.4,0.009636722126322567,81.50047059370709
4902,61.4,0.0096332155260488,81.47126662453343
4903,61.4,0.009628132993584355,81.4289372660621
4904,61.4,0.009623081285632724,81.38686395132937
4905,61.4,0.009618255110447924,81.34666836495016
4906,61.4,0.009614580099236117,81.31606002328301
4907,61.4,0.009609181283837618,81.27109385828497
4908,61.4,0.00960302089635402,81.2197837004672
4909,61.4,0.009597656215480211,81.175100205103
4910,61.4,0.009592562643085053,81.13267412368457
4911,61.4,0.00958886173877008,81.10184761487486
4912,61.4,0.00958194412136278,81.04422667649682
4913,61.4,0.009584760812930995,81.06768872356392
4914,61.4,0.009585624311940232,81.07488132376392
4915,61.4,0.009590228067566757,81.11322842853646
4916,61.4,0.009592158806880994,81.12931040653578
4917,61.4,0.00959161425376607,81.1247745937894
4918,61.4,0.00959082508854088,81.11820128964555
4919,61.4,0.009587798467312631,81.09299107835719
4920,61.4,0.0095829382357391,81.05250732243725
4921,61.4,0.009576989346783037,81.00295464435008
4922,61.4,0.009570144977320224,80.94594169456101
4923,61.4,0.009563355021021468,80.88938078014904
4924,61.4,0.009557147127616386,80.83766743486338
4925,61.4,0.009550193443433316,80.77974025370504
4926,61.4,0.009542761774150315,80.71782984071176
4927,61.4,0.009538464181391084,80.68202756340219
4928,61.4,0.009535577482219561,80.65797884919267
4929,61.4,0.009532870381164363,80.63542614368444
4930,61.4,0.009534042373734366,80.64518997111632
4931,61.4,0.009532346591469157,80.63106245908502
4932,61.4,0.009532463442170427,80.63203594126466
4933,61.4,0.009528887319471553,80.60224313084497
4934,61.4,0.009526102736949408,80.5790444372279
4935,61.4,0.009524027663404717,80.56175661563128
4936,61.4,0.00952232841380889,80.54759976826544
4937,61.4,0.009519390450470316,80.5231227261114
4938,61.4,0.009518373199759607,80.5146476562701
4939,61.4,0.009517896625361864,80.51067713964343
4940,61.4,0.009519539581553264,80.5243651867906
4941,61.4,0.0095211648996918,80.53790621501767
4942,61.4,0.00952270678432258,80.55075206845005
4943,61.4,0.009521744161113099,80.54273220427255
4944,61.4,0.00951944628462644,80.52358789911503
4945,61.4,0.009513290232111981,80.47229927398612
4946,61.4,0.009504073211881075,80.39550658854012
4947,61.4,0.009495427498982275,80.32347177943514
4948,61.4,0.0094880609905897,80.26209355783274
4949,61.4,0.009483953197536909,80.22786654002013
4950,61.4,0.009481643003107599,80.2086173060481
4951,61.4,0.009481237559796065,80.20523901605114
4952,61.4,0.009481026565035421,80.20348093504472
4953,61.4,0.009481176097629983,80.20472689223875
4954,61.4,0.009479996028877459,80.19489413600503
4955,61.4,0.009480031042867773,80.19518588566382
4956,61.4,0.009481980303590109,80.21142780377546
4957,61.4,0.009485295414004028,80.239050226138
4958,61.4,0.009485670265336553,80.24217357348658
4959,61.4,0.009483823170628293,80.22678312049798
4960,61.4,0.009485003375357908,80.23661689053195
4961,61.4,0.009488890890183807,80.26900840619624
4962,61.4,0.009493052852442209,80.30368622818744
4963,61.4,0.009495225962756489,80.32179258569693
4964,61.4,0.009500825620585258,80.36844836652025
4965,61.4,0.009507188943780272,80.42146592523811
4966,61.4,0.009512918410869391,80.46920144507305
4967,61.4,0.009515318557383292,80.48919820300897
4968,61.4,0.009515429008878185,80.49011842309257
4969,61.4,0.009513537501794523,80.4743593994797
4970,61.4,0.00951189262504929,80.46065509096148
4971,61.4,0.009511662104624402,80.45873450182675
4972,61.4,0.009511078198871807,80.45386966396663
4973,61.4,0.009509461231472727,80.4403977781291
4974,61.4,0.009509049864150807,80.43697042925191
4975,61.4,0.009508281025156344,80.43056475663516
4976,61.4,0.00950987845977785,80.44387395382529
4977,61.4,0.009518376488232025,80.51467505372271
4978,61.4,0.009524016631583846,80.56166470718705
4979,61.4,0.009529858592880563,80.61033487890359
4980,61.4,0.0095350932310243,80.65394459412322
4981,61.4,0.00953845296427051,80.68193411545957
4982,61.4,0.009544292830141835,80.73058460560239
4983,61.4,0.00954806514826692,80.7620103842592
4984,61.4,0.00954836585445427,80.76451543945886
4985,61.4,0.009546918621860443,80.75245913909325
4986,61.4,0.009542480071631358,80.71548305539982
4987,61.4,0.009537943886560134,80.67769307128437
4988,61.4,0.009545724092601961,80.74250796480067
4989,61.4,0.009550546584548097,80.78268210188332
4990,61.4,0.009556685273799685,80.83382003340326
4991,61.4,0.009559546639565014,80.85765610576074
4992,61.4,0.009559636024278364,80.85840070491881
4993,61.4,0.009557967320072741,80.84449990681374
4994,61.4,0.009557030551194301,80.83669631362307
4995,61.4,0.009555087941524739,80.82051366168118
4996,61.4,0.009553548333610853,80.80768809163786
4997,61.4,0.009552009759347505,80.7948710698554
4998,61.4,0.009550343134145446,80.78098725517903
4999,61.4,0.009550003315465077,80.77815638800723
5000,61.4,0.009552443907092062,80.79848772389873
5001,61.4,0.009554658944137671,80.81693994248286
5002,61.4,0.009556048874122298,80.82851859555076
5003,61.4,0.009557448904695297,80.84018133889114
5004,61.4,0.009559384429296106,80.8563048492287
5005,61.4,0.009559185108837532,80.854644453573
5006,61.4,0.009560526054628515,80.8658148901493
5007,61.4,0.009560249358274792,80.86350993950767
5008,61.4,0.009558131719060291,80.84586940212075
5009,61.4,0.009554136081851275,80.81258428470088
5010,61.4,0.009549309997935603,80.77238068126067
5011,61.4,0.009552541507371212,80.79930077925012
5012,61.4,0.009560318341079056,80.86408458391158
5013,61.4,0.009564714416738547,80.90070475965841
5014,61.4,0.009565840260390137,80.91008317692783
5015,61.4,0.009564166772424495,80.8961428025025
5016,61.4,0.009561137536170316,80.8709086789574
5017,61.4,0.009558621540028034,80.84994976071451
5018,61.4,0.009557489523500254,80.84051970694213
5019,61.4,0.0095565235843077,80.83247310288263
5020,61.4,0.009555619423449117,80.82494111118345
5021,61.4,0.00955524692001996,80.82183801466935
5022,61.4,0.009554284688412731,80.81382223918011
5023,61.4,0.009549974293549018,80.7779146201405
5024,61.4,0.009545471972658188,80.74040764349604
5025,61.4,0.009543820946681103,80.72665349365367
5026,61.4,0.00954029755039762,80.69730100725788
5027,61.4,0.009532502771429474,80.63236359289989
5028,61.4,0.009524836691610937,80.5684967928038
5029,61.4,0.009515445883528748,80.49025901321528
5030,61.4,0.009509022167220308,80.43673966928486
5031,61.4,0.009510658892774823,80.45037619022139
5032,61.4,0.009508276413750884,80.4305263361205
5033,61.4,0.009505876087034858,80.41052763077387
5034,61.4,0.009497985856624133,80.34478784476664
5035,61.4,0.009481617512437646,80.20840490934293
5036,61.4,0.009462203620020341,80.04663694712025
5037,61.4,0.009446488321267139,79.91568055546034
5038,61.4,0.00943109217100817,79.78737732268463
5039,61.4,0.009415758147068689,79.65958559753594
5040,61.4,0.009401699604846183,79.54241811361207
5041,61.4,0.00938924525597868,79.4386160281168
5042,61.4,0.009378191111345387,79.34648066193309
5043,61.4,0.009369332971569253,79.27264648288283
5044,61.4,0.00936353114542128,79.22428610147738
5045,61.4,0.009358449868763302,79.18193103823597
5046,61.4,0.00935139547668817,79.123127909351
5047,61.4,0.009345136155184472,79.07095113102227
5048,61.4,0.00933847542850511,79.01542716216734
5049,61.4,0.009330750426749279,78.9510299046334
5050,61.4,0.009323384117573878,78.88962131671514
5051,61.4,0.009317089508106339,78.83714572347898
5052,61.4,0.009309238524114801,78.77169380360667
5053,61.4,0.009302503838533368,78.71554691977116
5054,61.4,0.00929822694045069,78.67988991902564
5055,61.4,0.009291664559362978,78.62517763903787
5056,61.4,0.009280731559579336,78.53402384646681
5057,61.4,0.009261236075987429,78.37147258236624
5058,61.4,0.009255733232457467,78.32558864244588
5059,61.4,0.009255894231705836,78.32693110154317
5060,61.4,0.00925613941164961,78.32897548272834
5061,61.4,0.009254997395015504,78.31945300466084
5062,61.4,0.009253105786084901,78.30368012483754
5063,61.4,0.009253183201573178,78.30432564341321
5064,61.4,0.009253055500229123,78.30326082294732
5065,61.4,0.00925460659846955,78.31619441764596
5066,61.4,0.009256592914611199,78.3327569172191
5067,61.4,0.009258499767133449,78.34865672723882
5068,61.4,0.009260391579397172,78.3644310329146
5069,61.4,0.009264313077852462,78.39712896326363
5070,61.4,0.009267268332339219,78.42176996560711
5071,61.4,0.009268245354803122,78.42991635805873
5072,61.4,0.009265597344503827,78.40783724624988
5073,61.4,0.009263151557458767,78.38744410751288
5074,61.4,0.00926052402878092,78.36553541859044
5075,61.4,0.009259316901882784,78.3554701703628
5076,61.4,0.009255272765328136,78.32174912827628
5077,61.4,0.0092550473022946,78.31986914727968
5078,61.4,0.009247376320663433,78.25590531302511
5079,61.4,0.009235498006191733,78.15685592051463
5080,61.4,0.009219488198583687,78.02334945469866
5081,61.4,0.009200676174728202,77.86646653341167
5082,61.4,0.00918742742642822,77.75597295025992
5083,61.4,0.009186915870347452,77.75170651727855
5084,61.4,0.00919017217901858,77.77886436529485
5085,61.4,0.009195101763365628,77.81997691929907
5086,61.4,0.00919729445234338,77.83826365919036
5087,61.4,0.009199082676812733,77.8531771238045
5088,61.4,0.009199128984535699,77.8535633206116
5089,62.8,0.009198887808229065,74.0975966918038
5090,62.8,0.009197522711626896,74.08676099797924
5091,62.8,0.009196296477291655,74.07702750780226
5092,62.8,0.009194846004528391,74.06551402961661
5093,62.8,0.009194190449310776,74.06031038424359
5094,62.8,0.009194125305314684,74.0597932857112
5095,62.8,0.00919353611468282,74.05511641684865
5096,62.8,0.009192684122760936,74.04835347227016
5097,62.8,0.009193079096207007,74.05148869619823
5098,62.8,0.009196245945318737,74.07662639894167
5099,62.8,0.009196061717335483,74.07516404749033
5100,62.8,0.009194104211299715,74.05962584609546
5101,62.8,0.0091864237380595,73.99865920779104
5102,62.8,0.009177124452354598,73.92484065215098
5103,62.8,0.00917540394976708,73.91118291137289
5104,62.8,0.009172992350451955,73.89203896227743
5105,62.8,0.009177390469625468,73.92695235109205
5106,62.8,0.009180658918429152,73.95289781396482
5107,62.8,0.009184621617463222,73.98435398441471
5108,62.8,0.009180834150744886,73.95428882817603
5109,62.8,0.009175633418880393,73.91300449367864
5110,62.8,0.009170495165670678,73.87221545765647
5111,62.8,0.009166485610811674,73.84038591530822
5112,62.8,0.009163573349311855,73.81726689819541
5113,62.8,0.009163539774392498,73.81700036211738
5114,62.8,0.009164142093423065,73.82178189578974
5115,62.8,0.009161071221522628,73.79740356124567
5116,62.8,0.0091559581027823,73.75681217883572
5117,62.8,0.00915119846495689,73.7190263750422
5118,62.8,0.009147551716059552,73.69007518613698
5119,62.8,0.00914562051537048,73.67474343401814
5120,62.8,0.00914226895524635,73.64813526249782
5121,62.8,0.009138457739052752,73.6178775194114
5122,62.8,0.009133356003352707,73.5773736013843
5123,62.8,0.009128531627711031,73.53907110973435
5124,62.8,0.00912456306724171,73.5075628103224
5125,62.8,0.009122587970114823,73.49188142200816
5126,62.8,0.00912691244541515,73.52621569502037
5127,62.8,0.009124112113439851,73.50398244736033
5128,62.8,0.009120774483261346,73.47748306058499
5129,62.8,0.009125531317198558,73.51525024631492
5130,62.8,0.009130323149909095,73.55329473138093
5131,62.8,0.009134577387316753,73.58707052475548
5132,62.8,0.009143576937455334,73.65851941983698
5133,62.8,0.009152006091349621,73.72543799807613
5134,62.8,0.009158558986580407,73.77745982941278
5135,62.8,0.009165054312449858,73.8290235655766
5136,62.8,0.00916746809869265,73.84818535706859
5137,62.8,0.009170824540261614,73.8748301544951
5138,62.8,0.009174882181637483,73.9070409825957
5139,62.8,0.009178258698112562,73.93384451217541
5140,62.8,0.00918221814181157,73.96527508078422
5141,62.8,0.009185553539235187,73.99175158451203
5142,62.8,0.009189315172046408,74.02161122417932
5143,62.8,0.009192549157806972,74.04728214529209
5144,62.8,0.00919454127197496,74.06309513458285
5145,62.8,0.009199474618750564,74.10225458888546
5146,62.8,0.009204035180524556,74.13845444105924
5147,62.8,0.00920892637076264,74.1772781037582
5148,62.8,0.009212439165387434,74.20516042505115
5149,62.8,0.00921108825177751,74.19443777191715
5150,62.8,0.00920672977039691,74.15984273456492
5151,62.8,0.0092093590392126,74.180712366474
5152,62.8,0.009205275265252928,74.14829763001285
5153,62.8,0.009201136333038654,74.11544464985838
5154,62.8,0.009197760597320083,74.08864926078509
5155,62.8,0.009195289198742546,74.0690319964407
5156,62.8,0.009201070895624506,74.11492523367129
5157,62.8,0.00920034113830812,74.10913270281907
5158,62.8,0.009198192223850536,74.09207537459623
5159,62.8,0.009195680159334394,74.07213534149786
5160,62.8,0.009193666907282131,74.05615462120284
5161,62.8,0.00919180954963438,74.04141126353173
5162,62.8,0.009189776884578747,74.02527624899224
5163,62.8,0.009187728242713616,74.00901430758566
5164,62.8,0.00918624758220468,73.99726088718731
5165,62.8,0.009186171135120968,73.99665405197797
5166,62.8,0.009186099141618796,73.99608256906308
5167,62.8,0.00918215076039487,73.96474020181103
5168,62.8,0.0091831891408285,73.97298293449361
5169,62.8,0.009178834057324675,73.93841181140516
5170,62.8,0.00917040201769892,73.87147601424755
5171,62.8,0.009163613907069067,73.81758886782266
5172,62.8,0.009153979671428794,73.74110588095387
5173,62.8,0.009145931785709313,73.67721460749786
5174,62.8,0.009137651119289955,73.61147361291498
5175,62.8,0.009128665970486742,73.5401377143416
5176,62.8,0.00911958980580656,73.46807714999328
5177,62.8,0.009110361972252581,73.39481027961982
5178,62.8,0.009102602886382517,73.33320326881646
5179,62.8,0.009097865492984244,73.29558770033803
5180,62.8,0.009096208771105433,73.2824329628074
5181,62.8,0.009093017187270163,73.25709088773365
5182,62.8,0.009091114432715689,73.2419823583852
5183,62.8,0.009087709596881368,73.21494655669149
5184,62.8,0.009084930204675263,73.19287681923917
5185,62.8,0.009083115208360741,73.17846475328689
5186,62.8,0.009083265544460987,73.1796585075056
5187,62.8,0.009083364111859225,73.18044118845096
5188,62.8,0.009085086341865,73.19411663026743
5189,62.8,0.009086807428552474,73.20778291894302
5190,62.8,0.009087883999173636,73.2163313899569
5191,62.8,0.00908546681411911,73.19713777658279
5192,62.8,0.009082231481245534,73.1714474454081
5193,62.8,0.009078937577338101,73.14529175722109
5194,62.8,0.009075881274025595,73.12102252437228
5195,62.8,0.009070992092916631,73.08219844288725
5196,62.8,0.009065687705263932,73.04007660271373
5197,62.8,0.009056092112232999,72.96387674580689
5198,62.8,0.009046892263488952,72.89081736977948
5199,62.8,0.009037100223981817,72.8130528489578
5200,62.8,0.009022662350488831,72.69838854147042
5201,62.8,0.009011773910232211,72.61191004606842
5202,62.8,0.009010650373900692,72.60298649237936
5203,62.8,0.009009418955921852,72.59320606503297
5204,62.8,0.009008441523345201,72.58544286688827
5205,62.8,0.009003736753488775,72.54807518504319
5206,62.8,0.008998229563516383,72.50433356540996
5207,62.8,0.00899115374820183,72.44813180075926
5208,62.8,0.008986318379145444,72.40972472086251
5209,62.8,0.008981453639700003,72.37108375945158
5210,62.8,0.008978643986848263,72.34876622133282
5211,62.8,0.008975119457618416,72.32077002063075
5212,62.8,0.008971150461694642,72.28924293744343
5213,62.8,0.00896714341109923,72.25741317067965
5214,62.8,0.008962427916851177,72.21995540626821
5215,62.8,0.008955556087917382,72.16536768687122
5216,62.8,0.008946556267187857,72.09387404919416
5217,62.8,0.008935771110477636,72.00819520172118
5218,62.8,0.00892539376986914,71.92575333903221
5219,62.8,0.008915231397468313,71.84501664365487
5220,62.8,0.008903675884396332,71.75320874483737
5221,62.8,0.008894555913339017,71.6807487150242
5222,62.8,0.008883630405871465,71.59394057187828
5223,62.8,0.00886442966837287,71.44137466347908
5224,62.8,0.008849011473989334,71.31885749821608
5225,62.8,0.008840735240482935,71.25308982584474
5226,62.8,0.008829135534230223,71.16090903869461
5227,62.8,0.00882202524327344,71.10440315444148
5228,62.8,0.00881699911777637,71.06445948239987
5229,62.8,0.008813283432534586,71.03492974428411
5230,62.8,0.008810999353775282,71.01677726774798
5231,62.8,0.008809236960044958,71.00277073844438
5232,62.8,0.008807625778357272,70.98996589022379
5233,62.8,0.00880605155646929,70.97745471640953
5234,62.8,0.008802930034680294,70.95264614735666
5235,62.8,0.00879985058440631,70.92817170476032
5236,62.8,0.008797593054277335,70.91022945723431
5237,62.8,0.008798463112901854,70.91714446640411
5238,62.8,0.008796212908755709,70.89926036536333
5239,62.8,0.008793085014317,70.87440037332166
5240,62.8,0.008791452826690579,70.86142791583586
5241,62.8,0.00878968074013064,70.84734348016006
5242,62.8,0.008785857252613063,70.81695436544928
5243,62.8,0.00878381298959863,70.80070639264947
5244,62.8,0.008781554933297131,70.78275905056553
5245,62.8,0.008778953670392026,70.76208369589851
5246,62.8,0.008768959299839639,70.68264486560072
5247,62.8,0.008765931520218304,70.65857849380784
5248,62.8,0.00876488999056195,70.65029981939904
5249,62.8,0.008764537694528328,70.6474995625024
5250,62.8,0.008763549549904373,70.63964518886542
5251,62.8,0.008769314672473886,70.68546953751701
5252,62.8,0.008772627334233035,70.7118000067746
5253,62.8,0.008775672722853204,70.73600582944582
5254,62.8,0.008778498083308392,70.75846258164309
5255,62.8,0.00878000945536443,70.77047530529761
5256,62.8,0.008781245300430231,70.78029803593012
5257,62.8,0.008782354338762094,70.78911284985476
5258,62.8,0.008782657810851514,70.79152488912513
5259,62.8,0.008783021586552588,70.79441622700742
5260,62.8,0.008783512224888415,70.7983158807803
5261,62.8,0.008784098600802696,70.8029764606307
5262,62.8,0.008784532727881298,70.80642694451342
5263,62.8,0.00878602164301502,70.81826094948836
5264,62.8,0.008787602043395714,70.83082202468515
5265,62.8,0.008791029750490394,70.85806533924531
5266,62.8,0.008796329624464128,70.90018799790127
5267,62.8,0.008801677263270918,70.94268956731104
5268,62.8,0.008802935439724432,70.95268910463271
5269,62.8,0.008802933288573529,70.95267200808728
5270,62.8,0.008800941194528915,70.9368395372077
5271,62.8,0.008797077040266605,70.90612829743115
5272,62.8,0.00879114046030691,70.85894525265466
5273,62.8,0.008787297851034947,70.82840429849799
5274,62.8,0.008782030663630173,70.78654023137504
5275,62.8,0.00877774448680556,70.75247280632047
5276,62.8,0.00878070976264586,70.77604148492368
5277,62.8,0.008783742453724777,70.80014576576613
5278,62.8,0.00878478873800308,70.80846173542145
5279,62.8,0.008785944698792875,70.81764939262484
5280,62.8,0.008787396087358878,70.82918508276835
5281,62.8,0.008790841601281126,70.85656994257815
5282,62.8,0.008793327868616045,70.87633054829243
5283,62.8,0.008795739747358103,70.89549977199907
5284,62.8,0.00879556200050733,70.8940870736667
5285,62.8,0.008795913705418877,70.8968823569746
5286,62.8,0.008795387527679046,70.89270039587112
5287,62.8,0.008795349540945243,70.89239848422932
5288,62.8,0.008794803810014717,70.88806111017281
5289,62.8,0.008796354200179402,70.90038332060745
5290,62.8,0.008791523669836446,70.86199097118438
5291,62.8,0.008787570220264109,70.83056909398951
5292,62.8,0.008783719985423497,70.79996718521005
5293,62.8,0.00877687872688946,70.74559151019527
5294,62.8,0.008769622591050356,70.68791701927822
5295,62.8,0.008763333698169038,70.63792946489664
5296,62.8,0.008756065663872752,70.58015791816031
5297,62.8,0.008749835460805565,70.53063473812983
5298,62.8,0.008748713391691794,70.52171543358806
5299,62.8,0.008760635036043827,70.6164787191763
5300,62.8,0.008771859306959565,70.70569541826076
5301,62.8,0.008777482092250677,70.75038722477193
5302,62.8,0.008782679729462681,70.79169910127004
5303,62.8,0.008787638843483015,70.83111451226252
5304,62.8,0.00879284660991941,70.87250556415391
5305,62.8,0.008797389959834775,70.90861531046014
5306,62.8,0.008800843855492386,70.93606591782431
5307,62.8,0.008804283329960975,70.96340161081575
5308,62.8,0.00880660723003837,70.98187095524234
5309,62.8,0.008806199538421714,70.9786308098997
5310,62.8,0.008809614599393226,71.00577201342571
5311,62.8,0.008814546065141196,71.04496432815957
5312,62.8,0.008819811117609665,71.08680711249022
5313,62.8,0.008823201736139291,71.11375289772054
5314,62.8,0.008827741193068358,71.14982823105771
5315,62.8,0.008831364764835037,71.17862459804556
5316,62.8,0.008836252504000601,71.21746672417059
5317,62.8,0.008840328428087423,71.24985701799561
5318,62.8,0.008841318901921033,71.25772798912674
5319,62.8,0.008829031373232495,71.1600812745506
5320,62.8,0.008812552779816183,71.02912297268816
5321,62.8,0.008791502250645065,70.8618207332711
5322,62.8,0.008774407578102725,70.72595004121472
5323,62.8,0.008765966734755012,70.65885839864242
5324,62.8,0.008771237461165335,70.70075272782613
5325,62.8,0.008783427782834781,70.7976447253957
5326,62.8,0.008792897216159697,70.87290777651894
5327,62.8,0.008804023679870532,70.96133801667068
5328,62.8,0.008830067607699263,71.16831618481089
5329,62.8,0.00883978739592446,71.24555760217014
5330,62.8,0.00884458689382087,71.28369747501957
5331,62.8,0.008844432097587767,71.28246737443337
5332,62.8,0.008843504518397495,71.27509627992613
5333,62.8,0.008842710882538355,71.26878956137739
5334,62.8,0.008847167738064687,71.30420627026218
5335,62.8,0.00885534441399281,71.36918148640198
5336,62.8,0.008863055816349925,71.43045790476793
5337,62.8,0.008870702620538198,71.49121953317943
5338,62.8,0.008879075111939168,71.55774579436589
5339,62.8,0.008883352915974998,71.59173574885148
5340,62.8,0.008884240363637594,71.59878704396012
5341,62.8,0.008884069541558784,71.59742976333256
5342,62.8,0.00888581265896724,71.61127980900429
5343,62.8,0.00888422903370563,71.59869702109314
5344,62.8,0.008880357976811484,71.56793904428453
5345,62.8,0.008876827713442064,71.53988855683161
5346,62.8,0.008885034583199699,71.60509757000044
5347,62.8,0.008899540184257489,71.72035002349112
5348,62.8,0.008915693654702234,71.84868918131228
5349,62.8,0.008928908370977037,71.95367507975763
5350,62.8,0.008941073158249402,72.05031580345957
5351,62.8,0.008950129256220412,72.12225774574645
5352,62.8,0.008956973923216613,72.17663063670368
5353,62.8,0.008962187126976133,72.21804266482636
5354,62.8,0.008965692031382536,72.24588412295493
5355,62.8,0.00896737167531641,72.25922638469756
5356,62.8,0.008965977439618262,72.24815127001091
5357,62.8,0.008967572319367342,72.26082019717906
5358,62.8,0.00896904930003754,72.27255253589895
5359,62.8,0.008971399453135596,72.29122077272159
5360,62.8,0.008975338728379407,72.3225117512257
5361,62.8,0.008979579854729499,72.35619999705028
5362,62.8,0.008984105206945342,72.39214541509843
5363,62.8,0.008991088010877153,72.44760965662398
5364,62.8,0.008998143497620932,72.50364996904695
5365,62.8,0.00900619531064967,72.56760236950767
5366,62.8,0.00901543518970223,72.64098910229768
5367,62.8,0.009023647407436908,72.70621194296064
5368,62.8,0.009035181506905542,72.79781487088725
5369,62.8,0.009048104684372565,72.9004457709606
5370,62.8,0.009060505675532078,72.99892571596118
5371,62.8,0.00907332927060175,73.10075761298982
5372,62.8,0.009082607158100007,73.1744305407866
5373,62.8,0.009088342502670977,73.21997211193556
5374,62.8,0.009092002841511725,73.24903664287636
5375,62.8,0.009094002424058575,73.26491397283601
5376,62.8,0.00909596862312912,73.28052612911776
5377,62.8,0.009097744599544337,73.29462778206752
5378,62.8,0.009097782310596042,73.29492721545559
5379,62.8,0.00909768377134069,73.29414479373578
5380,62.8,0.009097456710123592,73.29234188058197
5381,62.8,0.009097163988880289,73.2900176112884
5382,62.8,0.009096939389036536,73.28823423901845
5383,62.8,0.0090966110206525,73.28562691937931
5384,62.8,0.00909804370282376,73.2970027216989
5385,62.8,0.009099392843317958,73.30771513804274
5386,62.8,0.009099424976997028,73.3079702846319
5387,62.8,0.009101693282088263,73.32598092686597
5388,62.8,0.009104063786797305,73.344802909213
5389,62.8,0.009099633311132237,73.30962449060164
5390,62.8,0.009096522843848652,73.28492677504349
5391,62.8,0.009092738254025264,73.25487606698209
5392,62.8,0.009099417174198538,73.30790832915709
5393,62.8,0.009109597570785298,73.38874101214903
5394,62.8,0.009121925426162619,73.48662109720017
5395,62.8,0.009131132904400215,73.55972367434656
5396,62.8,0.009139742274921217,73.62807565825521
5397,62.8,0.009144415788535405,73.66517909143462
5398,62.8,0.009149199144773409,73.70315400574982
5399,62.8,0.009151987810030364,73.72529286564597
5400,62.8,0.009153271935622124,73.73548731011259
5401,62.8,0.009154150609437745,73.74246292120323
5402,62.8,0.009154764477055443,73.74733627870968
5403,62.8,0.00915499018953036,73.74912815710314
5404,62.8,0.009154448761138157,73.74482988194893
5405,62.8,0.009153876840114492,73.74028952481521
5406,62.8,0.009153337245296995,73.73600579088601
5407,62.8,0.009151982260258894,73.72524880690821
5408,62.8,0.009150308141725275,73.71195821537185
5409,62.8,0.009148388746654718,73.69672032114661
5410,62.8,0.009146112194734947,73.67864687262788
5411,62.8,0.009146776142044368,73.68391793544635
5412,62.8,0.009143627536731778,73.6589211299773
5413,62.8,0.009139673414820203,73.62752896778481
5414,62.8,0.009136759677063427,73.60439626583096
5415,62.8,0.009131927306706865,73.56603071456075
5416,62.8,0.009128493706525655,73.5387700371842
5417,62.8,0.009125825111461797,73.51758282589412
5418,62.8,0.009132251478708811,73.56860442590515
5419,62.8,0.009138915047911006,73.62150817345436
5420,62.8,0.009144796672468527,73.66820293806146
5421,62.8,0.009146564685560455,73.68223918836041
5422,62.8,0.009148047632112338,73.69401223565998
5423,62.8,0.009149152405816586,73.70278294943061
5424,62.8,0.009146880663353374,73.68474772676707
5425,62.8,0.00914649652306091,73.68169804795144
5426,62.8,0.009144710076730043,73.66751545274943
5427,62.8,0.00914339949509342,73.65711069570352
5428,62.8,0.009142094747488875,73.64675221233126
5429,62.8,0.009141840657481172,73.64473496883383
5430,62.8,0.009141840693843994,73.64473525752167
5431,62.8,0.00914022335085609,73.6318949875342
5432,62.8,0.009138244183936474,73.61618206664126
5433,62.8,0.009137945327515872,73.61380938943068
5434,62.8,0.009136069946578305,73.59892033691165
5435,62.8,0.00912966527074377,73.54807157113349
5436,62.8,0.009119545109990327,73.46772228068382
5437,62.8,0.00910867651640977,73.38142791748619
5438,62.8,0.009096157442881307,73.28202540427118
5439,62.8,0.009080359887413328,73.15658583568128
5440,62.8,0.0090628405320684,73.01746707049035
5441,62.8,0.00904604233005537,72.88406762888208
5442,62.8,0.009031075837731035,72.76520834700449
5443,62.8,0.009022964364865835,72.7007871665342
5444,62.8,0.009015141941023373,72.63866003963732
5445,62.8,0.009007611385580993,72.57884952984655
5446,62.8,0.009001183940800149,72.52779921139454
5447,62.8,0.008996044624673348,72.4869791742504
5448,62.8,0.008989097507528328,72.43179926211558
5449,62.8,0.008984952397498296,72.39887469446221
5450,62.8,0.008981382789755642,72.3705209890477
5451,62.8,0.008978002745482857,72.34367270706397
5452,62.8,0.008973190636541459,72.3054487889955
5453,62.8,0.008969054410808789,72.27259313301695
5454,62.8,0.00896529652043467,72.24274236901597
5455,62.8,0.008961379223828492,72.21162498468165
5456,62.8,0.008956609909412707,72.17373900157106
5457,62.8,0.008952853832688163,72.14390146730649
5458,62.8,0.008948613876230757,72.1102196607942
5459,62.8,0.00894710336037883,72.09822015869942
5460,62.8,0.008944090223236473,72.0742836970891
5461,62.8,0.008942302115821161,72.06007880424555
5462,62.8,0.008938669934718486,72.03122416934472
5463,62.8,0.00893807683521142,72.02651245925381
5464,62.8,0.00893883877515413,72.03256547247196
5465,62.8,0.00894130720159142,72.05217507752076
5466,62.8,0.008943984606305284,72.07344466852956
5467,62.8,0.008948587086594096,72.11000684505659
5468,62.8,0.008952406227029058,72.1403457523524
5469,62.8,0.008957110301594715,72.1777139917645
5470,62.8,0.00896188207979986,72.21561948619197
5471,62.8,0.008966977988188253,72.25609913498921
5472,62.8,0.008970742691495389,72.28600385773086
5473,62.8,0.008974487580709421,72.31575083419486
5474,62.8,0.008978212760114337,72.34534089834257
5475,62.8,0.00898191833344527,72.37477487970696
5476,62.8,0.008984541385683976,72.39561000814265
5477,62.8,0.008983089828076106,72.3840801832348
5478,62.8,0.008981639804768985,72.3725624924178
5479,62.8,0.008982555156712544,72.37983323734801
5480,62.8,0.008983722827790813,72.38910815133372
5481,62.8,0.008985783754485579,72.40547818940837
5482,62.8,0.008987546061407307,72.41947619169831
5483,62.8,0.008990893544825051,72.44606503412842
5484,62.8,0.008990286216737918,72.44124108769898
5485,62.8,0.008987847162988616,72.42186783346543
5486,62.8,0.00898454602079588,72.39564682507987
5487,62.8,0.0089804213217786,72.36288391026153
5488,62.8,0.00897983803394067,72.35825075951047
5489,62.8,0.008976998810756424,72.33569822278412
5490,62.8,0.008975785807517683,72.3260630254018
5491,62.8,0.0089799872894958,72.35943632162596
5492,62.8,0.008984423248389373,72.39467163722595
5493,62.8,0.0089867346808835,72.41303140664292
5494,62.8,0.008988473956890123,72.42684643325576
5495,62.8,0.008990528059153988,72.44316201900452
5496,62.8,0.008992328291532379,72.45746104725845
5497,62.8,0.008993795958979482,72.46911849206886
5498,62.8,0.008993981878990802,72.47059522073455
5499,62.8,0.008994745816717966,72.47666302932674
5500,62.8,0.008995689302163887,72.48415693020293
5501,62.8,0.008997140753338784,72.4956854492608
5502,62.8,0.008998073498300644,72.50309398467766
5503,62.8,0.008999891526152534,72.51753401443814
5504,62.8,0.009000280081277526,72.52062017614924
5505,62.8,0.009002505936381402,72.53829931583924
5506,62.8,0.009006263126205975,72.56814099500566
5507,62.8,0.009010938122389126,72.60527190355369
5508,62.8,0.009012029988620818,72.61394391376695
5509,62.8,0.009012905586819385,72.62089822064364
5510,62.8,0.009012462703171449,72.61738068635542
5511,62.8,0.00901112014784524,72.60671761992894
5512,62.8,0.009010109091342788,72.59868740869543
5513,62.8,0.00901120464941689,72.60738876371768
5514,62.8,0.00901317966987291,72.62307508006836
5515,62.8,0.009016764996227134,72.6515507688248
5516,62.8,0.00902198703328771,72.69302510384303
5517,62.8,0.009021133908168931,72.68624948130683
5518,62.8,0.00902132483035927,72.68776580994927
5519,62.8,0.0090217596453545,72.6912191632572
5520,62.8,0.009023298549092845,72.70344128473394
5521,62.8,0.009026840061757059,72.73156809240709
5522,62.8,0.009030973242393029,72.76439354690541
5523,62.8,0.00903611656350423,72.80524087148633
5524,62.8,0.009040024417311466,72.83627589334846
5525,62.8,0.009044155566554,72.86908384368178
5526,62.8,0.009048063706526147,72.90012034732456
5527,62.8,0.009050422840100249,72.9188552265889
5528,62.8,0.00904517393631167,72.87717126677026
5529,62.8,0.009036393303520884,72.80743867168964
5530,62.8,0.009027214859563456,72.73454473018455
5531,62.8,0.009014622857356875,72.6345373273152
5532,62.8,0.009003395356344817,72.54536361311159
5533,62.8,0.00898893682937194,72.43052300518067
5534,62.8,0.008979392557671153,72.35471226283026
5535,62.8,0.008969376604657719,72.27515246003084
5536,62.8,0.008959172404407753,72.19409475361883
5537,62.8,0.008951336166434306,72.13184532450049
5538,62.8,0.008946876674543885,72.09641936684554
5539,62.8,0.00894240774014287,72.0609178959914
5540,62.8,0.008939899099833231,72.04098889326929
5541,62.8,0.008938964014177639,72.03356039655482
5542,62.8,0.008939618957993866,72.03876339600016
5543,62.8,0.008939203800823482,72.03546530896931
5544,62.8,0.00893804379476709,72.02624997859482
5545,62.8,0.008936902022945873,72.01717947169901
5546,62.8,0.008934851715778673,72.00089126152395
5547,62.8,0.008935587150616585,72.00673377252323
5548,62.8,0.008936068218356229,72.01055550899223
5549,62.8,0.008937533620155438,72.02219703420238
5550,62.8,0.008938095123637222,72.02665774657557
5551,62.8,0.008938483374909283,72.02974209903667
5552,62.8,0.008936587832801513,72.01468346470793
5553,62.8,0.008935792655764422,72.00836636352109
5554,62.8,0.008935041465908343,72.00239869375515
5555,62.8,0.008934858452917853,72.00094478340405
5556,62.8,0.008932645681747776,71.9833657956093
5557,62.8,0.00892919500660786,71.95595224217173
5558,62.8,0.008927279701815758,71.94073615988917
5559,62.8,0.008924071045303048,71.91524487606821
5560,62.8,0.008920023177424057,71.88308607831166
5561,62.8,0.008919438859055271,71.87844385312458
5562,62.8,0.008921737861055637,71.89670864943047
5563,62.8,0.0089260319966091,71.9308237530735
5564,62.8,0.00892873091406881,71.95226528120034
5565,62.8,0.008929528504966054,71.95860170057215
5566,62.8,0.008929050379126977,71.95480325665157
5567,62.8,0.00892721010389129,71.94018323949669
5568,62.8,0.008927563364591173,71.94298971624853
5569,62.8,0.008929602527371627,71.9591897669082
5570,62.8,0.008933339371869969,71.98887671319486
5571,62.8,0.008938544934850929,72.03023114423962
5572,62.8,0.008943028114808932,72.06584621793621
5573,62.8,0.008946759922316158,72.09549188685934
5574,62.8,0.008943424219441826,72.06899290995362
5575,62.8,0.008938814201146684,72.03237025155008
5576,62.8,0.008933199700414042,71.98776711514509
5577,62.8,0.008926797385566652,71.9369043981484
5578,62.8,0.008923916362034852,71.91401598288567
5579,62.8,0.008921071799509262,71.891417028553
5580,62.8,0.008915528222988472,71.8473748613448
5581,62.8,0.008912614238807015,71.82422376049145
5582,62.8,0.00890985829946497,71.80232810179128
5583,62.8,0.008905559587853471,71.76817489187984
5584,62.8,0.008897915414640798,71.70744088167731
5585,62.8,0.008894026814589798,71.67654485326709
5586,62.8,0.00889406207051778,71.6768249733082
5587,62.8,0.008889163715962054,71.63790562170544
5588,62.8,0.008887103892315425,71.62153933296797
5589,62.8,0.008883418670566556,71.59225820854492
5590,62.8,0.008878245307753278,71.55115240330761
5591,62.8,0.008874733156955068,71.52324564716892
5592,62.8,0.008870878454836854,71.4926166980033
5593,62.8,0.008867050149926671,71.4621971270415
5594,62.8,0.00886510497548947,71.44674070056067
5595,62.8,0.008863171154291258,71.43137439283707
5596,62.8,0.008861248620067522,71.41609767898099
5597,62.8,0.008859337306940511,71.40091003715344
5598,62.8,0.008857437149416978,71.3858109485486
5599,62.8,0.008855225501182349,71.36823656857311
5600,62.8,0.008853026761492312,71.35076464137107
5601,62.8,0.008851164544456518,71.33596674142153
5602,62.8,0.008849218655872201,71.32050386149615
5603,62.8,0.008849692902916598,71.32427244427627
5604,62.8,0.008847594382831317,71.30759660598783
5605,62.8,0.00884727073828775,71.30502476270011
5606,62.8,0.008850898485392686,71.33385252561575
5607,62.8,0.008851723777846612,71.34041063635426
5608,62.8,0.008852373865057802,71.34557648262953
5609,62.8,0.008851374327603868,71.33763376416812
5610,62.8,0.008855746424045427,71.37237597950113
5611,62.8,0.008856793007987446,71.38069243199031
5612,62.8,0.00885640251319084,71.37758945294091
5613,62.8,0.008853187554322605,71.35204235956326
5614,62.8,0.00884756068965165,71.30732886305856
5615,62.8,0.008844503881581083,71.28303781172443
5616,62.8,0.008841246114510799,71.25714957226027
5617,62.8,0.008839200374444611,71.24089271507724
5618,62.8,0.008841106373560044,71.25603909793743
5619,62.8,0.008838814020303879,71.23782246758645
5620,62.8,0.00883960939409802,71.24414307491219
5621,62.8,0.008837991698799707,71.23128769778226
5622,62.8,0.00883555304664151,71.21190827891671
5623,62.8,0.008833124640540112,71.19261013425185
5624,62.8,0.00883026674001435,71.16989867756294
5625,62.8,0.008828733143915208,71.15771125411673
5626,62.8,0.008830606891574382,71.17260183961825
5627,62.8,0.008831246397751392,71.17768394521508
5628,62.8,0.008833061865328659,71.19211126798078
5629,62.8,0.008836570460473984,71.21999345546708
5630,62.8,0.008841063987955776,71.25570227370278
5631,62.8,0.00883718168245729,71.22485069716097
5632,62.8,0.008831696182516413,71.1812583434092
5633,62.8,0.008829008006308444,71.15989557830903
5634,62.8,0.008831529251989847,71.17993176244973
5635,62.8,0.008836765499676727,71.2215433885494
5636,62.8,0.008841590543118057,71.25988662842569
5637,62.8,0.008840499376385137,71.25121548988926
5638,62.8,0.008839112339664907,71.24019312781994
5639,62.8,0.008839846131638601,71.24602435714198
5640,62.8,0.00884170212562926,71.26077333578105
5641,62.8,0.008844679321542509,71.28443195897778
5642,62.8,0.008848320134507606,71.31336378639959
5643,62.8,0.008852160707358083,71.34388264966763
5644,62.8,0.008856534810649987,71.37864072536662
5645,62.8,0.008862332357879896,71.4247092159123
5646,62.8,0.008867086601195695,71.46248676923457
5647,62.8,0.008870202008287557,71.48724170529051
5648,62.8,0.00887151175243945,71.49764882202689
5649,62.8,0.008872410977169237,71.50479396098474
5650,62.8,0.008871274964668656,71.49576732954048
5651,62.8,0.00885932772068445,71.40083386278681
5652,62.8,0.008843700573737533,71.2766542537694
5653,62.8,0.008826022481733368,71.13616959126503
5654,62.8,0.008809726494553577,71.00666129545151
5655,62.8,0.008801008712639693,70.93737614931565
5656,62.8,0.008797308616547357,70.90796881288716
5657,62.8,0.008800583298990045,70.93399509729595
5658,62.8,0.008802537480288057,70.94952626940537
5659,62.8,0.008807392489987383,70.98811182812373
5660,62.8,0.00881621575977305,71.05823391493536
5661,62.8,0.008818790437886038,71.0786955515092
5662,62.8,0.008821043334668264,71.09659977112895
5663,62.8,0.008820285293502123,71.0905754812184
5664,62.8,0.008820065528720531,71.08882896814245
5665,62.8,0.008820382888827376,71.09135108968812
5666,62.8,0.008820794855909104,71.09462506719547
5667,62.8,0.008822077745107395,71.10482039415295
5668,62.8,0.008823553830809985,71.11655103351781
5669,62.8,0.008824850838571985,71.12685847257319
5670,62.8,0.008826326506215471,71.13858568646263
5671,62.8,0.008827172757837025,71.14531087101378
5672,62.8,0.008825832892168659,71.13466291393397
5673,62.8,0.008824045681875788,71.12045982381574
5674,62.8,0.0088217864355167,71.10250531358479
5675,62.8,0.008819445609501474,71.08390234406927
5676,62.8,0.008813356660696757,71.03551171525265
5677,62.8,0.008805306641735575,70.97153446333196
5678,62.8,0.008798149434358749,70.91465142969663
5679,62.8,0.00878504024943077,70.81046076870561
5680,62.8,0.00877149097972074,70.70276780050526
5681,62.8,0.00875743032472238,70.59100532239209
5682,62.8,0.008747641316711713,70.51319350174995
5683,62.8,0.008746929920791608,70.50753859440009
5684,62.8,0.00874869178773085,70.52154370383093
5685,62.8,0.008751957540727445,70.5475030214599
5686,62.8,0.008753897657461087,70.56292479122223
5687,62.8,0.008755583406752842,70.57632454575597
5688,62.8,0.008755925833958206,70.5790464367066
5689,62.8,0.008756223635329302,70.58141360269559
5690,62.8,0.00875660045231077,70.5844088454147
5691,62.8,0.008757061791214245,70.588075931091
5692,62.8,0.008757687095011846,70.59304633057725
5693,62.8,0.0087591075745772,70.60433736707446
5694,62.8,0.008760099564459481,70.61222241617774
5695,62.8,0.008760341821333138,70.61414804429188
5696,62.8,0.008759214361700454,70.6051861891313
5697,62.8,0.008757814754647035,70.59406106714222
5698,62.8,0.008757737574726058,70.59344758206127
5699,62.8,0.008752593192077945,70.55255575302068
5700,62.8,0.008743474589368645,70.48007188057926
5701,62.8,0.008731687390484707,70.3863722021516
5702,62.8,0.00870732876268804,70.19272768750287
5703,62.8,0.008682098738841732,69.99214003777502
5704,62.8,0.008654561480517308,69.77319073486153
5705,62.8,0.008641760615761144,69.67140428716732
5706,62.8,0.008626560167236477,69.55053211224165
5707,62.8,0.008617339515057968,69.47720773332031
5708,62.8,0.008614142950190147,69.45178754126661
5709,62.8,0.008608830752561528,69.40954253397413
5710,62.8,0.008603766031247618,69.36926490785447
5711,62.8,0.008600349696360893,69.34209584927615
5712,62.8,0.00859744088308082,69.31896272158544
5713,62.8,0.008599218203125793,69.33309736735623
5714,62.8,0.008601008204773357,69.34733278665965
5715,62.8,0.00860297448378943,69.36297000104628
5716,62.8,0.008605995507496569,69.3869950866748
5717,62.8,0.008611315850095884,69.42930524641297
5718,62.8,0.008615984009633839,69.46642831571712
5719,62.8,0.008617134923252856,69.47558075607556
5720,62.8,0.008616098326256426,69.4673374002678
5721,62.8,0.008611447939467706,69.43035568141624
5722,62.8,0.008605565463845968,69.38357512242527
5723,62.8,0.008601256635673233,69.34930848684942
5724,62.8,0.008596280504072342,69.30973443278842
5725,62.8,0.008592796538840337,69.28202687008755
5726,62.8,0.0085819510333587,69.19577188979396
5727,62.8,0.008570700345568859,69.10629133367452
5728,62.8,0.008567697823502609,69.08241071209001
5729,62.8,0.00857164836436218,69.11383137358462
5730,62.8,0.008581355841256761,69.19103820406329
5731,62.8,0.008594208189297122,69.2932535958117
5732,62.8,0.00859472142507931,69.29733530013226
5733,62.8,0.008595582979886501,69.30418713009728
5734,62.8,0.00859638598261615,69.31057328637463
5735,62.8,0.008597279866510649,69.3176821873421
5736,62.8,0.00859638597738726,69.31057324479013
5737,62.8,0.008595497270549835,69.30350549606337
5738,62.8,0.008595149091538459,69.30073647653076
5739,62.8,0.008594980873385095,69.29939865972199
5740,62.8,0.008596265821186656,69.3096176621807
5741,62.8,0.008597397897326997,69.31862086410217
5742,62.8,0.008598638133065885,69.32848420312948
5743,62.8,0.00859990436852875,69.33855427256945
5744,62.8,0.00860248431092339,69.35907181559725
5745,62.8,0.008606272423250322,69.38919728385837
5746,62.8,0.008604625966510649,69.3761036616247
5747,62.8,0.008605060711271052,69.37956102218725
5748,62.8,0.0086029983590031,69.363159872704
5749,62.8,0.008596450638883799,69.31108748694467
5750,62.8,0.008598185507394938,69.32488456902077
5751,62.8,0.008599473322948617,69.33512627414295
5752,62.8,0.008591993199342271,69.27563796280045
5753,62.8,0.008578942710979144,69.17184598893647
5754,62.8,0.008564389213547893,69.0560953507274
5755,62.8,0.008553780988092858,68.97171990245864
5756,62.8,0.008547170108427532,68.91913701088022
5757,62.8,0.008542225039417019,68.87980324492095
5758,62.8,0.00853722625026226,68.84004155436595
5759,62.8,0.008532609726254524,68.80331994182964
5760,62.8,0.008526406407461357,68.75397550473762
5761,62.8,0.008522194290186628,68.7204695708258
5762,62.8,0.008517800704651933,68.68551964270989
5763,62.8,0.008514363139282255,68.65817428799944
5764,62.8,0.008509237901157013,68.61740317735297
5765,62.8,0.008505931916232005,68.59110381789854
5766,62.8,0.008508490958537427,68.61146121658984
5767,62.8,0.008506102862231416,68.5924637129809
5768,62.8,0.0085064580764281,68.59528948040321
5769,62.8,0.008505887674229965,68.59075186756479
5770,62.8,0.008502147579551016,68.56099879557017
5771,62.8,0.008492471572302653,68.48402291888982
5772,62.8,0.008482349277978073,68.40349415023252
5773,62.8,0.008466113893804887,68.27432677792983
5774,62.8,0.008448499118778785,68.13417756103497
5775,62.8,0.008425645780242135,67.95233685567325
5776,62.8,0.008400587437640192,67.7529360972498
5777,62.8,0.008378850238264202,67.57995036154531
5778,62.8,0.008360403472538906,67.43314070482484
5779,62.8,0.008348213521571314,67.33612155626471
5780,62.8,0.008341781873502407,67.28493091105254
5781,62.8,0.008337765223776106,67.25296114259064
5782,62.8,0.008333930722610827,67.22244077118438
5783,62.8,0.00833164178070016,67.20422196437033
5784,62.8,0.008327553865785235,67.17168392341381
5785,62.8,0.008324515745550595,67.14750152227185
5786,62.8,0.008322017019545835,67.12761234055594
5787,62.8,0.008319024901760388,67.10379568651177
5788,62.8,0.008323525943033835,67.13962298138735
5789,62.8,0.008326731585484692,67.1651388756097
5790,62.8,0.008330071880608612,67.19172628614227
5791,62.8,0.008327427315553427,67.17067663137244
5792,62.8,0.00832558841697508,67.15603964768103
5793,62.8,0.008322647901564645,67.13263400530653
5794,62.8,0.008316334276500798,67.082378659056
5795,62.8,0.0083058070201195,66.99858130874026
5796,62.8,0.008290213951340364,66.87445476004056
5797,62.8,0.008274681232933775,66.75080251571632
5798,62.8,0.008245257159852705,66.51654781973821
5799,62.8,0.008216032515295645,66.28385918546675
5800,62.8,0.008186858270046336,66.0515503062037
5801,62.8,0.00816124897744326,65.84761072656687
5802,62.8,0.00813911741399721,65.67135268619624
5803,62.8,0.00812621724622899,65.56860871526268
5804,62.8,0.008127587462260243,65.57952206265733
5805,62.8,0.008123093949965757,65.54373244797998
5806,62.8,0.008118499676640554,65.50713977105175
5807,62.8,0.008114215000682275,65.47301250837563
5808,62.8,0.008111571073644587,65.45195350983502
5809,62.8,0.008112320610059362,65.45792361925899
5810,62.8,0.008111509911348184,65.45146634728388
5811,62.8,0.008108733015111582,65.42934804846186
5812,62.8,0.008106177328289737,65.4089915358529
5813,62.8,0.008103634004467826,65.38873333284869
5814,62.8,0.008101105437251658,65.36859250772437
5815,62.8,0.008098672127806817,65.34921028776388
5816,62.8,0.008097569259470186,65.34042547960539
5817,62.8,0.00810045929354185,65.36344574597082
5818,62.8,0.008101800229625051,65.37412676140364
5819,62.8,0.008103983412442062,65.39151646343561
5820,62.8,0.008105289808410424,65.40192223917926
5821,62.8,0.008107667525701523,65.42086125065669
5822,62.8,0.008112319444487386,65.45791433540856
5823,62.8,0.00811931238274846,65.51361288843714
5824,62.8,0.00812525139265749,65.56091596142039
5825,62.8,0.008131905731431834,65.61391543207247
5826,62.8,0.008141695617869404,65.69188640336947
5827,62.8,0.008152467636854016,65.77767671155023
5828,62.8,0.008167532365781136,65.89765001888188
5829,62.8,0.008184013021671105,66.02889299176049
5830,62.8,0.008197481524026912,66.13614371583472
5831,62.8,0.008210627480732919,66.24082156276957
5832,62.8,0.008222618692191989,66.33630066373472
5833,62.7,0.008233044175105885,66.65352563227636
5834,62.7,0.008240772438257708,66.71527435364254
5835,62.7,0.008240664104940947,66.71440878232669
5836,62.7,0.008238846876031592,66.6998892783412
5837,62.7,0.00823691343278765,66.68444113979227
5838,62.7,0.008235900871484377,66.67635077537312
5839,62.7,0.008243166096742614,66.73439934640156
5840,62.7,0.008254859169122929,66.82782325263528
5841,62.7,0.008264844023708747,66.90759630124101
5842,62.7,0.00827417147681043,66.98211481944642
5843,62.7,0.00827775425688631,67.01073763750759
5844,62.7,0.008275815472692872,66.99524873746546
5845,62.7,0.008269608835889635,66.94566342524536
5846,62.7,0.008264470362727079,66.9046110178
5847,62.7,0.008258894273868323,66.86006164361056
5848,62.7,0.008250390768773179,66.79212257312787
5849,62.7,0.008239195690410442,66.70267628197024
5850,62.7,0.008237056988416489,66.68558814710656
5851,62.7,0.008233863655800758,66.66007334407882
5852,62.7,0.008232711007001388,66.65086358943167
5853,62.7,0.008230078157202824,66.62982678590627
5854,62.7,0.008228091477624258,66.61395284795718
5855,62.7,0.00822624801143043,66.59922312196258
5856,62.7,0.00822478672050512,66.58754700450552
5857,62.7,0.008222777844748976,66.57149544485755
5858,62.7,0.008222746812384845,66.5712474855426
5859,62.7,0.008225157327249724,66.59050825971823
5860,62.7,0.008227610909010112,66.61011300065083
5861,62.7,0.008229832214622,66.62786166454251
5862,62.7,0.008232800724634953,66.65158044159583
5863,62.7,0.008233285908326348,66.65545710048748
5864,62.7,0.008235179254279934,66.67058503832386
5865,62.7,0.008236943773455806,66.68468356131785
5866,62.7,0.008241016028679686,66.71722061330335
5867,62.7,0.008244695148463425,66.74661617735092
5868,62.7,0.008242614396863985,66.72999135528231
5869,62.7,0.008239141257460812,66.70224136653529
5870,62.7,0.008238664544156626,66.69843245758975
5871,62.7,0.008240367150377806,66.71203614641972
5872,62.7,0.008241212408406083,66.71878966380108
5873,62.7,0.008246599218512323,66.76182925017426
5874,62.7,0.008256930939753535,66.84437567540856
5875,62.7,0.008273846721133514,66.97952033134163
5876,62.7,0.008294075322027228,67.14112245454477
5877,62.7,0.008308231745663421,67.25420903512511
5878,62.7,0.008322985725122292,67.37206369932287
5879,62.7,0.008337668242088727,67.48934204414856
5880,62.7,0.008351438869443149,67.59933159717195
5881,62.7,0.008365129598313172,67.70867821616756
5882,62.7,0.008372897630971973,67.77071868150773
5883,62.7,0.008380630103915685,67.8324736256041
5884,62.7,0.008385186027065722,67.8688585307313
5885,62.7,0.008386002699479938,67.87538065458241
5886,62.7,0.008387929864798378,67.8907713497448
5887,62.7,0.0083894680489598,67.90305550261742
5888,62.7,0.008390707129299744,67.91295092712832
5889,62.7,0.00839120412450655,67.91691997162656
5890,62.7,0.00838909801785881,67.90010038820243
5891,62.7,0.008382265664002181,67.84553573669136
5892,62.7,0.008370333707442442,67.75024172131185
5893,62.7,0.008358106235689139,67.6525838445324
5894,62.7,0.008343028429601702,67.53215581584787
5895,62.7,0.008331189581611692,67.43759364914858
5896,62.7,0.008321163691558846,67.35750960912704
5897,62.7,0.008312351386743157,67.28711724877598
5898,62.7,0.008302894825150522,67.21157639983072
5899,62.7,0.008301571788785024,67.20100754785804
5900,62.7,0.008302197113977148,67.20600285779744
5901,62.7,0.008301197801110934,67.1980200026075
5902,62.7,0.008299066374212538,67.18099334621735
5903,62.7,0.00829782492327216,67.17107610639734
5904,62.7,0.00829633847105643,67.15920164045488
5905,62.7,0.008295766756669154,67.1546345073047
5906,62.7,0.008297890763210315,67.1716020648973
5907,62.7,0.008300806311613552,67.19489264283037
5908,62.7,0.008305498090174685,67.23237201210657
5909,62.7,0.00831159320790525,67.2810608526899
5910,62.7,0.00831443684741899,67.303776008236
5911,62.7,0.008316844096743882,67.32300509371807
5912,62.7,0.0083187008530675,67.33783674582239
5913,62.7,0.008317503494239846,67.32827232922654
5914,62.7,0.008316012832828096,67.31636498180279
5915,62.7,0.008316709442300826,67.32192947914302
5916,62.7,0.008316974363374356,67.32404565817556
5917,62.7,0.00830947724375217,67.26415827665517
5918,62.7,0.008303267188031671,67.21455094965194
5919,62.7,0.008290254219284287,67.11059724701434
5920,62.7,0.00828235683985497,67.04750717990613
5921,62.7,0.008273538661131435,66.9770592232831
5922,62.7,0.008270948351684237,66.95636500549969
5923,62.7,0.008270611927443999,66.95367726916204
5924,62.7,0.008271032763518461,66.95703938200272
5925,62.7,0.008273720334680126,66.97851062340436
5926,62.7,0.008274933988889442,66.98820655315988
5927,62.7,0.008275373738621765,66.99171972132237
5928,62.7,0.008275761371750992,66.9948165249822
5929,62.7,0.008276438196180437,67.00022367073922
5930,62.7,0.008277103556638321,67.00553921958499
5931,62.7,0.008278700765180082,67.01829923476153
5932,62.7,0.008279310893727123,67.02317350261622
5933,62.7,0.008279915652513268,67.02800486256984
5934,62.7,0.00828074297472533,67.03461424537332
5935,62.7,0.008281816245725385,67.04318845913822
5936,62.7,0.008285075028642138,67.06922224676215
5937,62.7,0.008294317514214356,67.14305721516428
5938,62.7,0.00830236741908648,67.20736331111378
5939,62.7,0.00830744489860953,67.24792355247253
5940,62.7,0.008308060934459092,67.25284456434652
5941,62.7,0.008304753558180847,67.22642449893958
5942,62.7,0.00830023169588843,67.19030239744002
5943,62.7,0.008290145194222037,67.10972628550702
5944,62.7,0.008275027023976608,66.98894981247766
5945,62.7,0.008265090511532444,66.9095655603569
5946,62.7,0.008258405414799854,66.85615593555796
5947,62.7,0.008265232060934257,66.9106964368199
5948,62.7,0.008272559752640553,66.9692386543062
5949,62.7,0.0082835890401554,67.05735100500029
5950,62.7,0.008287651352435508,67.08980380963665
5951,62.7,0.008291738039702498,67.12245091785935
5952,62.7,0.008295033409475627,67.14877616039551
5953,62.7,0.008295955487532387,67.15614218233425
5954,62.7,0.008295750807163924,67.15450709476515
5955,62.7,0.008296922511409828,67.16386723087358
5956,62.7,0.008297647722989335,67.16966055174309
5957,62.7,0.008297427448117548,67.16790089700864
5958,62.7,0.008300966453124876,67.19617191164436
5959,62.7,0.008301357516666665,67.1992958671486
5960,62.7,0.008300934612091913,67.19591755390883
5961,62.7,0.008312332630477358,67.28696742232894
5962,62.7,0.008322650896824758,67.36938915487902
5963,62.7,0.008329215229411054,67.42182327066193
5964,62.7,0.008333892966097066,67.4591871014736
5965,62.7,0.008335156128347844,67.46927662530273
5966,62.7,0.008334977720927925,67.46785159632054
5967,62.7,0.008333139195436347,67.45316632989383
5968,62.7,0.008329116750690644,67.42103665731055
5969,62.7,0.008327182743137124,67.4055884359805
5970,62.7,0.008334954607828106,67.46766698041357
5971,62.7,0.008341901424876869,67.5231540787245
5972,62.7,0.008351163975028034,67.59713599157794
5973,62.7,0.008358566103026597,67.65625676295203
5974,62.7,0.008365745898547324,67.71360043892713
5975,62.7,0.008373143345388698,67.77268108867202
5976,62.7,0.008378299543986452,67.81386090419454
5977,62.7,0.008382853058650728,67.85022684352137
5978,62.7,0.008382556801778384,67.84786084989372
5979,62.7,0.008383317896090625,67.85393916615551
5980,62.7,0.008384174383602176,67.86077930216211
5981,62.7,0.00838502871132824,67.86760217103168
5982,62.7,0.008385718296622045,67.87310935330648
5983,62.7,0.0083883731418975,67.89431142852452
5984,62.7,0.008393999780135903,67.9392461902318
5985,62.7,0.008399209912649164,67.98085399015488
5986,62.7,0.008404490862575081,68.02302663170592
5987,62.7,0.008411540339258942,68.07932128363073
5988,62.7,0.008414101462366045,68.09977320398633
5989,62.7,0.008410503732853044,68.07104338687664
5990,62.7,0.008410120964055738,68.06798675158929
5991,62.7,0.008409212176688712,68.06072953196767
5992,62.7,0.00840837019962488,68.05400581455963
5993,62.7,0.008410394506101995,68.07017114703095
5994,62.7,0.008412246192356167,68.08495790991216
5995,62.7,0.008421039518677145,68.1551764122198
5996,62.7,0.008431681859897832,68.24015747558421
5997,62.7,0.008446957938316166,68.36213477238823
5998,62.7,0.00846346414438568,68.4939278174532
5999,62.7,0.008477356229890437,68.60484318832508
6000,62.7,0.008491218532968322,68.71551590176092
6001,62.7,0.008504061379959162,68.81804522244785
6002,62.7,0.008502968732946653,68.80932236932543
6003,62.7,0.008501545867603957,68.79796326178433
6004,62.7,0.008498301200275208,68.77206003898007
6005,62.7,0.008496881636836243,68.76072712365612
6006,62.7,0.008497680159701083,68.76710204194276
6007,62.7,0.008497022985553077,68.76185556655828
6008,62.7,0.008492728447352516,68.72757033791017
6009,62.7,0.008488547135525826,68.69418859750054
6010,62.7,0.008484041886982204,68.65822019432125
6011,62.7,0.008479495253881279,68.62192086943375
6012,62.7,0.008472509836151058,68.56614980094278
6013,62.7,0.008465285885935555,68.50847300639228
6014,62.7,0.008460007961310615,68.46633265351811
6015,62.7,0.008456947177945217,68.44189422243308
6016,62.7,0.0084520556013971,68.40283756598065
6017,62.7,0.008447819914707722,68.36901735413782
6018,62.7,0.008444048559807365,68.3389042577025
6019,62.7,0.008442965222679755,68.33025408091235
6020,62.7,0.00844367024401766,68.33588350384841
6021,62.7,0.008445572594941863,68.35107324783918
6022,62.7,0.008446513048974612,68.35858247833404
6023,62.7,0.008446185016815601,68.35596324697035
6024,62.7,0.008447209330830758,68.36414205614417
6025,62.7,0.008447056106681379,68.36291861359788
6026,62.7,0.008446024445126115,68.35468113264207
6027,62.7,0.008445589786900676,68.35121052043938
6028,62.7,0.008445129722417856,68.34753704187423
6029,62.7,0.008446998554155252,68.36245907616244
6030,62.7,0.00845011144910121,68.38731436789936
6031,62.7,0.008451729455348946,68.40023344040614
6032,62.7,0.008451373888456258,68.39739439990498
6033,62.7,0.008451240971189326,68.39633311494204
6034,62.7,0.008453153912038025,68.4116070494134
6035,62.7,0.008456232628172132,68.43618895751213
6036,62.7,0.008453783301413057,68.41663240778168
6037,62.7,0.008445444208871698,68.35004812359678
6038,62.7,0.008437346152699943,68.28538673142785
6039,62.7,0.008428616194885555,68.21567786757888
6040,62.7,0.00842182512514981,68.16144972332381
6041,62.7,0.008412986320354318,68.09086822662341
6042,62.7,0.008406323852001308,68.03766436444687
6043,62.7,0.008399404068288787,67.982404491937
6044,62.7,0.008401647591625138,68.0003209093308
6045,62.7,0.008407342048816203,68.04579535812704
6046,62.7,0.008411489616726286,68.07891623574623
6047,62.7,0.008412180276134398,68.08443153306084
6048,62.7,0.008411873765555173,68.08198387807428
6049,62.7,0.008412441517288987,68.08651768499863
6050,62.7,0.008413001740371158,68.09099136353244
6051,62.7,0.008414620679800549,68.10391940910122
6052,62.7,0.008416239689044678,68.11684794576603
6053,62.7,0.008419150126176604,68.14008896365117
6054,62.7,0.008422777952485173,68.16905832384664
6055,62.7,0.00842341246858718,68.17412510479357
6056,62.7,0.008424148107927448,68.17999936910252
6057,62.7,0.008424821764790572,68.185378675787
6058,62.7,0.008427434911859322,68.20624515391582
6059,62.7,0.008433007628081494,68.25074377879223
6060,62.7,0.00844016778135616,68.30791707208803
6061,62.7,0.008451138905464851,68.39551816545129
6062,62.7,0.008458284663322923,68.45257323158866
6063,62.7,0.00846527797252555,68.5084098241519
6064,62.7,0.008465746586008505,68.51215132472699
6065,62.7,0.008472370692530895,68.56503887581698
6066,62.7,0.008478783566408635,68.616238864818
6067,62.7,0.00848250288618597,68.64593320697338
6068,62.7,0.008486544311374565,68.67819878030747
6069,62.7,0.008485765379014704,68.67198004113892
6070,62.7,0.008483735756994078,68.65577613584884
6071,62.7,0.008482146127271812,68.64308492680561
6072,62.7,0.008480855212773222,68.63277853885405
6073,62.7,0.008480301252193335,68.62835582196598
6074,62.7,0.008479917707700492,68.62529367045197
6075,62.7,0.0084796728530147,68.62333879192242
6076,62.7,0.008477089985366866,68.60271751959128
6077,62.7,0.00847651584493499,68.59813363566617
6078,62.7,0.008476185336649617,68.59549488440193
6079,62.7,0.008474066744138704,68.57858014842655
6080,62.7,0.008473691777490296,68.57558642173693
6081,62.7,0.008474315519165162,68.58056636160768
6082,62.7,0.008478484139667087,68.6138482833877
6083,62.7,0.008483747882741218,68.65587294455759
6084,62.7,0.008486436818245372,68.67734059151555
6085,62.7,0.00849255489390632,68.72618477292522
6086,62.7,0.008501514259337432,68.79771092411315
6087,62.7,0.008508032718953652,68.84974908298243
6088,62.7,0.00851483016458032,68.90401329649501
6089,62.7,0.00851359722575431,68.89417079552187
6090,62.7,0.008508495887020733,68.85344660478471
6091,62.7,0.008505634361167082,68.83060264114773
6092,62.7,0.008504161989181034,68.8188484075516
6093,62.7,0.008504879969924972,68.82458019514343
6094,62.7,0.008505629086230636,68.83056053039618
6095,62.7,0.008506924087236472,68.84089873155244
6096,62.7,0.008507581048596911,68.84614334343863
6097,62.7,0.00850887257829702,68.8564537688151
6098,62.7,0.008509445560517356,68.86102793613999
6099,62.7,0.008510869603665518,68.87239616149377
6100,62.7,0.008512265887695408,68.88354273420939
6101,62.7,0.00851289251772804,68.88854512245084
6102,62.7,0.00851350855008064,68.89346289970774
6103,62.7,0.008514150547332336,68.89858794414756
6104,62.7,0.008514436207581402,68.90086835783022
6105,62.7,0.008517211571640511,68.92302386412467
6106,62.7,0.008518550562651085,68.93371285105867
6107,62.7,0.008520134254351441,68.94635519240711
6108,62.7,0.008519764473888638,68.94340330358145
6109,62.7,0.008518827610106977,68.93592447833772
6110,62.7,0.008519972224389917,68.94506173771346
6111,62.7,0.008522683973562907,68.96670903354595
6112,62.7,0.008525128182396055,68.9862204542609
6113,62.7,0.008529694919118548,69.02267500324952
6114,62.7,0.008533827984233975,69.05566725895399
6115,62.7,0.008538594074261838,69.0937121087322
6116,62.7,0.00854135206602689,69.11572724684287
6117,62.7,0.008544095598922248,69.1376267787181
6118,62.7,0.008546129719800292,69.15386349216337
6119,62.7,0.008547582349412953,69.1654585751216
6120,62.7,0.008548130061893035,69.1698304751845
6121,62.7,0.008548806548416001,69.17523025305583
6122,62.7,0.008548395202038695,69.17194684968244
6123,62.7,0.008549058847771157,69.17724412683125
6124,62.7,0.00854972673830962,69.18257527512677
6125,62.7,0.008547808812676042,69.1672662302228
6126,62.7,0.008544511744856799,69.14094853786386
6127,62.7,0.008541530178652312,69.11714898995214
6128,62.7,0.008541262676094659,69.1150137119443
6129,62.7,0.00854849284886071,69.17272627568937
6130,62.7,0.008558019385447802,69.24876681523556
6131,62.7,0.00856587932389742,69.31150288663517
6132,62.7,0.008571729836580827,69.35819920653852
6133,62.7,0.008575706182330348,69.38993622333052
6134,62.7,0.008579991523513289,69.42413902449711
6135,62.7,0.00858629282185926,69.47443103780394
6136,62.7,0.00859268292927305,69.52543082878479
6137,62.7,0.0085972218055864,69.56165521690248
6138,62.7,0.008597337904833356,69.56258178833637
6139,62.7,0.00859229924525321,69.52236865515502
6140,62.7,0.008587021925359668,69.48025010430167
6141,62.7,0.00858296720525377,69.44788870381603
6142,62.7,0.008576245571142222,69.39424129895937
6143,62.7,0.008570509120184705,69.34845603566382
6144,62.7,0.008573928097415254,69.37574457159312
6145,62.7,0.008578364350476646,69.41115204426993
6146,62.7,0.00858343018218738,69.45158382133823
6147,62.7,0.008590154209132698,69.50524910092307
6148,62.7,0.008597747128686944,69.56584774248198
6149,62.7,0.00860457140437258,69.62031063752453
6150,62.7,0.008611275635267906,69.67381433616666
6151,62.7,0.008616547681021587,69.71588755742
6152,62.7,0.00861337307088748,69.69055287018037
6153,62.7,0.008606414945631082,69.63502329253598
6154,62.7,0.008600144198626718,69.5849783126971
6155,62.7,0.008593210371951364,69.52964033098816
6156,62.7,0.008585896661411255,69.4712692259302
6157,62.7,0.008576863579820107,69.39917386180682
6158,62.7,0.008567878153273763,69.32745679550175
6159,62.7,0.008558931314535324,69.25604568633146
6160,62.7,0.008552902636546829,69.20792535912872
6161,62.7,0.008548769260363529,69.17493261668078
6162,62.7,0.008543381639300554,69.13192780161148
6163,62.7,0.008538382666025982,69.09202457525622
6164,62.7,0.008539980190145702,69.1047765359021
6165,62.7,0.008539794329522747,69.1032929388699
6166,62.7,0.008539790282057074,69.10326063073612
6167,62.7,0.008540212371062103,69.10662987462783
6168,62.7,0.008540823051950303,69.11150450878668
6169,62.7,0.00854127381490133,69.11510262495808
6170,62.7,0.008541722210535027,69.1186818394348
6171,62.7,0.008542349666777053,69.12369035527219
6172,62.7,0.00854284523268701,69.12764608177746
6173,62.7,0.008543338587665199,69.13158415391571
6174,62.7,0.008544361263121785,69.13974736340215
6175,62.7,0.008545382254334571,69.14789710248557
6176,62.7,0.008546906445722587,69.16006342852789
6177,62.7,0.00854985805039116,69.18362341588038
6178,62.7,0.00855481183061351,69.22316446189943
6179,62.7,0.008561662771342907,69.2778476086418
6180,62.7,0.008572687331598088,69.36584144462594
6181,62.7,0.008583647912103046,69.45332156829606
6182,62.7,0.008589231964473,69.4978886214795
6183,62.7,0.008591010709888373,69.5120848557902
6184,62.7,0.00859648514786357,69.55577604934938
6185,62.7,0.008596696694834795,69.55746437906669
6186,62.7,0.008599090003391366,69.57656499413467
6187,62.7,0.008604471374931207,69.61951233524003
6188,62.7,0.00860457937829061,69.62037427474775
6189,62.7,0.00860447811844059,69.61956615299279
6190,62.7,0.008604238916038865,69.61765715580378
6191,62.7,0.00860427775379903,69.61796710753507
6192,62.7,0.00860410399324743,69.61658037989959
6193,62.7,0.00860546946342319,69.62747774199947
6194,62.7,0.008607002249469009,69.63971034003399
6195,62.7,0.008610517394075659,69.66776318334568
6196,62.7,0.008613624883892064,69.69256245025967
6197,62.7,0.008616256509155916,69.7135638974726
6198,62.7,0.00861929846481802,69.73783973086033
6199,62.7,0.008621368321133215,69.75435774929463
6200,62.7,0.00862228904260752,69.76170532315508
6201,62.7,0.00862255284774679,69.76381054624207
6202,62.7,0.008621369978798645,69.75437097787382
6203,62.7,0.0086279140757759,69.80659394451332
6204,62.7,0.008635412069368601,69.86642783007292
6205,62.7,0.00864561712030231,69.94786170969618
6206,62.7,0.008655166877466012,70.02406411360086
6207,62.7,0.008658310621002654,70.04914914859107
6208,62.7,0.008656002274642891,70.03073006579412
6209,62.7,0.008659357426410304,70.05750192147889
6210,62.7,0.008662332476637818,70.08124058409196
6211,62.7,0.008664497540964863,70.09851602777762
6212,62.7,0.008663501598490895,70.09056923561523
6213,62.7,0.008661421427065646,70.07397111770408
6214,62.7,0.008659215132263635,70.05636651562706
6215,62.7,0.008658627991160813,70.05168154276814
6216,62.7,0.00865912616982326,70.05565665851204
6217,62.7,0.00865966281787594,70.05993872593741
6218,62.7,0.008662321926993856,70.08115640626562
6219,62.7,0.008664969413400473,70.10228116837833
6220,62.7,0.00866849169200041,70.13038577709315
6221,62.7,0.008673379646458236,70.16938672817311
6222,62.7,0.008677243449345637,70.20021555389054
6223,62.7,0.008679891280160982,70.22134206428294
6224,62.7,0.008680339884487236,70.22492137054773
6225,62.7,0.008682209566723232,70.23983906158936
6226,62.7,0.008689307234488335,70.2964686359724
6227,62.7,0.008696244534116222,70.35181746255175
6228,62.7,0.008704573469787896,70.4182677647421
6229,62.7,0.008708731132332021,70.45143796477745
6230,62.7,0.0087146804446849,70.4989013450175
6231,62.7,0.0087160206676741,70.50959346778939
6232,62.7,0.008715064554209407,70.50196572494035
6233,62.7,0.008714566728678211,70.49799413157803
6234,62.7,0.00871877653485133,70.53157927094344
6235,62.7,0.008724834247461895,70.57990591632203
6236,62.7,0.008727337702457748,70.59987747114337
6237,62.7,0.008727248899530572,70.59916903989894
6238,62.7,0.008727155775395028,70.59842613571371
6239,62.7,0.008726496209204015,70.59316439485914
6240,62.7,0.008725207653960784,70.58288481291206
6241,62.7,0.008723670569581272,70.57062250928597
6242,62.7,0.008722031532872557,70.55754680097584
6243,62.7,0.00872044693260322,70.5449053044745
6244,62.7,0.008721105673710011,70.55016056397635
6245,62.7,0.008724376837815262,70.57625686941026
6246,62.7,0.008726867446888775,70.59612597386715
6247,62.7,0.008728338478642033,70.60786121577097
6248,62.7,0.008728778692972824,70.61137304071589
6249,62.7,0.008729204060332058,70.61476641877788
6250,62.7,0.008736692801882474,70.67450728006742
6251,62.7,0.008741581075963633,70.71350234631122
6252,62.7,0.008742552537573388,70.72125188269811
6253,62.7,0.0087390672052381,70.69344860448241
6254,62.7,0.008736865841517796,70.6758876737153
6255,62.7,0.008732711833811416,70.6427495892778
6256,62.7,0.008728106611740012,70.60601148762447
6257,62.7,0.008729953229318129,70.62074292076467
6258,62.7,0.008737082740075515,70.67761794323204
6259,62.7,0.008741736479903492,70.71474203507792
6260,62.7,0.008744165277602089,70.734116967844
6261,62.7,0.008746570457983943,70.75330335419689
6262,62.7,0.008746473292998951,70.75252826134569
6263,62.7,0.00874539897968199,70.74395836223354
6264,62.7,0.008744004171435782,70.73283180114656
6265,62.7,0.008742092061967306,70.71757858306633
6266,62.7,0.00874143358015851,70.71232574177515
6267,62.7,0.008739300957151407,70.69531330556707
6268,62.7,0.008737167910714069,70.67829737646841
6269,62.7,0.008736465788295043,70.67269631743875
6270,62.7,0.008734439354980266,70.65653072948247
6271,62.7,0.00873300228646662,70.6450666537266
6272,62.7,0.00873245503371546,70.64070098383918
6273,62.7,0.008734017900046716,70.65316861872752
6274,62.7,0.00873739109574779,70.6800777935018
6275,62.7,0.008741095194808516,70.70962636978865
6276,62.7,0.008746053033583768,70.74917581565113
6277,62.7,0.008751522309529082,70.7928043535234
6278,62.7,0.008758802133908549,70.85087450333145
6279,62.7,0.008761126715430783,70.86941708548574
6280,62.7,0.008768892100266816,70.93135854952662
6281,62.7,0.008774519321846173,70.97624376117169
6282,62.7,0.008779622409924928,71.0169475593822
6283,62.7,0.008783077214422322,71.04450376749148
6284,62.7,0.008786157964758722,71.06907619056432
6285,62.7,0.008789223673871806,71.09352840480284
6286,62.7,0.00879349774149655,71.12761813647944
6287,62.7,0.008796805894580378,71.15400346895518
6288,62.7,0.008799181202869244,71.17294840064798
6289,62.7,0.0088015458784768,71.19180838670309
6290,62.7,0.008803899968998514,71.21058380863342
6291,62.7,0.008806243521816803,71.22927504623286
6292,62.7,0.008804609085238842,71.21623945009173
6293,62.7,0.00880255483539323,71.19985549960715
6294,62.7,0.008800135871204944,71.18056258319825
6295,62.7,0.008797536106168421,71.15982748969508
6296,62.7,0.008797061313891599,71.15604064353589
6297,62.7,0.008803293278658775,71.20574506711189
6298,62.7,0.008808295798526605,71.2456430683097
6299,62.7,0.008814121744293638,71.29210757157828
6300,62.7,0.008819035813274607,71.33129878543248
6301,62.7,0.008818902424601382,71.3302349777373
6302,62.7,0.008818769774315787,71.32917705842007
6303,62.7,0.008816416754684505,71.31041106240076
6304,62.7,0.008815869445536594,71.30604609732308
6305,62.7,0.008817182190272749,71.31651564273007
6306,62.7,0.008820593251827666,71.34371971020978
6307,62.7,0.008823475789100204,71.36670843521405
6308,62.7,0.00882729493521199,71.39716645140108
6309,62.7,0.008829422569067305,71.41413435300986
6310,62.7,0.0088310090243472,71.42678627548575
6311,62.7,0.008830798171412675,71.4251047347594
6312,62.7,0.008831183030168692,71.42817396163579
6313,62.7,0.008831473242655758,71.43048838737765
6314,62.7,0.008831408505865265,71.42997211586115
6315,62.7,0.008832606163376245,71.4395233361825
6316,62.7,0.008834236315667892,71.45252360859045
6317,62.7,0.008836049039747204,71.46697979058449
6318,62.7,0.008838032119930334,71.48279443984741
6319,62.7,0.00883855104754031,71.48693276247432
6320,62.7,0.008838561384994247,71.48701520110895
6321,62.7,0.008839566260275593,71.49502881967922
6322,62.7,0.008840976121726622,71.5062720544015
6323,62.7,0.008842411172203149,71.51771611265666
6324,62.7,0.0088437782541048,71.52861809532479
6325,62.7,0.008846969362359607,71.55406584315239
6326,62.7,0.008852177365824365,71.59559693003538
6327,62.7,0.008849936294950145,71.57772565325041
6328,62.7,0.00884915788643124,71.57151825443812
6329,62.7,0.00885028503011571,71.58050662793384
6330,62.7,0.008846576766443683,71.55093506953234
6331,62.7,0.008841637516968476,71.51154647163258
6332,62.7,0.008836628062911111,71.47159738936485
6333,62.7,0.008838035120952187,71.482818372293
6334,62.7,0.008839209149484127,71.49218095707928
6335,62.7,0.008841100544840287,71.50726429010533
6336,62.7,0.008842517675787082,71.51856544183373
6337,62.7,0.008845683753802389,71.54381368593039
6338,62.7,0.00884868503796671,71.56774752897958
6339,62.7,0.00885293227367656,71.60161686597426
6340,62.7,0.008857226062379795,71.63585697352313
6341,62.7,0.008861474989058638,71.66973887742857
6342,62.7,0.008867017093292509,71.71393218617045
6343,62.7,0.008870053644791688,71.73814563061083
6344,62.7,0.008871818767131006,71.75222059900098
6345,62.7,0.008870088477479996,71.73842338491755
6346,62.7,0.008867706798717977,71.71943191378406
6347,62.7,0.008861399923682393,71.66914029307347
6348,62.7,0.008853705847958547,71.60778564051279
6349,62.7,0.008848910884873488,71.56954854363538
6350,62.7,0.008840438827778558,71.50198729747585
6351,62.7,0.008832128176662879,71.43571143573563
6352,62.7,0.008822853678204021,71.36174701278958
6353,62.7,0.008813632948289579,71.28820923948555
6354,62.7,0.008806836957315727,71.23400802778785
6355,62.7,0.008802179415672256,71.19686127676424
6356,62.7,0.00879947703591699,71.17530788938198
6357,62.7,0.008796741795599545,71.15349222773413
6358,62.7,0.00879802227271201,71.16370504877368
6359,62.7,0.00880069471677892,71.18501977722896
6360,62.7,0.008803448392192537,71.20698219713452
6361,62.7,0.008807771243743887,71.24145946897956
6362,62.7,0.008814714976633704,71.29683881463953
6363,62.7,0.008820606000837205,71.34382138619179
6364,62.7,0.008830000080957974,71.41873999645244
6365,62.7,0.008841250873417686,71.50846311331782
6366,62.7,0.00885098573298236,71.58609434573027
6367,62.7,0.008857762326307812,71.64013328874104
6368,62.7,0.0088591881560609,71.65150320975816
6369,62.7,0.008856318026957263,71.62861603415793
6370,62.7,0.008850638106895445,71.58332222151392
6371,62.7,0.008845157441698916,71.53961656861837
6372,62.7,0.008839973717609462,71.4982781784873
6373,62.7,0.00883114485908375,71.42786954955325
6374,62.7,0.008818694284678325,71.32857500941796
6375,62.7,0.008814650632891614,71.29632565039093
6376,62.7,0.008814209956446271,71.29281109605095
6377,62.7,0.008814138124277036,71.29223820800594
6378,62.7,0.008815492752389112,71.30304184488419
6379,62.7,0.008815589037890339,71.30380975394337
6380,62.7,0.008816465882972161,71.31080287579907
6381,62.7,0.008815721408756486,71.30486545546792
6382,62.7,0.008815482618298507,71.3029610221103
6383,62.7,0.008814443055280449,71.29467014433357
6384,62.7,0.008812196188289349,71.27675050277256
6385,62.7,0.008808890579626569,71.25038675090988
6386,62.7,0.008804830436942373,71.21800486449547
6387,62.7,0.008800550542970282,71.18386988851783
6388,62.7,0.00879601390830582,71.14768673049755
6389,62.7,0.008791474241268795,71.11147886594505
6390,62.7,0.008786927406255569,71.07521330799064
6391,62.7,0.008782629541878573,71.04093305922873
6392,62.7,0.00877963481508358,71.01704650593604
6393,62.7,0.00877782098681832,71.00257893049395
6394,62.7,0.008781232794529652,71.02979234498594
6395,62.7,0.008791083136542375,71.10835943503774
6396,62.7,0.008799341297544307,71.17422527510928
6397,62.7,0.008805026810781498,71.21957106420834
6398,62.7,0.008809131843664018,71.25231095209848
6399,62.7,0.0088109060059553,71.26646073719567
6400,62.7,0.008809876104928017,71.2582467980968
6401,62.7,0.008809942622621655,71.25877730841242
6402,62.7,0.00881110935474067,71.26808253504699
6403,62.7,0.008812486758571223,71.27906792141341
6404,62.7,0.00881222319289811,71.27696587582956
6405,62.7,0.008812638717656293,71.28027985735902
6406,62.7,0.00881318320224069,71.2846223401448
6407,62.7,0.008814156455354539,71.29238440512285
6408,62.7,0.008816686456552685,71.31256201806382
6409,62.7,0.008819868251465132,71.33793767594302
6410,62.7,0.00882497295556403,71.37864850949236
6411,62.7,0.008829741180325248,71.4166752711743
6412,62.7,0.00883485042995616,71.45742108023944
6413,62.7,0.008838884388221566,71.48959107047982
6414,62.7,0.008842629487326259,71.51945709980598
6415,62.7,0.008846181605510456,71.5477838371322
6416,62.7,0.008848337936190767,71.56497956566209
6417,62.7,0.008849123296492588,71.57124241750206
6418,62.7,0.00884791665225674,71.56162003258876
6419,62.7,0.008847885778557659,71.56137382978078
6420,62.7,0.00885055568678505,71.58266496664064
6421,62.7,0.00884995422648247,71.57786864761549
6422,62.7,0.00885117806087612,71.58762805213344
6423,62.7,0.008848413764041657,71.5655842551639
6424,62.7,0.00884566452540348,71.54366034767247
6425,62.7,0.00884383981257116,71.52910900067036
6426,62.7,0.008846552284775731,71.55073983925163
6427,62.7,0.008849127861084828,71.57127881777473
6428,62.7,0.00885020163817086,71.57984162247189
6429,62.7,0.008848754093131468,71.56829820906847
6430,62.7,0.008849235578433423,71.57213780800937
6431,62.7,0.008850168134408507,71.57957444811674
6432,62.7,0.008852451693182356,71.59778452733583
6433,62.7,0.008856117770373022,71.62701912692762
6434,62.7,0.008860849600819957,71.6647519185822
6435,62.7,0.008866834485291014,71.71247606357089
6436,62.7,0.008873310714932341,71.76411723032913
6437,62.7,0.008882014891330836,71.8335222750898
6438,62.7,0.00888860132746688,71.88603968668697
6439,62.7,0.008891621863287916,71.91012377463728
6440,62.7,0.008891907220437643,71.91239904335876
6441,62.7,0.008891660132004264,71.91042890681115
6442,62.7,0.008887596319120158,71.8780262528774
6443,62.7,0.008879015427995003,71.80960547987088
6444,62.7,0.008864011963777165,71.68996907094242
6445,62.7,0.008844050085089811,71.53078584327311
6446,62.7,0.008824392025061521,71.37401552883021
6447,62.7,0.008804630303487349,71.21640867857664
6448,62.7,0.008784715955852155,71.05757458965698
6449,62.7,0.008765199690340418,70.90190581736536
6450,62.7,0.008749905951341917,70.77991070648748
6451,62.7,0.008735307772039135,70.66345841766352
6452,62.7,0.008723949107054263,70.57284458500706
6453,62.7,0.008714532607655116,70.49772191785122
6454,62.7,0.008712221293550097,70.47928244244355
6455,62.7,0.008714075778616317,70.49407738375788
6456,62.7,0.008717089997723844,70.51812440971797
6457,62.7,0.008719559450034952,70.53782518971269
6458,62.7,0.008721534838944719,70.5535843229672
6459,62.7,0.008723855123316438,70.57209481543873
6460,62.7,0.008726338459210123,70.59190593031886
6461,62.7,0.008728141834174693,70.60629247619407
6462,62.7,0.0087311421701036,70.63022767689094
6463,62.7,0.008733331944469833,70.64769647333677
6464,62.7,0.00873279027805187,70.64337537258056
6465,62.7,0.008733880045012847,70.65206889425846
6466,62.7,0.008735210061379757,70.66267894408452
6467,62.7,0.008739802794791368,70.69931659301352
6468,62.7,0.008742395217765878,70.71999691391022
6469,62.7,0.008747279571544963,70.75896000251763
6470,62.7,0.00875199909507636,70.79660764675694
6471,62.7,0.008750565900267586,70.78517510981123
6472,62.7,0.00874813185335543,70.76575869711549
6473,62.7,0.008747094829354238,70.75748630240595
6474,62.7,0.00874766783597345,70.76205720954724
6475,62.7,0.008753446686042709,70.80815496852466
6476,62.7,0.00875546399564497,70.82424680361483
6477,62.7,0.008755312395558134,70.82303751160639
6478,62.7,0.008754971463042991,70.82031794002471
6479,62.7,0.008754414801235276,70.81587751935449
6480,62.7,0.008757061037105997,70.83698613748783
6481,62.7,0.00875903245761254,70.85271174170907
6482,62.7,0.008758278567579205,70.84669813204782
6483,62.7,0.008758795093893098,70.8508183467518
6484,62.7,0.008759311793606839,70.85493993787546
6485,62.7,0.008759806928365149,70.85888950412577
6486,62.7,0.008762163989792298,70.87769110915814
6487,62.7,0.008764222032746672,70.89410741441515
6488,62.7,0.00876563263256075,70.9053592251421
6489,62.7,0.008765969048531934,70.90804267817433
6490,62.7,0.008770906025516613,70.94742260132634
6491,62.7,0.00877011157000191,70.94108564822108
6492,62.7,0.008764785821929624,70.89860454934339
6493,62.7,0.008757093251774664,70.83724310787314
6494,62.7,0.008749745299629621,70.77862918836438
6495,62.7,0.008741530201700421,70.71309651185618
6496,62.7,0.00873251010501551,70.64114031156008
6497,62.7,0.008723536716857792,70.56955467780773
6498,62.7,0.00872555018756621,70.58561741406893
6499,62.7,0.008727614958238927,70.60208929625236
6500,62.7,0.008729269499280715,70.61528845911582
6501,62.7,0.008729445085035384,70.61668919695703
6502,62.7,0.008729645882028268,70.61829105685169
6503,62.7,0.008729439099086614,70.61664144397889
6504,62.7,0.008729101149741162,70.61394544755062
6505,62.7,0.008728865228928519,70.61206338369827
6506,62.7,0.00872786077797732,70.60405033676305
6507,62.7,0.008727111403162657,70.5980721531062
6508,62.7,0.00872668001539826,70.59463072425008
6509,62.7,0.008726641285031587,70.59432174955995
6510,62.7,0.008726602618449939,70.59401328368227
6511,62.7,0.008726330775720445,70.59184463458372
6512,62.7,0.008729906889500795,70.62037324488797
6513,62.7,0.008738009343808441,70.68500974566332
6514,62.7,0.008746230472375938,70.75059126078426
6515,62.7,0.008755612522436083,70.82543157982312
6516,62.7,0.008765181457283402,70.90176037942243
6517,62.7,0.008774871899358893,70.97905604890839
6518,62.7,0.008778795346318624,71.01035069070433
6519,62.7,0.008780034198577974,71.02023208346328
6520,62.7,0.008781267214097567,71.03006688239533
6521,62.7,0.008780372593914903,71.0229312018165
6522,62.7,0.008783656148806662,71.04912143380567
6523,62.7,0.008786630415237617,71.0728444893164
6524,62.7,0.00879347367949834,71.12742622057928
6525,62.7,0.008800502517968004,71.18348685483565
6526,62.7,0.00880556736044153,71.22388226847559
6527,62.7,0.008810300166094378,71.26162888613055
6528,62.7,0.008815007198775713,71.29916938893143
6529,62.7,0.008816466245560138,71.31080576755092
6530,62.7,0.00881609459307271,71.30784172167573
6531,62.7,0.008812693510346865,71.28071685136608
6532,62.7,0.00880765211431647,71.24050934838631
6533,62.7,0.008802699942636954,71.20101282577038
6534,62.7,0.008796166179725161,71.14890122087068
6535,62.7,0.008790376380238198,71.10272237379122
6536,62.7,0.008787367710137349,71.07872519479945
6537,62.7,0.008787690114459394,71.08129670543877
6538,62.7,0.008795863375285404,71.1464861047157
6539,62.7,0.00880300281436284,71.20342842622229
6540,62.7,0.008812635830217744,71.28025682885935
6541,62.7,0.008822034397433889,71.35521311779037
6542,62.7,0.008829989214908596,71.41865334004775
6543,62.7,0.008836852420514659,71.4733865959832
6544,62.7,0.008840721059524466,71.50423801130069
6545,62.7,0.008847602896804831,71.55911798358862
6546,62.7,0.008845501099424904,71.54235709500811
6547,62.7,0.008855911368609987,71.62537321510165
6548,62.7,0.008861521444195847,71.67010931869433
6549,62.7,0.008865800570682467,71.70423157637104
6550,62.7,0.008871569302526819,71.75023138958254
6551,62.7,0.008876905745555825,71.79278338675458
6552,62.7,0.008875837539004531,71.78426572539261
6553,59.5,0.008873486983879502,80.3874464299667
6554,59.5,0.008870027841739247,80.35654971726971
6555,59.5,0.008866473414307074,80.32480157286356
6556,59.5,0.008863114136350013,80.29479617463335
6557,59.5,0.008862017049974504,80.2849968229378
6558,59.5,0.008860921754180821,80.27521343100435
6559,59.5,0.00886013245965938,80.26816328001424
6560,59.5,0.00885916666864086,80.25953659977623
6561,59.5,0.008859278710662484,80.2605373877142
6562,59.5,0.008862115064482624,80.28587230565182
6563,59.5,0.008865710922361382,80.31799094850098
6564,59.5,0.008873711734532637,80.3894538686681
6565,59.5,0.008877475333710057,80.42306955241618
6566,59.5,0.008871391742329919,80.3687319818185
6567,59.5,0.008876745308528538,80.41654915094387
6568,59.5,0.008871793803501607,80.37232315399032
6569,59.5,0.008868764783601366,80.3452681234655
6570,59.5,0.008868625471360712,80.3440237883412
6571,59.5,0.008865445002906052,80.31561573590525
6572,59.5,0.008864557177999357,80.30768560249138
6573,59.5,0.008865145024440715,80.31293630326418
6574,59.5,0.008865871262588795,80.3194231185163
6575,59.5,0.008866067401880843,80.32117504726604
6576,59.5,0.008866297986003989,80.32323463806547
6577,59.5,0.008867085543129092,80.33026913275985
6578,59.5,0.008867766126669627,80.33634812056899
6579,59.5,0.008869076020901803,80.34804808900546
6580,59.5,0.008872583530112188,80.37937690369041
6581,59.5,0.008874884418456937,80.3999280801838
6582,59.5,0.008876500261044114,80.41436044500819
6583,59.5,0.008878636974387854,80.4334450039268
6584,59.5,0.008878969510796034,80.43641511961948
6585,59.5,0.008878712529246477,80.43411983759057
6586,59.5,0.008878916922756459,80.4359454191944
6587,59.5,0.00887947599571503,80.4409388853432
6588,59.5,0.008878885434756203,80.43566417788563
6589,59.5,0.008873750441055053,80.38979958930366
6590,59.5,0.008868048095961839,80.33886667291752
6591,59.5,0.008857471473098422,80.24439463707958
6592,59.5,0.00884786274218126,80.15856521577334
6593,59.5,0.008839348955125531,80.08251413093333
6594,59.5,0.008840844466316092,80.09587322872778
6595,59.5,0.008840898152645197,80.09635279662658
6596,59.5,0.008843099372665381,80.11601572951612
6597,59.5,0.008845614576324991,80.13848322959524
6598,59.5,0.008852925866613688,80.2037916015793
6599,59.5,0.00885332298644249,80.20733884584764
6600,59.5,0.00886106759584007,80.27651611861484
6601,59.5,0.00886880541093127,80.34563100614506
6602,59.5,0.008871342935588977,80.36829604433562
6603,59.5,0.008873057458243567,80.3836099682385
6604,59.5,0.008874354685104854,80.39519659763644
6605,59.5,0.008881551760338505,80.45947889327522
6606,59.5,0.008883738086796851,80.47900626914267
6607,59.5,0.008885439663898464,80.49420396787552
6608,59.5,0.008885686901262416,80.49641217070186
6609,59.5,0.008888787584980715,80.52410580933041
6610,59.5,0.00889277312451591,80.55970210415397
6611,59.5,0.00889484897479026,80.57824209547263
6612,59.5,0.00888758095394934,80.51332886255145
6613,59.5,0.008877451800447928,80.42285935946796
6614,59.5,0.008867375671490652,80.33286056755018
6615,59.5,0.008857352289502261,80.24333005266277
6616,59.5,0.008847531778682933,80.15560885729136
6617,59.5,0.008838521838872777,80.0751256421922
6618,59.5,0.008841314088974773,80.10006825950946
6619,59.5,0.0088474861052537,80.15520087541053
6620,59.5,0.008857224350313529,80.24218726016139
6621,59.5,0.008868497021544684,80.34287647576559
6622,59.5,0.008879768344826261,80.44355005334522
6623,59.5,0.008887114687444953,80.509164422472
6624,59.5,0.008892261074234194,80.55512882310374
6625,59.5,0.008896450609457644,80.59254665302826
6626,59.5,0.00890009954314388,80.62513582492882
6627,59.5,0.008903517510332165,80.65566185856687
6628,59.5,0.008909573457336882,80.70974700789122
6629,59.5,0.008913805276938372,80.74754041368412
6630,59.5,0.008917296274787387,80.77871732943824
6631,59.5,0.008920806721982314,80.81006759275913
6632,59.5,0.008927240980092087,80.86752822244125
6633,59.5,0.008932036775372208,80.91035592791906
6634,59.5,0.008935462587498923,80.94094892702995
6635,59.5,0.008937685945691753,80.9608036603399
6636,59.5,0.008938697542826368,80.9698372422435
6637,59.5,0.00893555888938876,80.94180891207094
6638,59.5,0.008929323453755677,80.88612533660192
6639,59.5,0.008923977521106687,80.83838430832547
6640,59.5,0.008918656121445448,80.79086156456529
6641,59.5,0.008913348268864942,80.74345900430284
6642,59.5,0.008915048634205615,80.75864445457987
6643,59.5,0.008918631063643948,80.79063778404743
6644,59.5,0.008917451531004233,80.7801038619501
6645,59.5,0.00891609391366534,80.76797948970358
6646,59.5,0.00891544867422865,80.76221707953741
6647,59.5,0.008916087650508735,80.76792355567555
6648,59.5,0.008916726647776143,80.7736302076839
6649,59.5,0.008918733020837061,80.79154832006121
6650,59.5,0.008920779932028201,80.809828344757
6651,59.5,0.008924633933581488,80.84424634242228
6652,59.5,0.008929309054337928,80.88599674590587
6653,59.5,0.008938123450382796,80.96471058921601
6654,59.5,0.00894047340345554,80.98569564181147
6655,59.5,0.008941289778452915,80.99298582410265
6656,59.5,0.008941921399295994,80.99862614935927
6657,59.5,0.008941657224669119,80.99626709175594
6658,59.5,0.008941807298353928,80.99760723761106
6659,59.5,0.008943724240955879,81.01472532376242
6660,59.5,0.008944322571068928,81.0200683244225
6661,59.5,0.008946431682092764,81.03890229748598
6662,59.5,0.008949213831251988,81.06374618454909
6663,59.5,0.008944193752089316,81.01891799057525
6664,59.5,0.008931950130466666,80.90958217203922
6665,59.5,0.008923137386531506,80.83088154230938
6666,59.5,0.008916391262020977,80.77063500102216
6667,59.5,0.008916748448519049,80.77382490197967
6668,59.5,0.008916053932060434,80.76762242816578
6669,59.5,0.008917319342530376,80.77892333846629
6670,59.5,0.008917846267656463,80.78362909743427
6671,59.5,0.008920473719977248,80.8070937129699
6672,59.5,0.008922088915122152,80.8215182100043
6673,59.5,0.00892272181145868,80.8271702693398
6674,59.5,0.008924716401271557,80.84498281204074
6675,59.5,0.008926496885119293,80.86088320147533
6676,59.5,0.008929794274674954,80.89032989155065
6677,59.5,0.008936484794972558,80.95007732365238
6678,59.5,0.008941437457020212,80.99430458329347
6679,59.5,0.008945736823190515,81.03269734935226
6680,59.5,0.00894435630386899,81.02036955310629
6681,59.5,0.008943674472570025,81.01428089887749
6682,59.5,0.008947055321333146,81.04447125694098
6683,59.5,0.00894600516128752,81.03509355539421
6684,59.5,0.00894521055768718,81.02799789675453
6685,59.5,0.008940378927309565,80.98485197398362
6686,59.5,0.008933437875460401,80.92286799505298
6687,59.5,0.008922836781834361,80.8281970071756
6688,59.5,0.008912757672372536,80.73818454591219
6689,59.5,0.008907055083625475,80.68725575188519
6690,59.5,0.008900025776244451,80.624477005463
6691,59.5,0.008896637822926526,80.59421869366365
6692,59.5,0.008893455975541364,80.56580084845932
6693,59.5,0.008895065250452555,80.58017370604286
6694,59.5,0.008895690237636903,80.58575561123193
6695,59.5,0.008897673879823957,80.60347190543446
6696,59.5,0.008897040145860173,80.59781191625052
6697,59.5,0.00889696473201154,80.59713838118408
6698,59.5,0.008897144616900105,80.59874496621461
6699,59.5,0.008897634775517957,80.6031226583481
6700,59.5,0.008900144023644118,80.62553308459594
6701,59.5,0.008903391841624838,80.65453951099725
6702,59.5,0.00890701841051759,80.68692822797765
6703,59.5,0.00891140206302192,80.72607792614056
6704,59.5,0.008911526153314812,80.72718614874572
6705,59.5,0.008911618018191327,80.72800657309601
6706,59.5,0.008912445135956074,80.73539336325986
6707,59.5,0.008914995565021297,80.75817051093014
6708,59.5,0.00891594688726849,80.76666644885916
6709,59.5,0.008918817077643275,80.79229899516666
6710,59.5,0.008921474651563992,80.81603253922141
6711,59.5,0.008923912693326526,80.83780536885254
6712,59.5,0.008925072943153927,80.84816687213909
6713,59.5,0.008921010398085332,80.81188652394219
6714,59.5,0.008921774071797275,80.81870650811216
6715,59.5,0.008922636465937111,80.82640809470642
6716,59.5,0.008926202165266368,80.85825124870294
6717,59.5,0.008926961777189848,80.8650348474827
6718,59.5,0.008929098915646682,80.88412014987532
6719,59.5,0.008932011124345333,80.91012685927589
6720,59.5,0.008930198741501801,80.89394188194728
6721,59.5,0.008930524521500338,80.89685117582745
6722,59.5,0.008932049816453182,80.91047238729341
6723,59.5,0.00893333839057572,80.92197957958696
6724,59.5,0.008933619472905574,80.92448968771026
6725,59.5,0.008932962973223428,80.91862704182087
6726,59.5,0.008932346410255827,80.91312102599171
6727,59.5,0.008932565086961072,80.91507384869304
6728,59.5,0.008933621526455094,80.92450802621278
6729,59.5,0.00893615363387336,80.94712003110061
6730,59.5,0.008939520166610482,80.97718326712821
6731,59.5,0.008945319908284547,81.02897437779917
6732,59.5,0.008951060153378081,81.08023325236638
6733,59.5,0.008961002219840844,81.16901107664796
6734,59.5,0.008971135119098264,81.25949006607087
6735,59.5,0.00898023138868004,81.34071027507022
6736,59.5,0.008981084344238787,81.34832615932656
6737,59.5,0.008985102539457957,81.38420361288034
6738,59.5,0.008986416651493124,81.3959368892575
6739,59.5,0.008987985286550995,81.40994265443011
6740,59.5,0.008990268672116195,81.43033003938288
6741,59.5,0.008989532704319162,81.423758909995
6742,59.5,0.008987551303512078,81.40606778655025
6743,59.5,0.00898554107730069,81.38811917921987
6744,59.5,0.008983532969554595,81.37018937273297
6745,59.5,0.008982065626906337,81.35708782740603
6746,59.5,0.00898083317004038,81.34608347296493
6747,59.5,0.008980444598582537,81.34261398924335
6748,59.5,0.008980604142016462,81.34403852400175
6749,59.5,0.00898075921118914,81.3454231081921
6750,59.5,0.008981165530125856,81.34905105219747
6751,59.5,0.008981475891438318,81.35182220579699
6752,59.5,0.008980900467696295,81.346684361034
6753,59.5,0.00897977630156451,81.33664687698527
6754,59.5,0.008979493093300083,81.33411815396353
6755,59.5,0.008980652180796153,81.34446745352409
6756,59.5,0.008977058983434833,81.31238426785683
6757,59.5,0.008978196010029965,81.32253666799122
6758,59.5,0.008980673876556948,81.34466117100287
6759,59.5,0.008981805845312442,81.35476829444039
6760,59.5,0.008986575195303707,81.39735247176169
6761,59.5,0.008988692013024087,81.41625273227598
6762,59.5,0.008992470767436107,81.44999147830288
6763,59.5,0.008998823705643965,81.50671300700671
6764,59.5,0.009005913071791332,81.57000830520896
6765,59.5,0.009014781673454304,81.6491869761977
6766,59.5,0.009024914226483364,81.73964745158804
6767,59.5,0.009034587785699679,81.82600745333542
6768,59.5,0.009040856168934887,81.88196657841794
6769,59.5,0.0090471521493131,81.9381709496103
6770,59.5,0.00905293121803492,81.98975985052672
6771,59.5,0.009061285527538957,82.06433587870717
6772,59.5,0.00906852494235596,82.12895803106552
6773,59.5,0.009077601663970633,82.20997868473884
6774,59.5,0.009086026758860478,82.28518070061315
6775,59.5,0.009095571166111876,82.37037122204103
6776,59.5,0.009100849715241001,82.41748486441098
6777,59.5,0.009106007606729269,82.46352081673813
6778,59.5,0.009109610218200264,82.49567491457655
6779,59.5,0.009125210278577559,82.63490463958586
6780,59.5,0.009135952704375729,82.73077622737574
6781,59.5,0.009129864981004385,82.67644628255944
6782,59.5,0.009118489178659608,82.57492001744491
6783,59.5,0.009103638037764242,82.44237169365975
6784,59.5,0.009091115821650557,82.33060447206338
6785,59.5,0.009079481665823612,82.22675967028933
6786,59.5,0.009088207876185911,82.30464892797478
6787,59.5,0.009099988540714327,82.40979851279049
6788,59.5,0.009117308809094617,82.56438529697694
6789,59.5,0.009134071454309178,82.71398710526957
6790,59.5,0.009151547142416845,82.86994415573055
6791,59.5,0.009172412382660875,83.05613903500041
6792,59.5,0.009195423126916649,83.26146544616853
6793,59.5,0.009215150729721754,83.43748424668699
6794,59.5,0.00923482949565866,83.61305633991556
6795,59.5,0.009254512224425108,83.78865283828463
6796,59.5,0.009273767351571519,83.96042395658144
6797,59.5,0.009293025861953491,84.13221477395382
6798,59.5,0.009310478647025295,84.28788900775892
6799,59.5,0.009325219836108291,84.41936981574315
6800,59.5,0.009339173510839476,84.543820904767
6801,59.5,0.009349919386940754,84.63965828707101
6802,59.5,0.009367194732118219,84.79372207476146
6803,59.5,0.009381654208195036,84.92266709154252
6804,59.5,0.009377114026391284,84.8821798278641
6805,59.5,0.009372575393507988,84.8417057947113
6806,59.5,0.009362897110057167,84.75539610702474
6807,59.5,0.0093535851644325,84.6723508749533
6808,59.5,0.009343930366097297,84.58624544759408
6809,59.5,0.009341592873054798,84.56539833573893
6810,59.5,0.009335834446990484,84.51404071043794
6811,59.5,0.009330343109384003,84.46506429190387
6812,59.5,0.009331672972882238,84.47692522366769
6813,59.5,0.009331802717190939,84.47808239869818
6814,59.5,0.00933349727839703,84.49319595757571
6815,59.5,0.009335276584294571,84.5090652554005
6816,59.5,0.009336986487994884,84.52431548366623
6817,59.5,0.009338673850901088,84.53936459491217
6818,59.5,0.009340381484562102,84.5545944133667
6819,59.5,0.00934261504880981,84.57451470798564
6820,59.5,0.009344705593405786,84.59315933800255
6821,59.5,0.009347350736307465,84.61675000470159
6822,59.5,0.009348361553939812,84.62576491415935
6823,59.5,0.009351366059599778,84.65256022653665
6824,59.5,0.009351520273063364,84.65393555336959
6825,59.5,0.009351623536492734,84.65485649051769
6826,59.5,0.00934714228577578,84.6148909489839
6827,59.5,0.009347667188296277,84.61957226370596
6828,59.5,0.009348189348975851,84.62422911774428
6829,59.5,0.009349496968423226,84.63589099787512
6830,59.5,0.009349739275883846,84.63805198869592
6831,59.5,0.009349980319015173,84.64020170209749
6832,59.5,0.009351381918541166,84.6527016618686
6833,59.5,0.009346449657056373,84.60871376532045
6834,59.5,0.009343503005383716,84.58243400966494
6835,59.5,0.009340553420904387,84.5561278520322
6836,59.5,0.009337613621670933,84.52990872046958
6837,59.5,0.009334535103801155,84.50245213988566
6838,59.5,0.009332291210026126,84.4824392075903
6839,59.5,0.009330057260274808,84.46251482313427
6840,59.5,0.009327163444466522,84.43670494669381
6841,59.5,0.009325602859624667,84.42278602827375
6842,59.5,0.009324047445674243,84.40891316076316
6843,59.5,0.00932331472192303,84.40237791246844
6844,59.5,0.00932258228223444,84.39584518259893
6845,59.5,0.009321841283902134,84.38923610158805
6846,59.5,0.009321377872575089,84.38510285497772
6847,59.5,0.009320863510712636,84.38051516453226
6848,59.5,0.009317158098818609,84.34746567618919
6849,59.5,0.00931350926195203,84.3149204154051
6850,59.5,0.009310675428737982,84.28964419959321
6851,59.5,0.00931104338498071,84.29292617740516
6852,59.5,0.009310085079759936,84.28437858655668
6853,59.5,0.009309295282110892,84.27733397727603
6854,59.5,0.009311355397680215,84.29570916498592
6855,59.5,0.009314346875340928,84.32239141741883
6856,59.5,0.009317554833366819,84.35100426863866
6857,59.5,0.009320226095538639,84.3748299280237
6858,59.5,0.0093163237365846,84.34002373882151
6859,59.5,0.009312611873620407,84.3069162352566
6860,59.5,0.009316272346625323,84.33956537508055
6861,59.5,0.009319772644820994,84.37078550119664
6862,59.5,0.009323261847109942,84.40190631527848
6863,59.5,0.009324527294540082,84.41319298034506
6864,59.5,0.009326389828419544,84.42980504293092
6865,59.5,0.009328986271840515,84.45296272957616
6866,59.5,0.009332864417498143,84.48755156754959
6867,59.5,0.009336228189193491,84.51755240549956
6868,59.5,0.009339638079708817,84.54796424208403
6869,59.5,0.009340970075622677,84.55984384279365
6870,59.5,0.009342035074321686,84.56934215365943
6871,59.5,0.00934336547565948,84.58120744283339
6872,59.5,0.009344812727929027,84.59411481945843
6873,59.5,0.009344533175059892,84.59162162074651
6874,59.5,0.009340077039636678,84.55187917605123
6875,59.5,0.009333293440498646,84.49137795962278
6876,59.5,0.009324664440606412,84.41441619850468
6877,59.5,0.00931932798745785,84.3668194985927
6878,59.5,0.009312896807266758,84.30945767954343
6879,59.5,0.009305608222268627,84.24444697106293
6880,59.5,0.009301783456697748,84.21033128232594
6881,59.5,0.009294533896628578,84.14566638477623
6882,59.5,0.009297980848883848,84.17641282387729
6883,59.5,0.009302277323882642,84.21473644330901
6884,59.5,0.009308297437156238,84.26843366243803
6885,59.5,0.009315135589201303,84.32942624725358
6886,59.5,0.009321974008157827,84.39041989130116
6887,59.5,0.00933313067644598,84.48992629195574
6888,59.5,0.009343470978657441,84.5821483774947
6889,59.5,0.009352055204704795,84.65870624601881
6890,59.5,0.009361394435265414,84.74199520906157
6891,59.5,0.009369035607460115,84.81013874471115
6892,59.5,0.00937762083136366,84.88669931156086
6893,59.5,0.00938662975120437,84.9670360384657
6894,59.5,0.009395637320308101,85.04735842800545
6895,59.5,0.0094073518431089,85.15181586481128
6896,59.5,0.009413748793395713,85.2088553083395
6897,59.5,0.00941942363902296,85.25945502119718
6898,59.5,0.009422000971962323,85.28243548810393
6899,59.5,0.009424104979563705,85.30119546971648
6900,59.5,0.009418029601839191,85.2470251847612
6901,59.5,0.009408476663509545,85.16184559188551
6902,59.5,0.009400343816693286,85.08932633521276
6903,59.5,0.009400632634461318,85.09190170771758
6904,59.5,0.009393594720444804,85.0291443360555
6905,59.5,0.009388244957629598,84.9814393427635
6906,59.5,0.009390393357709987,85.00059718857179
6907,59.5,0.009394566764218251,85.03781217404428
6908,59.5,0.00940038924946031,85.0897314569091
6909,59.5,0.009408030819817672,85.15787012545933
6910,59.5,0.009417037993726405,85.23818354598218
6911,59.5,0.009427028824630751,85.32726516778143
6912,59.5,0.009437291061004924,85.41876379726392
6913,59.5,0.009447539976056409,85.51014068461795
6914,59.5,0.009464578278816018,85.66204357192903
6915,59.5,0.009479735406996608,85.79716818908341
6916,59.5,0.009499263760385462,85.97125237546047
6917,59.5,0.00951548099012777,86.11581159024581
6918,59.5,0.009529834429479965,86.24375091804878
6919,59.5,0.009543281802727495,86.3636087521416
6920,59.5,0.009552385362862119,86.44474683134464
6921,59.5,0.009561498421460903,86.52596722534724
6922,59.5,0.009568046073938989,86.58432191716335
6923,59.5,0.009573717503038074,86.63486645885892
6924,59.5,0.00957803060024906,86.67330475568367
6925,59.5,0.00957844681724446,86.67701405130589
6926,59.5,0.009570990932416683,86.61056700674446
6927,59.5,0.009560325488205205,86.51551355577827
6928,59.5,0.009552466891921017,86.44547347179343
6929,59.5,0.009543917790708472,86.36927725263448
6930,59.5,0.00954716954964172,86.39825969285019
6931,59.5,0.009551453825438481,86.43644434549942
6932,59.5,0.009560029892551723,86.51287907810593
6933,59.5,0.009569606640919373,86.59822999128191
6934,59.5,0.009582080039650784,86.70939285779562
6935,59.5,0.009594432746799164,86.8194757939497
6936,59.5,0.009606691366983935,86.92871600330612
6937,59.5,0.009620162025142431,87.04875215308351
6938,59.5,0.009635602232907171,87.18633253190772
6939,59.5,0.009648091257654536,87.29761139555889
6940,59.5,0.009660584475015,87.40892321299619
6941,59.5,0.009671054009436816,87.50220106948827
6942,59.5,0.009681525593030782,87.59549408982468
6943,59.5,0.00969296854452202,87.69743764576202
6944,59.5,0.009702377842721387,87.78126091914609
6945,59.5,0.00971060811480086,87.85457872310471
6946,59.5,0.009718161016755135,87.92186062372342
6947,59.5,0.009724462912254652,87.97799721987457
6948,59.5,0.009727531741927045,88.00533361355909
6949,59.5,0.009727890188241096,88.00852654944578
6950,59.5,0.009728039399599346,88.00985567991495
6951,59.5,0.00973028951833737,88.0298989933014
6952,59.5,0.00973285698435536,88.05276895685785
6953,59.5,0.009735524605949807,88.07653086942427
6954,59.5,0.009738156779983024,88.09997683515385
6955,59.5,0.009740799232550253,88.12351415989893
6956,59.5,0.009747649573452559,88.18453182107054
6957,59.5,0.009759102695176703,88.28654462041888
6958,59.5,0.009771694472901183,88.3986951443437
6959,59.5,0.009784978824533275,88.51700933340409
6960,59.5,0.009800346537870132,88.65387232290925
6961,59.5,0.009816779124255019,88.8002115760269
6962,59.5,0.009836474438135045,88.97559679169167
6963,59.5,0.009855086930975468,89.14132952201112
6964,59.5,0.00987004806252018,89.27454206057966
6965,59.5,0.009883878533796296,89.3976816925935
6966,59.5,0.009897731363476015,89.52101498879217
6967,59.5,0.009911956921264035,89.64766109700413
6968,59.5,0.00992349419721167,89.75037000622098
6969,59.5,0.009930423963370998,89.81205943145297
6970,59.5,0.009935323998693913,89.85567918666105
6971,59.5,0.009936950843563356,89.87016109083082
6972,59.5,0.00993654687426202,89.86656502983114
6973,59.5,0.00992482603644335,89.76222626842357
6974,59.5,0.009910247076056799,89.63243913136552
6975,59.5,0.009896323477811084,89.50848067171113
6976,59.5,0.009883162883557395,89.39131003134595
6977,59.5,0.00987552282273456,89.32328724506009
6978,59.5,0.009877652192517279,89.34224611624461
6979,59.5,0.009882531339517036,89.38568718229295
6980,59.5,0.009890423210145551,89.4559503540593
6981,59.5,0.009897125109899645,89.51561755837147
6982,59.5,0.00990942250419561,89.62509831780537
6983,59.5,0.009920457642132932,89.72333788308595
6984,59.5,0.009928191265224347,89.7921838918801
6985,59.5,0.009935964188882592,89.86137806281917
6986,59.5,0.009946566592709698,89.9557573776462
6987,59.5,0.00995835123445114,90.06065689168705
6988,59.5,0.009971506943853334,90.17775617113793
6989,59.5,0.009983879127371031,90.2878768195248
6990,59.5,0.009997051849010657,90.40511804933341
6991,59.5,0.010010233349183977,90.52243251823158
6992,59.5,0.010019959874220039,90.60899480185618
6993,59.5,0.010024631515657197,90.65056964347782
6994,59.5,0.010015083067959635,90.56559345908141
6995,59.5,0.010001193803338833,90.44198169280638
6996,59.5,0.009987962732616953,90.32422267122543
6997,59.5,0.00997634870043929,90.22085153320857
6998,59.5,0.009962046703334629,90.09355083976193
6999,59.5,0.009948695585434573,89.97470862960053
7000,59.5,0.009935404962068201,89.8563999110019
7001,59.5,0.00992369431495206,89.75215149199988
7002,59.5,0.009913501419354655,89.6614109824772
7003,59.5,0.009904688997087192,89.58295754092008
7004,59.5,0.009894876082646517,89.49559454582018
7005,59.5,0.009885947181279161,89.41609943662718
7006,59.5,0.009873770865125812,89.30768857218577
7007,59.5,0.009863933311818245,89.22009764532523
7008,59.5,0.009855148388829619,89.14187674999413
7009,59.5,0.009855956977105517,89.14907650546995
7010,59.5,0.009859761025837884,89.18294791018043
7011,59.5,0.009866007107606498,89.23856239175292
7012,59.5,0.009872906745863459,89.29999479612547
7013,59.5,0.009880649666914617,89.36893395144921
7014,59.5,0.009888592011659508,89.43964692162461
7015,59.5,0.009896544538967446,89.5104487689095
7016,59.5,0.009900667576135383,89.54715572477224
7017,59.5,0.009888407785449404,89.43800672304828
7018,59.5,0.009877271686538423,89.33885828575666
7019,59.5,0.00986778029496619,89.25435047262124
7020,59.5,0.009860914241767096,89.19321611117493
7021,59.5,0.00985620577975534,89.15129186685456
7022,59.5,0.00984934984383458,89.09024535251463
7023,59.5,0.009838008596581014,88.98925789250856
7024,59.5,0.009828267328510481,88.90251445718233
7025,59.5,0.009819284070396813,88.8225185306766
7026,59.5,0.009813571571692095,88.77164753812559
7027,59.5,0.009810799111084803,88.74695786650607
7028,59.5,0.00980147701102674,88.66393991669077
7029,59.5,0.009792811734389157,88.58676910977299
7030,59.5,0.009783423053039354,88.50315345015515
7031,59.5,0.009774134866063504,88.4204303484634
7032,59.5,0.009765071002700902,88.33970278827583
7033,59.5,0.009760081958672567,88.29526673539067
7034,59.5,0.00976310401378897,88.32218343894213
7035,59.5,0.009768499923186454,88.37024283979231
7036,59.5,0.009773802507177484,88.41747022538397
7037,59.5,0.009779618717181422,88.46927130168295
7038,59.5,0.009785377033442342,88.52055581764566
7039,59.5,0.009790879393560747,88.56955987240445
7040,59.5,0.009793203402695029,88.5902572563517
7041,59.5,0.009792126390279935,88.58066551458913
7042,59.5,0.009784403954806882,88.5118894842004
7043,59.5,0.009779843695390127,88.47127501232933
7044,59.5,0.009777205762750069,88.44778085289484
7045,59.5,0.009774703196229313,88.42549212027902
7046,59.5,0.00977037338677704,88.38692890602357
7047,59.5,0.009765697547598286,88.34528320298915
7048,59.5,0.009760993256039253,88.30338346459716
7049,59.5,0.00975607430361351,88.25957113771315
7050,59.5,0.009750537746649754,88.21025708923264
7051,59.5,0.009746601590079413,88.17519726270017
7052,59.5,0.00974176948772785,88.13215654041868
7053,59.5,0.009735608643247379,88.07727943069801
7054,59.5,0.009736566064529401,88.08580763583403
7055,59.5,0.009740004741723542,88.11643735022568
7056,59.5,0.009745630423551895,88.16654689681877
7057,59.5,0.009752199008340597,88.22505401856556
7058,59.5,0.00976536267664462,88.34230062673343
7059,59.5,0.009779740691817886,88.47035763763934
7060,59.5,0.009795104015358757,88.60718380211856
7061,59.5,0.009811417304940737,88.75246310445476
7062,59.5,0.009827741502579552,88.89783203918982
7063,59.5,0.00983935645816351,89.00126003545411
7064,59.5,0.009849905574445315,89.09519372942347
7065,59.5,0.009854724885448132,89.13810582376756
7066,59.5,0.009854231623813232,89.13371375509486
7067,59.5,0.009842429309257815,89.02862229616588
7068,59.5,0.009822037703431374,88.84703987862905
7069,59.5,0.009799811484427505,88.64910731377856
7070,59.5,0.00977969787905437,88.46997633674006
7071,59.5,0.009759336630299919,88.2886282388287
7072,59.5,0.009739411028268348,88.11114892370756
7073,59.5,0.009721000942790138,87.94715851301586
7074,59.5,0.00972188003369801,87.95498935552921
7075,59.5,0.00972875819690206,88.0162585040336
7076,59.5,0.009736233180475675,88.0828424827262
7077,59.5,0.009745950739950526,88.16940001914368
7078,59.5,0.009756203446228786,88.26072139916863
7079,59.5,0.00977139919740616,88.39606528082508
7080,59.5,0.00978858918781784,88.54916338897362
7081,59.5,0.009808441353811833,88.72596109367778
7082,59.5,0.009828599999233927,88.90547684677308
7083,59.5,0.009848470586349632,89.08241618630792
7084,59.5,0.009867570575494328,89.25248317993507
7085,59.5,0.009883717892581913,89.39625145412545
7086,59.5,0.0098969294290633,89.51387542425384
7087,59.5,0.009912707412808886,89.65434235211231
7088,59.5,0.009924284629446375,89.75740657612748
7089,59.5,0.009935265462701839,89.85515810754362
7090,59.5,0.00994486169057874,89.94058108065846
7091,59.5,0.009954515095040875,90.02651040620563
7092,59.5,0.009961468535915324,90.08840450627929
7093,59.5,0.009967933163407447,90.14594634951138
7094,59.5,0.009974094297646834,90.20078569448313
7095,59.5,0.009976103041235092,90.21866499302156
7096,59.5,0.00998254886904774,90.27603684404968
7097,59.5,0.009995630707749427,90.39246969500273
7098,59.5,0.01000917013905032,90.5129702006874
7099,59.5,0.010026133937564767,90.66394017789544
7100,59.5,0.010043080291382523,90.81474681319172
7101,59.5,0.010060009185991944,90.9653900030738
7102,59.5,0.01007925820159619,91.13666917959573
7103,59.5,0.010095685865238754,91.28283550484565
7104,59.5,0.010111583179987792,91.42427577847783
7105,59.5,0.010125730622965899,91.55014125459752
7106,59.5,0.010139627445781355,91.6737715542704
7107,59.5,0.01015372765191236,91.79920565686258
7108,59.5,0.010170456077716732,91.94801289578032
7109,59.5,0.010183991136659423,92.06840786579566
7110,59.5,0.010196812061632811,92.18244582660365
7111,59.5,0.010209628241260274,92.29643695599083
7112,59.5,0.010219520181526274,92.38441582106582
7113,59.5,0.01022302894609108,92.41562209325924
7114,59.5,0.010195953535495187,92.17480966013915
7115,59.5,0.010167385497301382,91.9206992246551
7116,59.5,0.010135075841445842,91.63327971697916
7117,59.5,0.010103478241736512,91.35216608140821
7118,59.5,0.010071179499238412,91.06478555397184
7119,59.5,0.010039980186937398,90.78715939925112
7120,59.5,0.010008779909022108,90.50949723817726
7121,59.5,0.009985395089808119,90.30136959526597
7122,59.5,0.009993473511342546,90.37327023907243
7123,59.5,0.010006720120167944,90.49116549360127
7124,59.5,0.010022829866923707,90.63453610974076
7125,59.5,0.010040334952545138,90.79031642455811
7126,59.5,0.010063214340945752,90.99391043489497
7127,59.5,0.010082930870744505,91.1693476784107
7128,59.5,0.010104136815437549,91.35802548564999
7129,59.5,0.010123520467669605,91.5304785498014
7130,59.5,0.010144259808180445,91.71498123010426
7131,59.5,0.010167843170142929,91.92477036934409
7132,59.5,0.010189681940033285,92.11902628322257
7133,59.5,0.01020940030214499,92.29440963423569
7134,59.5,0.010228335027066642,92.46281269134671
7135,59.5,0.010245666499910096,92.61694778392369
7136,59.5,0.010260714496367373,92.75076823616148
7137,59.5,0.01027577252230991,92.88467150298457
7138,59.5,0.010288792374471376,93.00044519863133
7139,59.5,0.010299821257121167,93.09851128414395
7140,59.5,0.010307420251451076,93.16607766377662
7141,59.5,0.010309355141936826,93.18328146313162
7142,59.5,0.010308371323405015,93.17453399587832
7143,59.5,0.010306936867800917,93.16177971141303
7144,59.5,0.01029759550814824,93.07872075259924
7145,59.5,0.010288287460874521,92.99595555041985
7146,59.5,0.010287082048093924,92.98523709480978
7147,59.5,0.01028790403843694,92.99254618634136
7148,59.5,0.010288718911427823,92.99979197202173
7149,59.5,0.010290926954676491,93.01942562270794
7150,59.5,0.010293133515505464,93.03904595489946
7151,59.5,0.010296443882256489,93.06848086905237
7152,59.5,0.010299727104573211,93.09767411754932
7153,59.5,0.010305719082744311,93.1509518808824
7154,59.5,0.010311624680136787,93.20346060012457
7155,59.5,0.010317534931951332,93.25600972138442
7156,59.5,0.010322571262840337,93.30078787786088
7157,59.5,0.010328334789820159,93.35203067949186
7158,59.5,0.010334099444878697,93.40328257625079
7159,59.5,0.010340822222496585,93.46305168577406
7160,59.5,0.010346908167311828,93.51715791301426
7161,59.5,0.010350652997814831,93.55045027863018
7162,59.5,0.010354809994692406,93.58740643199106
7163,59.5,0.010358785898140922,93.62275219048057
7164,59.5,0.010360238810761053,93.63566846431046
7165,59.5,0.010359563697606692,93.62966677121437
7166,59.5,0.010348112114401824,93.52786131006832
7167,59.5,0.010347238166313572,93.52009169245899
7168,59.5,0.010346381724806999,93.51247769191265
7169,59.5,0.01034965601690823,93.54158693793117
7170,59.5,0.010357374076602166,93.61020115612433
7171,59.5,0.010366689149817778,93.69301073187256
7172,59.5,0.010378019273788093,93.79373051195755
7173,59.5,0.010390103549757133,93.90115039129697
7174,59.5,0.010401659277625541,94.00386804607975
7175,59.5,0.010413689750209398,94.1108016682766
7176,59.5,0.010425182574251256,94.21295256713293
7177,59.5,0.010436602178927902,94.31444899765671
7178,59.5,0.010443430169962124,94.37513382346435
7179,59.5,0.010450253202679503,94.43577327245974
7180,59.5,0.010454901416385685,94.4770833491976
7181,59.5,0.010458144031834597,94.5059010908279
7182,59.5,0.010461983169901769,94.54001986061158
7183,59.5,0.01046564649486603,94.57257577710703
7184,59.5,0.010467097459934224,94.58547037861007
7185,59.5,0.010473512629853462,94.64248073164802
7186,59.5,0.010480050269029017,94.70057825494389
7187,59.5,0.01048535046819554,94.74767823591151
7188,59.5,0.010490598060836043,94.79430995361805
7189,59.5,0.010495840543348086,94.84089548844496
7190,59.5,0.010500841850716624,94.88533718268467
7191,59.5,0.010504412571642271,94.9170662337264
7192,59.5,0.010509274045296538,94.96026420197683
7193,59.5,0.010514134010369694,95.003448101529
7194,59.5,0.010519490529087483,95.05104342911577
7195,59.5,0.010521287357870513,95.0670089641567
7196,59.5,0.010509278444216274,94.96030328949365
7197,59.5,0.010492994248999353,94.81560295922351
7198,59.5,0.010474308232281135,94.64955101329117
7199,59.5,0.010455060153072567,94.47849407927306
7200,59.5,0.01043622810140281,94.31112428796241
7201,59.5,0.010418077456192158,94.14980105993263
7202,59.5,0.010399097268161368,93.98109493617628
7203,59.5,0.010379590366159139,93.8076965418062
7204,59.5,0.010361421935360826,93.64618630095538
7205,59.5,0.010343517147826683,93.48701066482107
7206,59.5,0.010326679166156464,93.33731083102596
7207,59.5,0.010309002584668388,93.18014675893393
7208,59.5,0.01029251283018775,93.0335269492989
7209,59.5,0.010274677874685416,92.87493758061245
7210,59.5,0.010257679606302271,92.72377975002821
7211,59.5,0.010242473839584453,92.58855492928791
7212,59.5,0.010225390381894335,92.43662405072831
7213,59.5,0.010211635731275374,92.31429178439107
7214,59.5,0.010199219640893493,92.20385994577491
7215,59.5,0.010183183246203263,92.0612217878244
7216,59.5,0.010163943622110112,91.89008246727538
7217,59.5,0.01014602045063549,91.73064381535781
7218,59.5,0.01012664892729453,91.55831093280368
7219,59.5,0.010107326044729444,91.38640024438841
7220,59.5,0.010086368030100004,91.19993032549091
7221,59.5,0.01006458390632096,91.00609715089965
7222,59.5,0.010043530920865226,90.81875688202895
7223,59.5,0.01001851686704857,90.59615276851773
7224,59.5,0.009994564584426035,90.38298101221157
7225,59.5,0.009968743292218776,90.15315724734843
7226,59.5,0.009947612076930939,89.9650637827989
7227,59.5,0.009923440342407424,89.74989058042762
7228,59.5,0.009898713937259784,89.529762747984
7229,59.5,0.00987067294797732,89.2801058459346
7230,59.5,0.00984600256323419,89.06044006909981
7231,59.5,0.009818946696619544,88.81951417237799
7232,59.5,0.009792949714778029,88.58799794551851
7233,59.5,0.009770198652085291,88.38537262982277
7234,59.5,0.009751273869993225,88.21681378111683
7235,59.5,0.009730390797021258,88.03080114695658
7236,59.5,0.009709412881253576,87.8439313323429
7237,59.5,0.009686102868187323,87.63627279787086
7238,59.5,0.009662502044873667,87.42600794864346
7239,59.5,0.009638856873557134,87.21533223490874
7240,59.5,0.00961358191185505,86.99011783564762
7241,59.5,0.009586314190682774,86.74712659211806
7242,59.5,0.009558843310388697,86.50230371437836
7243,59.5,0.009571130578211932,86.61181154821654
7244,59.5,0.009584726325393783,86.73297597834997
7245,59.5,0.009597999788160665,86.85126319758697
7246,59.5,0.00961149841133463,86.971551847283
7247,59.5,0.009624972251395587,87.091614522482
7248,59.5,0.009637408539292746,87.20242723312565
7249,59.5,0.009650190905718729,87.31631910561462
7250,59.5,0.009664309968194592,87.44211568504707
7251,59.5,0.009679699252165523,87.5792231483912
7252,59.5,0.009694005958236504,87.70667962790974
7253,59.5,0.009711571118783234,87.8631573349541
7254,59.5,0.009726936401051928,88.00003048156782
7255,59.5,0.00974556808742288,88.16599165609479
7256,59.5,0.009765145981962273,88.34037060273002
7257,59.5,0.00977830980270942,88.45761376273286
7258,59.5,0.009787179537434555,88.53660902386218
7259,59.5,0.009791814043679688,88.57788378758497
7260,59.5,0.00979643607942253,88.61904688626709
7261,59.5,0.009801676510454748,88.66571658423993
7262,59.5,0.009804353105613142,88.68955323459082
7263,59.5,0.009806038882072203,88.70456595940456
7264,59.5,0.009809929705855432,88.73921548297072
7265,59.5,0.00981517295906383,88.7859083195085
7266,59.5,0.00982194080603604,88.84617700230349
7267,59.5,0.009829662719197715,88.91494020914126
7268,59.5,0.009839925990972144,89.00633147121937
7269,59.5,0.009850363669306124,89.09927272444367
7270,59.5,0.009860806165213554,89.19225380228664
7271,59.5,0.009872235761373358,89.2940206011566
7272,59.5,0.009883670632932275,89.39583068669414
7273,59.5,0.009893328780789372,89.48181888764935
7274,59.5,0.009904804489233884,89.5839857350783
7275,59.5,0.009916284087553122,89.68618350064737
7276,59.5,0.009927675307113342,89.78759079877535
7277,59.5,0.009940108798775514,89.89827247336648
7278,59.5,0.009952610356158596,90.00955567058931
7279,59.5,0.009963065433783643,90.10261865160255
7280,59.5,0.009974543965110973,90.20478807622915
7281,59.5,0.009983324749740894,90.28294258278986
7282,59.5,0.00999301667695309,90.36920430980365
7283,59.5,0.01000254553176003,90.45401205274308
7284,59.5,0.010011819216336496,90.53654629988387
7285,59.5,0.01002230194791196,90.62983794725794
7286,59.5,0.010031765113304471,90.71405325118356
7287,59.5,0.010041334774590228,90.79921372650749
7288,59.5,0.010050952603202021,90.8848002446674
7289,59.5,0.010059412179858286,90.96007763115685
7290,59.5,0.010070064001256884,91.05485980077056
7291,59.5,0.010081763138997687,91.15895753224628
7292,59.5,0.01009390594580498,91.26699890999387
7293,59.5,0.010105731210956034,91.37221095122304
7294,59.5,0.010117447549978778,91.47644996961341
7295,59.5,0.010128250827620658,91.57256215387953
7296,59.5,0.010139850943541627,91.67575981289518
7297,56.7,0.010151413663351044,101.48958691660623
7298,56.7,0.010161109198946172,101.58496064434712
7299,56.7,0.010169979487160339,101.67221395771087
7300,56.7,0.01017875845917219,101.75856662072047
7301,56.7,0.010186636116490599,101.83605163400922
7302,56.7,0.010194359009557522,101.9120125040528
7303,56.7,0.01020302346686144,101.99723220707075
7304,56.7,0.01021168960012226,102.0824660572945
7305,56.7,0.010218508773405459,102.14953289544037
7306,56.7,0.010225129633197976,102.21464792820025
7307,56.7,0.010230133609284781,102.26386027907157
7308,56.7,0.01023519649290886,102.31365117203978
7309,56.7,0.010238521246094324,102.3463479997615
7310,56.7,0.010240273567007714,102.36358082026997
7311,56.7,0.010242981113298417,102.39020741002804
7312,56.7,0.010244259150409978,102.40277582130292
7313,56.7,0.01024597900745936,102.41968907681884
7314,56.7,0.010246806938341197,102.42783100357124
7315,56.7,0.010247633990187166,102.43596426453546
7316,56.7,0.010246743101245917,102.4272032261359
7317,56.7,0.01024583007872471,102.41822449958285
7318,56.7,0.010245135567480593,102.41139461065836
7319,56.7,0.01024418258587154,102.4020228754216
7320,56.7,0.010243231181798299,102.39266662567647
7321,56.7,0.010234146146414238,102.30332161247748
7322,56.7,0.01022511180368621,102.21447257980856
7323,56.7,0.01021671916464621,102.13193216275714
7324,56.7,0.010208364052229304,102.04975863775208
7325,56.7,0.01019946484325779,101.96223146939649
7326,56.7,0.010190053073829372,101.86966038893124
7327,56.7,0.010189013304103876,101.85943338548921
7328,56.7,0.010180772787397525,101.77837983304147
7329,56.7,0.010179746486087833,101.76828500653035
7330,56.7,0.010180177622630422,101.77252572283531
7331,56.7,0.010181641401918653,101.78692360720191
7332,56.7,0.010179602781121684,101.76687150410817
7333,56.7,0.010178732933415063,101.75831554501626
7334,56.7,0.010176968048476459,101.74095578633569
7335,56.7,0.010175203435464355,101.72359860546341
7336,56.7,0.010173439094336854,101.70624400203127
7337,56.7,0.010171570335458647,101.68786220775291
7338,56.7,0.010173272397678533,101.70460431728374
7339,56.7,0.010173876595913114,101.7105474114887
7340,56.7,0.010176878617477358,101.7400761226912
7341,56.7,0.010178583013676896,101.75684090847197
7342,56.7,0.01018028746704875,101.77360616620102
7343,56.7,0.010182323814967274,101.79363586968886
7344,56.7,0.010184986092798146,101.81982208212695
7345,56.7,0.010187353051055894,101.84310334072639
7346,56.7,0.010189956573973534,101.8687112336895
7347,56.7,0.010194098857899911,101.90945373329284
7348,56.7,0.010198252981608587,101.95031214987881
7349,56.7,0.010201521793020099,101.98246258627843
7350,56.7,0.01020639061456257,102.03034932631255
7351,56.7,0.010212884962643021,102.09422259941157
7352,56.7,0.010217795156844765,102.142514516211
7353,56.7,0.010219404837959576,102.15834561810932
7354,56.7,0.010218781033649305,102.1522105556373
7355,56.7,0.010217433462275967,102.1389572641699
7356,56.7,0.010216778723081908,102.13251791926348
7357,56.7,0.010214995383643727,102.11497874928415
7358,56.7,0.010213458041952261,102.0998588913906
7359,56.7,0.010211369102243968,102.07931391242265
7360,56.7,0.01020917591899061,102.0577435392535
7361,56.7,0.010208379872704338,102.04991423605954
7362,56.7,0.010208899290944961,102.05502283934055
7363,56.7,0.010208622058132664,102.05229618902074
7364,56.7,0.010209826181702015,102.06413901193288
7365,56.7,0.010210829324790607,102.07400511270124
7366,56.7,0.01021223966498071,102.08787602051859
7367,56.7,0.010213845429846576,102.1036688840546
7368,56.7,0.010215790271768258,102.12279649807137
7369,56.7,0.010217393860349198,102.1385677805105
7370,56.7,0.010221148961809265,102.17549886395912
7371,56.7,0.010223393287493651,102.19757139473242
7372,56.7,0.010227614096320174,102.2390818495591
7373,56.7,0.010230253774134791,102.26504204867351
7374,56.7,0.010233044222990534,102.29248478629853
7375,56.7,0.010235837412610624,102.31995423541589
7376,56.7,0.010238323990384565,102.34440812522283
7377,56.7,0.010239746127423855,102.35839383996435
7378,56.7,0.010239400480394276,102.35499465100307
7379,56.7,0.010237618353816433,102.33746866390756
7380,56.7,0.010235010143161881,102.31181853091617
7381,56.7,0.01023222942828615,102.28447169286179
7382,56.7,0.010227031486564066,102.23335208122005
7383,56.7,0.010221712692827347,102.18104306969107
7384,56.7,0.010216240696108717,102.12722642637945
7385,56.7,0.010215330809301213,102.11827767318546
7386,56.7,0.01021465030084447,102.11158484337837
7387,56.7,0.010214553858762661,102.11063633020898
7388,56.7,0.010214396665140063,102.10909032168034
7389,56.7,0.01021441432756254,102.10926403268313
7390,56.7,0.010216656022622533,102.13131116158509
7391,56.7,0.010218439726854031,102.14885382713538
7392,56.7,0.010221886804132269,102.18275542494047
7393,56.7,0.01022615336966758,102.22471608093933
7394,56.7,0.01023042383171004,102.26671449099523
7395,56.7,0.0102346460504069,102.30823788781159
7396,56.7,0.010247231714854638,102.43200827546839
7397,56.7,0.010260382999745854,102.56133584263726
7398,56.7,0.010276577233781838,102.72057987806333
7399,56.7,0.010291160133982024,102.86397207708582
7400,56.7,0.010300682016962937,102.9575962303978
7401,56.7,0.010302509484449001,102.97556452775419
7402,56.7,0.01030238837761517,102.97437376636123
7403,56.7,0.010299555888711375,102.9465236931473
7404,56.7,0.010296038211835985,102.91193625226876
7405,56.7,0.010293161659869583,102.88365236468375
7406,56.7,0.010290519903552182,102.85767689413836
7407,56.7,0.010287917405643207,102.83208722560147
7408,56.7,0.010286308322176427,102.81626543119668
7409,56.7,0.010286960272594266,102.8226759383593
7410,56.7,0.010289018953782517,102.84291848067578
7411,56.7,0.010292778037025684,102.87988034823172
7412,56.7,0.010297306659490385,102.92440826601137
7413,56.7,0.010300894923623601,102.959689608248
7414,56.7,0.010304702340182022,102.99712531262391
7415,56.7,0.01030670210857568,103.01678747715147
7416,56.7,0.010308861582033785,103.03801975746994
7417,56.7,0.010309466214653958,103.04396457383649
7418,56.7,0.010311774869469813,103.06666342473673
7419,56.7,0.010314224939025432,103.09075249365122
7420,56.7,0.010318515730194306,103.13293907645473
7421,56.7,0.010324404845608419,103.19083927369653
7422,56.7,0.01033215005796979,103.26698647435005
7423,56.7,0.010339902346479114,103.34320137618809
7424,56.7,0.010346169678409694,103.4048158912032
7425,56.7,0.010352066642045942,103.46278817806021
7426,56.7,0.010355905271610665,103.50052466782218
7427,56.7,0.010357589255352632,103.51707929471002
7428,56.7,0.010358741204685537,103.52840363555362
7429,56.7,0.010357879597145209,103.51993352953328
7430,56.7,0.010357686687047726,103.51803710729155
7431,56.7,0.010356383633969731,103.50522728179266
7432,56.7,0.010354974816331967,103.4913776652231
7433,56.7,0.01035665178861741,103.50786341375353
7434,56.7,0.01035656600048284,103.5070200616799
7435,56.7,0.010358040138936353,103.52151175098064
7436,56.7,0.010357954990526564,103.52067469148632
7437,56.7,0.010356818563181866,103.50950291342669
7438,56.7,0.010361231807831104,103.5528875912645
7439,56.7,0.010364216039493569,103.58222392425127
7440,56.7,0.01036724806941551,103.61202985192608
7441,56.7,0.01037059175997379,103.6448991825758
7442,56.7,0.010375185248104673,103.69005377518687
7443,56.7,0.010381339811375291,103.75055291342517
7444,56.7,0.010386244461340241,103.79876460506891
7445,56.7,0.0103923488142867,103.85876808345253
7446,56.7,0.010401853525076398,103.95219348587416
7447,56.7,0.010409698237168905,104.02930001677875
7448,56.7,0.010415560927206987,104.08692378758751
7449,56.7,0.010421260423804715,104.14294252277368
7450,56.7,0.010425263922474321,104.18229117168778
7451,56.7,0.010424966625363066,104.17936918468136
7452,56.7,0.010424102520751698,104.17087631008484
7453,56.7,0.010422361920775676,104.15376870758605
7454,56.7,0.010420625649852662,104.13670355964535
7455,56.7,0.01041808703466835,104.11175230579785
7456,56.7,0.01041503668658336,104.08177112450569
7457,56.7,0.010408708276532804,104.01956969117423
7458,56.7,0.010401908099791843,103.95272991331402
7459,56.7,0.010395091512075098,103.88572738714763
7460,56.7,0.010387938585396085,103.8154173192944
7461,56.7,0.010380051130216731,103.73788532091248
7462,56.7,0.010373416014110381,103.67266204995656
7463,56.7,0.01036646584297729,103.60434031643764
7464,56.7,0.010357919069734631,103.52032156867683
7465,56.7,0.01034766318536685,103.41949846719731
7466,56.7,0.010338750053131946,103.33187297844823
7467,56.7,0.010340383142575068,103.34792815461853
7468,56.7,0.01034078102060983,103.35183974773447
7469,56.7,0.01034223876403018,103.36617097965811
7470,56.7,0.0103439123403769,103.38262400674955
7471,56.7,0.010344203088220517,103.38548235695018
7472,56.7,0.01034431646921803,103.38659700800248
7473,56.7,0.01034578929231571,103.40107632758253
7474,56.7,0.010347262956391448,103.41556384730315
7475,56.7,0.010347238015628105,103.41531865643583
7476,56.7,0.010350983453892976,103.45213957648669
7477,56.7,0.010353788008000405,103.47971050024209
7478,56.7,0.010353678913470797,103.4786380216874
7479,56.7,0.010353909687617076,103.48090669891734
7480,56.7,0.010355468764739603,103.49623351438746
7481,56.7,0.010357824330081367,103.51939022118573
7482,56.7,0.010361793419144857,103.55840850300915
7483,56.7,0.010368098775581718,103.62039254339533
7484,56.7,0.010371870419734933,103.65746864213182
7485,56.7,0.010375645704195743,103.69458008295855
7486,56.7,0.01038092225156844,103.7464483526029
7487,56.7,0.010383575812267757,103.77253243108142
7488,56.7,0.010387995540028862,103.81597716412611
7489,56.7,0.010390651498332314,103.84208422649523
7490,56.7,0.010393308356915267,103.86819991884803
7491,56.7,0.010395966116082888,103.89432424396388
7492,56.7,0.01040107858970818,103.94457645777746
7493,56.7,0.010405965811293766,103.99261383427509
7494,56.7,0.010410305878350316,104.03527250840374
7495,56.7,0.010414649703404678,104.07796753370874
7496,56.7,0.010418994390921301,104.120670449335
7497,56.7,0.01042468071659975,104.17655912555104
7498,56.7,0.010427746338069428,104.20668950572572
7499,56.7,0.010431824868449548,104.24677478168796
7500,56.7,0.010438574581723153,104.31311227612309
7501,56.7,0.010444343991704585,104.36981403667617
7502,56.7,0.010446849506458687,104.39443791314554
7503,56.7,0.010450574191964187,104.43104328218593
7504,56.7,0.0104552731945972,104.47722340506111
7505,56.7,0.010461165449414944,104.53512941526188
7506,56.7,0.010468944759030298,104.61157876404472
7507,56.7,0.01047666827457705,104.68747794905117
7508,56.7,0.010486376745651957,104.78288071314816
7509,56.7,0.010494167105345424,104.85943254899108
7510,56.7,0.01050195900738979,104.93599765425708
7511,56.7,0.010509752452090413,105.01257603089591
7512,56.7,0.01051759414169482,105.08962655707492
7513,56.7,0.010524523782145568,105.15771392088304
7514,56.7,0.010532315671496597,105.2342715518567
7515,56.7,0.010540161841006392,105.31136059548163
7516,56.7,0.01054887177875154,105.39693396913736
7517,56.7,0.010556721235460417,105.4740512719061
7518,56.7,0.01056457225067133,105.55118197161599
7519,56.7,0.010572430873657624,105.62838549483796
7520,56.7,0.010580291052509721,105.70560238401265
7521,56.7,0.010586152335022957,105.76318124993335
7522,56.7,0.010592136799386252,105.82196910350577
7523,56.7,0.010595262124714188,105.85267001682246
7524,56.7,0.010596965166868616,105.86939933136294
7525,56.7,0.010596070884499497,105.86061463283187
7526,56.7,0.010595192142311142,105.85198256412995
7527,56.7,0.010581025289277355,105.71281528715826
7528,56.7,0.010581017885169372,105.7127425516937
7529,56.7,0.010585218741871908,105.75401008031811
7530,56.7,0.010590913602737576,105.80995323043369
7531,56.7,0.01060040771404579,105.90321586720523
7532,56.7,0.01061058283946675,106.00316513972501
7533,56.7,0.010620712751250757,106.10266708899915
7534,56.7,0.010632993159926402,106.22328820970381
7535,56.7,0.010647496553593521,106.36573799085929
7536,56.7,0.01066330507764051,106.52099909319412
7537,56.7,0.01067860131376882,106.67122144832908
7538,56.7,0.010694424170283387,106.82660803038013
7539,56.7,0.010708324534378548,106.96310857859179
7540,56.7,0.010720698233792122,107.08461234629026
7541,56.7,0.01073434173376253,107.21857943452544
7542,56.7,0.010746720598865871,107.34012392893106
7543,56.7,0.010759112033876696,107.46178708033473
7544,56.7,0.010771505922168459,107.58346955201226
7545,56.7,0.010779285186396764,107.65984347893433
7546,56.7,0.010782345805164744,107.6898909824813
7547,56.7,0.01076680920385862,107.53735800681727
7548,56.7,0.010746656531417464,107.33949488143833
7549,56.7,0.010724669724938239,107.12360946870841
7550,56.7,0.01070107839205501,106.8919527448774
7551,56.7,0.010677665414222338,106.66203030866275
7552,56.7,0.01065620632805636,106.45128072431842
7553,56.7,0.010655755246187306,106.44685049796736
7554,56.7,0.010663498450962478,106.52289823289863
7555,56.7,0.010671834150418075,106.60476290899493
7556,56.7,0.010685034445420648,106.734398231554
7557,56.7,0.010702133706751075,106.90231584961568
7558,56.7,0.010719971771319024,107.07747896607572
7559,56.7,0.010739281500674042,107.26708214670838
7560,56.7,0.01075791758093588,107.45005975923729
7561,56.7,0.010777483944242541,107.64215971953716
7562,56.7,0.010797042626924856,107.83417239881685
7563,56.7,0.010815820193371834,108.01850548805567
7564,56.7,0.010836720050472171,108.22365953017494
7565,56.7,0.010857072185861913,108.4234240852193
7566,56.7,0.010877395721453718,108.62289509937604
7567,56.7,0.01089847396189856,108.8297598406629
7568,56.7,0.010919660266349381,109.0376712510619
7569,56.7,0.01093736629943996,109.21141840436803
7570,56.7,0.010955312578846863,109.38751314534734
7571,56.7,0.010971689270879372,109.54819786921064
7572,56.7,0.010985664036572427,109.68530881201437
7573,56.7,0.010998263749628399,109.80892347873493
7574,56.7,0.011009086085339443,109.91509652503606
7575,56.7,0.011020368302656396,110.02577739664927
7576,56.7,0.011031719012611008,110.13712621355283
7577,56.7,0.011044324963684798,110.26078408337585
7578,56.7,0.011056967723546023,110.38479808161878
7579,56.7,0.011069402472018243,110.50676684484242
7580,56.7,0.011081909627037718,110.62944098875687
7581,56.7,0.011092568433799094,110.73398212081341
7582,56.7,0.011103225607057447,110.83850371197418
7583,56.7,0.011114046124556107,110.94462372224628
7584,56.7,0.011126481994953323,111.06658149500679
7585,56.7,0.011139680712298275,111.19601521701941
7586,56.7,0.011152293162221046,111.31969464275593
7587,56.7,0.011165490088349477,111.44910024731927
7588,56.7,0.011178711416947349,111.57873972644077
7589,56.7,0.011193346312285255,111.7222333791924
7590,56.7,0.011209301193690123,111.8786618024572
7591,56.7,0.011225834709362012,112.04075508392091
7592,56.7,0.011241172267946934,112.19111572788674
7593,56.7,0.011255211760479911,112.32874448986894
7594,56.7,0.01126845705064739,112.45858211288092
7595,56.7,0.011282360999063667,112.59487042297354
7596,56.7,0.011293008725337315,112.69923677365648
7597,56.7,0.011301650727173576,112.7839409345897
7598,56.7,0.01130977926018605,112.86361024586058
7599,56.7,0.011318961449757973,112.95360418706717
7600,56.7,0.011331402612315314,113.07553491099614
7601,56.7,0.011346550994257833,113.22399151226968
7602,56.7,0.011362149473562969,113.37685171906249
7603,56.7,0.01137781389992648,113.53035060876566
7604,56.7,0.011395922581649435,113.70779178966575
7605,56.7,0.011414037401494895,113.88528296428846
7606,56.7,0.011432676779020172,114.06790322002516
7607,56.7,0.01145014125540113,114.23900256833114
7608,56.7,0.011468836607738998,114.422150343458
7609,56.7,0.011486367636856976,114.5938820816196
7610,56.7,0.011502306825085677,114.75001209822291
7611,56.7,0.011519311189697332,114.91656723405536
7612,56.7,0.011536963089654318,115.08945542018263
7613,56.7,0.011554035096299538,115.2566547860739
7614,56.7,0.011571046381552303,115.42325049703692
7615,56.7,0.011588589749512023,115.59504765434755
7616,56.7,0.01160562925839228,115.7619015562395
7617,56.7,0.01162066130091897,115.90909053932539
7618,56.7,0.011635767400861169,116.05699763311488
7619,56.7,0.011648514964348813,116.1818062990384
7620,56.7,0.011657937930344213,116.27406131420584
7621,56.7,0.011667684007282209,116.36947684201895
7622,56.7,0.011673183286845794,116.42331430301891
7623,56.7,0.011678620936074566,116.476547489617
7624,56.7,0.011684036813900053,116.52956663159128
7625,56.7,0.011697465879062778,116.66102756186203
7626,56.7,0.011711201058260812,116.7954793652354
7627,56.7,0.01172793229853765,116.95925132913621
7628,56.7,0.011747292135630737,117.1487422402686
7629,56.7,0.01176665274149921,117.33822909749641
7630,56.7,0.0117860879477378,117.52843444157814
7631,56.7,0.011805507983523172,117.71847966552673
7632,56.7,0.011824928817259548,117.90852105077094
7633,56.7,0.011843849588942693,118.09365790856907
7634,56.7,0.011862771150905704,118.27879144483158
7635,56.7,0.011881684825489769,118.46383676227119
7636,56.7,0.011897964308790207,118.62310115483892
7637,56.7,0.011911534677404688,118.75585565905953
7638,56.7,0.011925040737670565,118.88797541173737
7639,56.7,0.011939063040043277,119.02513922036387
7640,56.7,0.011942732264942286,119.06102996084427
7641,56.7,0.011940970461317363,119.0437968262865
7642,56.7,0.011944058569753533,119.07400318760139
7643,56.7,0.011947477196824053,119.10744217675844
7644,56.7,0.011950144336365261,119.13353030866544
7645,56.7,0.011952547413758778,119.15703537752924
7646,56.7,0.011955307612346373,119.18403331342655
7647,56.7,0.011957783540931069,119.20825055973904
7648,56.7,0.011960257175361809,119.23244517784244
7649,56.7,0.011962649860580427,119.255847852054
7650,56.7,0.011968334217573701,119.31144541197634
7651,56.7,0.011973639057199911,119.36333008891107
7652,56.7,0.011981475105533816,119.43996999453401
7653,56.7,0.011990850289201983,119.53166081284195
7654,56.7,0.011998164657037595,119.60319463445013
7655,56.7,0.012006798177996535,119.68762752403845
7656,56.7,0.0120171382193939,119.78874657488608
7657,56.7,0.012027467144931449,119.88975362649987
7658,56.7,0.01203863831431346,119.99899331578693
7659,56.7,0.012051431217864485,120.12408675391914
7660,56.7,0.012066437067175409,120.27081270791835
7661,56.7,0.012082438572697259,120.42726645423052
7662,56.7,0.012097454875044643,120.57408025388163
7663,56.7,0.012113898590618977,120.73484183983834
7664,56.7,0.012131396307199227,120.90589868405132
7665,56.7,0.012146447380265948,121.05302970493592
7666,56.7,0.012158992982027184,121.1756632775672
7667,56.7,0.012171412813694325,121.29706266463288
7668,56.7,0.012180128419271791,121.38225173464951
7669,56.7,0.01218401110644932,121.42020158627984
7670,56.7,0.012188019888480056,121.45938341657252
7671,56.7,0.012192156283059344,121.4998120124549
7672,56.7,0.012203905444668133,121.61464395090675
7673,56.7,0.012216034054290068,121.73318000984861
7674,56.7,0.012228191367315216,121.85199204449171
7675,56.7,0.01224035290283938,121.97084078751716
7676,56.7,0.012252935375576559,122.09379834667591
7677,56.7,0.012265848764769605,122.21998459144905
7678,56.7,0.012278766607008579,122.34620920901821
7679,56.7,0.012291679432165312,122.47237966419998
7680,56.7,0.012307649674761357,122.62841685930823
7681,56.7,0.012323688198649074,122.78511328833703
7682,56.7,0.01233972418440561,122.94177699724517
7683,56.7,0.012355674526408254,123.09759615072093
7684,56.7,0.012374312356917262,123.27965949554209
7685,56.7,0.012389872269597561,123.4316480556857
7686,56.7,0.012405429719887942,123.5836051088582
7687,56.7,0.012420984708178082,123.73553066295318
7688,56.7,0.012436537234857603,123.88742472586165
7689,56.7,0.01245168381854949,124.03534698000449
7690,56.7,0.012463849804522463,124.15415546040876
7691,56.7,0.012475518092321525,124.26809932524718
7692,56.7,0.012483793154564816,124.34890491986978
7693,56.7,0.012492008577288674,124.4291260521959
7694,56.7,0.012495949467276387,124.46760692047354
7695,56.7,0.012499884955838893,124.50603456939928
7696,56.7,0.0125037113850287,124.54339686287244
7697,56.7,0.0125178187559838,124.68114116937963
7698,56.7,0.012529075904670136,124.79105152439583
7699,56.7,0.01254032871567444,124.90091563015415
7700,56.7,0.012554430383278763,125.0385883585092
7701,56.7,0.012568389492988042,125.1748632859609
7702,56.7,0.012580092905712879,125.28911249313539
7703,56.7,0.012590708670616568,125.39274039140287
7704,56.7,0.012601150372163297,125.49466575311435
7705,56.7,0.01261159045611701,125.59657197128655
7706,56.7,0.012622035883070492,125.6985269870086
7707,56.7,0.012634552044605207,125.82068946805754
7708,56.7,0.012646409247322613,125.93641581627544
7709,56.7,0.012658275029656699,126.0522215723307
7710,56.7,0.012675026373835368,126.2157012777815
7711,56.7,0.01268868898466266,126.34903102909053
7712,56.7,0.012701460389954412,126.4736585536768
7713,56.7,0.01271423426560571,126.59830516755805
7714,56.7,0.012720659350970246,126.66099881902832
7715,56.7,0.012723986122182286,126.69345974652767
7716,56.7,0.012724188677869088,126.69543617005698
7717,56.7,0.012729922032159563,126.7513784668169
7718,56.7,0.012730135113315,126.75345755297549
7719,56.7,0.01273531032697088,126.80395297904887
7720,56.7,0.012739864493841338,126.8483880664847
7721,56.7,0.012745400765122109,126.90240470539894
7722,56.7,0.012752425266684287,126.9709404465161
7723,56.7,0.012759453634760639,127.03951239366276
7724,56.7,0.012766482209444756,127.1080848378623
7725,56.7,0.012772491220438099,127.16670897229592
7726,56.7,0.012779520178378526,127.23528233842305
7727,56.7,0.01278894756314187,127.32725198056995
7728,56.7,0.012797303865860893,127.4087703080911
7729,56.7,0.012808933025087477,127.52221279512153
7730,56.7,0.012818484573682386,127.61538507444796
7731,56.7,0.012831062914470935,127.73807845893457
7732,56.7,0.012842718478987662,127.85176643162832
7733,56.7,0.012853377226033805,127.95572782667162
7734,56.7,0.012862732359533035,128.04697139051927
7735,56.7,0.012873013156618802,128.14724014133893
7736,56.7,0.01288261410597785,128.24087539563834
7737,56.7,0.01289088161629788,128.32150373906185
7738,56.7,0.012895952663734864,128.3709577521473
7739,56.7,0.012898620533985543,128.39697511514382
7740,56.7,0.012899329067446992,128.40388477434303
7741,56.7,0.012899155342607698,128.40219060111332
7742,56.7,0.012909354994027261,128.50165653565563
7743,56.7,0.012921359481832023,128.6187189516352
7744,56.7,0.01292358738448227,128.64044397850756
7745,56.7,0.012929378855456213,128.6969178433957
7746,56.7,0.012935446166411138,128.7560803774857
7747,56.7,0.012943445225884928,128.83407772215392
7748,56.7,0.012952590243703689,128.9232466861205
7749,56.7,0.012962535147520559,129.02021206385248
7750,56.7,0.012972466619016585,129.11704344154654
7751,56.7,0.012983840192645191,129.22793152589912
7752,56.7,0.012995878623466475,129.34529739118295
7753,56.7,0.01300726517179931,129.4563037851779
7754,56.7,0.013019317868548612,129.57380006028865
7755,56.7,0.013033140887451524,129.70854891197743
7756,56.7,0.01304521735390029,129.82626730802568
7757,56.7,0.01305732787762172,129.94431318941787
7758,56.7,0.013071174550811696,130.07927646304486
7759,56.7,0.013085034819790509,130.21436636022707
7760,56.7,0.013096786673876178,130.32890185258847
7761,56.7,0.013108547400023698,130.443519569688
7762,56.7,0.013115470549767383,130.51098923636337
7763,56.7,0.01312058121956822,130.5607944069626
7764,56.7,0.013124768392936111,130.60159920140967
7765,56.7,0.013127706359924982,130.63022992278715
7766,56.7,0.013129093402818802,130.64374667376947
7767,56.7,0.013130561998946438,130.65805809772053
7768,56.7,0.01313349925208766,130.68668134037952
7769,56.7,0.013138434791227106,130.734777087115
7770,56.7,0.013146783835916555,130.8161349951354
7771,56.7,0.013159550206791654,130.94053374182448
7772,56.7,0.013179484419637106,131.13476775254986
7773,56.7,0.013197008718566489,131.305510091221
7774,56.7,0.013215889567532028,131.48945899251882
7775,56.7,0.013233259948266475,131.6586823201006
7776,56.7,0.013249988801906165,131.8216471019712
7777,56.7,0.013266732923303205,131.98475201990388
7778,56.7,0.013286328699767832,132.1756240634138
7779,56.7,0.013305563174328775,132.36296540500493
7780,56.7,0.01332519419824244,132.55415738923267
7781,56.7,0.013345317073418904,132.75012738548796
7782,56.7,0.013364609478281522,132.93799805083216
7783,56.7,0.013385237560181088,133.13886300210925
7784,56.7,0.013402934358419582,133.31117432566717
7785,56.7,0.013418263581527628,133.46042513296183
7786,56.7,0.01343126786909062,133.58703388881833
7787,56.7,0.013440957876670934,133.68137169691343
7788,56.7,0.013447947510094326,133.74941802005483
7789,56.7,0.013453259396726234,133.8011299389031
7790,56.7,0.013459417303349623,133.86107689212074
7791,56.7,0.013462851621106423,133.89450932144135
7792,56.7,0.013468221554436893,133.94678387542365
7793,56.7,0.013477833918442848,134.04035490553665
7794,56.7,0.013488110862364976,134.1403921210845
7795,56.7,0.013500136515510816,134.25744740932086
7796,56.7,0.013511096280837869,134.3641237011949
7797,56.7,0.013522054754068603,134.47078373752228
7798,56.7,0.013534092115298747,134.5879404708442
7799,56.7,0.013545061140917521,134.69469548640575
7800,56.7,0.013556035200031163,134.8014958021716
7801,56.7,0.01356690011223224,134.90723025887772
7802,56.7,0.01357663958077623,135.00200912213668
7803,56.7,0.013585157207072717,135.08489534360484
7804,56.7,0.01359358746058265,135.16692914052783
7805,56.7,0.013601776233713904,135.24661103685918
7806,56.7,0.0136102141260724,135.32871487148878
7807,56.7,0.013618658382711328,135.41087845041022
7808,56.7,0.013628284060466943,135.50453472855418
7809,56.7,0.01363924357492915,135.61116556714063
7810,56.7,0.01364773463659648,135.69377701143716
7811,56.7,0.013654144154252553,135.75613518504483
7812,56.7,0.013655178090192106,135.7661942261809
7813,56.7,0.013658284694530055,135.79641781747281
7814,56.7,0.013660111005312277,135.81418552660526
7815,56.7,0.013661903603737483,135.83162515756848
7816,56.7,0.01366484507915135,135.86024164127755
7817,56.7,0.013669786406926645,135.90831332375748
7818,56.7,0.013677807397782517,135.9863439017537
7819,56.7,0.013688215461778754,136.0875936995999
7820,56.7,0.01369926213715842,136.1950522911219
7821,56.7,0.0137127338388582,136.32609572292708
7822,56.7,0.013726055474992825,136.45567395840052
7823,56.7,0.013739346729523164,136.58495126260385
7824,56.7,0.013751274142608376,136.7009585692052
7825,56.7,0.013765966896368413,136.84385589355807
7826,56.7,0.01377933965155658,136.97390956521113
7827,56.7,0.013793450162977136,137.11113218389178
7828,56.7,0.013808831118945493,137.26070274765675
7829,56.7,0.013824212633204585,137.4102715030468
7830,56.7,0.013837578734892898,137.54023665253868
7831,56.7,0.013851372834327812,137.674357703947
7832,56.7,0.013865372871829179,137.81047515587485
7833,56.7,0.013877322451687957,137.92665198597976
7834,56.7,0.013886864394122463,138.01941802197425
7835,56.7,0.013896584865968079,138.11391684440798
7836,56.7,0.013905506189987435,138.20064410530486
7837,56.7,0.013915108267733865,138.29398648819134
7838,56.7,0.013931130315686154,138.44973151629156
7839,56.7,0.013947656099830863,138.61036497492375
7840,56.7,0.013964102152016893,138.77021513658318
7841,56.7,0.013980533980947493,138.92991879568734
7842,56.7,0.01399696329163728,139.08958972846287
7843,56.7,0.01400566090319693,139.17411554369716
7844,56.7,0.014012119979710675,139.2368851549259
7845,56.7,0.014013645462099425,139.25170967884492
7846,56.7,0.014015451008442396,139.26925575145052
7847,56.7,0.014017254646317463,139.2867831783333
7848,56.7,0.014018110003346802,139.29509534859454
7849,56.7,0.01401902248213055,139.30396259077114
7850,56.7,0.014019918352062566,139.31266840749717
7851,56.7,0.0140205625787008,139.31892880899082
7852,56.7,0.014021206124389543,139.32518258055796
7853,56.7,0.014021848989848562,139.33142972923326
7854,56.7,0.014022445227234295,139.3372237508048
7855,56.7,0.014016921660321455,139.28354728809052
7856,56.7,0.014011398334330818,139.22987223424272
7857,56.7,0.014005884128092009,139.17628487506266
7858,56.7,0.013974413680403999,138.87043554847872
7859,56.7,0.01394308410558256,138.56592524144057
7860,56.7,0.013912307337511426,138.26675876605273
7861,56.7,0.01388322302315596,137.98401721991763
7862,56.7,0.01385430085310779,137.7028262988381
7863,56.7,0.013825988661729162,137.42754101258305
7864,56.7,0.013797357657975413,137.1491309128853
7865,56.7,0.013768293466655153,136.8664828138538
7866,56.7,0.0137399160573615,136.59048870552675
7867,56.7,0.013711696634190525,136.3160067079409
7868,56.7,0.013706070635443117,136.2612813654525
7869,56.7,0.013700462182206326,136.2067257278486
7870,56.7,0.013694860412072294,136.1522341384188
7871,56.7,0.013689460292995205,136.09970321376417
7872,56.7,0.013689085956257414,136.09606173228408
7873,56.7,0.013688717202424554,136.0924745561207
7874,56.7,0.013689029806868513,136.09551552060452
7875,56.7,0.013689352778377083,136.09865733104184
7876,56.7,0.013689305829189263,136.09820061773942
7877,56.7,0.013689258929035393,136.09774438136319
7878,56.7,0.013689209055636423,136.09725922171216
7879,56.7,0.013692862901576725,136.13280299067202
7880,56.7,0.01369888178381311,136.19135239522447
7881,56.7,0.013704892069937125,136.24981707363625
7882,56.7,0.013704488080548005,136.24588732704618
7883,56.7,0.013704722112974448,136.2481638432133
7884,56.7,0.013704652412197437,136.24748583928408
7885,56.7,0.013699172074040582,136.19417620047585
7886,56.7,0.013699070182151316,136.19318504493745
7887,56.7,0.013693781811612881,136.1417418708515
7888,56.7,0.013700974954989498,136.2117137110252
7889,56.7,0.013709776083841389,136.2973251959709
7890,56.7,0.013720641689623779,136.4030152593258
7891,56.7,0.01373104756386223,136.50423011354394
7892,56.7,0.013747260317239753,136.66192015657577
7893,56.7,0.013767973111570145,136.86336722945026
7894,56.7,0.013788888237385947,137.0667688043645
7895,56.7,0.013810390375789922,137.27586518043728
7896,56.7,0.013831340461789045,137.4795795495305
7897,56.7,0.01384702718891132,137.63210529932417
7898,56.7,0.013868251916892133,137.83846635763896
7899,56.7,0.013887528424077707,138.02587356689065
7900,56.7,0.013906832987892645,138.21354215645053
7901,56.7,0.013927418936401044,138.41365512443642
7902,56.7,0.013946741284042139,138.60147302672422
7903,56.7,0.013966090386271963,138.78953955257637
7904,56.7,0.01398545239815438,138.97772009990237
7905,56.7,0.01400353165359095,139.15342311581972
7906,56.7,0.014019402022021272,139.30765085766504
7907,56.7,0.014035017940678574,139.45939835147774
7908,56.7,0.01404957960496365,139.60089442741568
7909,56.7,0.014063962272955087,139.7406448314125
7910,56.7,0.014076937619648879,139.86671545651112
7911,56.7,0.014089917334291017,139.99282337494975
7912,56.7,0.014102893485041207,140.1188915226315
7913,56.7,0.01411733165546053,140.2591576913345
7914,56.7,0.014130766751906134,140.38967332248848
7915,56.7,0.014143167249588633,140.51013342132603
7916,56.7,0.014156568392873664,140.6403086454497
7917,56.7,0.014172293109218602,140.79304746082843
7918,56.7,0.014185714546367226,140.9234078718105
7919,56.7,0.01420473217603997,141.10811384434928
7920,56.7,0.014223760641352938,141.29291400383264
7921,56.7,0.01424071990871526,141.45760926293343
7922,56.7,0.014260844309614799,141.6530304540505
7923,56.7,0.014280980176757588,141.84855061667935
7924,56.7,0.014298935299694384,142.02288521860876
7925,56.7,0.014316900652888875,142.19730930309402
7926,56.7,0.014335993028230614,142.38266475370438
7927,56.7,0.01435509628180028,142.56811468115208
7928,56.7,0.014374223799529705,142.7537890032087
7929,56.7,0.014393362210055093,142.93955789183067
7930,56.7,0.014408987255299916,143.0912156649197
7931,56.7,0.014424624746635329,143.2429867842953
7932,56.7,0.014437783834275039,143.37069774799636
7933,56.7,0.014447222442490748,143.46229763554982
7934,56.7,0.014450751774683211,143.49654843152732
7935,56.7,0.0144580933167355,143.56779402418178
7936,56.7,0.014468959214663124,143.6732385185604
7937,56.7,0.014485184345780005,143.83068320763942
7938,56.7,0.014507144299874477,144.0437644260346
7939,56.7,0.014529132461712798,144.25710461701303
7940,56.7,0.014553254569811462,144.49113247144183
7941,56.7,0.014578077184836679,144.73193798567434
7942,56.7,0.01460749818600614,145.01732836798791
7943,56.7,0.014636946046155164,145.30295287249996
7944,56.7,0.01466644246869917,145.58902190991415
7945,56.7,0.014695042960117975,145.86637650811798
7946,56.7,0.014721110604839585,146.11914700113505
7947,56.7,0.014750780190429491,146.40681929881507
7948,56.7,0.014779243507882683,146.68277058679496
7949,56.7,0.014808973672755622,146.9709775930406
7950,56.7,0.014836347209863342,147.23631543229163
7951,56.7,0.014859832760654128,147.46394796593952
7952,56.7,0.014875644340319405,147.61719145892033
7953,56.7,0.014887829780235201,147.7352857494387
7954,56.7,0.014898321539537287,147.83696223873906
7955,56.7,0.01490598251859916,147.91120329119897
7956,56.7,0.01491147394035002,147.96441848828735
7957,56.7,0.01492058808594299,148.052738044318
7958,56.7,0.014928612322109321,148.13049386874556
7959,56.7,0.014937977664233125,148.22124269512622
7960,56.7,0.014947627221265903,148.31474273174973
7961,56.7,0.01495734379951014,148.40888931216304
7962,56.7,0.01496862703716034,148.51821207882557
7963,56.7,0.014982564649746583,148.65324761391955
7964,56.7,0.014997988322379878,148.8026740573375
7965,56.7,0.015018268944693543,148.99914421495913
7966,56.7,0.015037433063344137,149.1847866571615
7967,56.7,0.015057756946803743,149.38165151389347
7968,56.7,0.015079346564826127,149.5907629969297
7969,56.7,0.01510339382467947,149.82366188054064
7970,56.7,0.01513093399713359,150.09036819453547
7971,56.7,0.015159449294322624,150.36649357741067
7972,56.7,0.015184814572893335,150.61209525916797
7973,56.7,0.015208933707130322,150.84561289438088
7974,56.7,0.01523174187451161,151.06642169276213
7975,56.7,0.015253255319615786,151.27468163150857
7976,56.7,0.015277415220099875,151.50854369923414
7977,56.7,0.015300191208296196,151.72899358817588
7978,56.7,0.015321756340752618,151.93770902251106
7979,56.7,0.015343527246388936,152.14840167859003
7980,56.7,0.01536500580849478,152.35625101067677
7981,56.7,0.015385367323398189,152.55327767462808
7982,56.7,0.015405729113189031,152.75029440938633
7983,56.7,0.01542731571795313,152.95914847008046
7984,56.7,0.015448904885797223,153.168013179977
7985,56.7,0.015470555688785801,153.37745997087305
7986,56.7,0.015489602872486507,153.56170795448372
7987,56.7,0.015510002626844197,153.75902746771968
7988,56.7,0.01553156799335793,153.96760779786064
7989,56.7,0.015549539305937844,154.14141564078656
7990,56.7,0.015566321113437287,154.30371045051322
7991,56.7,0.015576088274614179,154.39816353921296
7992,56.7,0.015583263618256987,154.4675506770214
7993,56.7,0.015590102112482096,154.53367895388516
7994,56.7,0.015601652954031733,154.64537243359152
7995,56.7,0.015617113707868065,154.79486736219326
7996,56.7,0.01563143113807762,154.93330066644248
7997,56.7,0.015648403428694627,155.0973954050828
7998,56.7,0.01566646360697056,155.27199867296358
7999,56.7,0.015684745798909563,155.44873826373683
8000,56.7,0.015701433132875496,155.6100510232335
8001,56.7,0.01571932366471005,155.78298545187633
8002,56.7,0.0157370772619691,155.95458664367823
8003,56.7,0.01575326052040148,156.11100106519154
8004,56.7,0.01576957832789067,156.26870789225933
8005,56.7,0.01578304570796097,156.39886009464522
8006,56.7,0.01579882164395683,156.55131578033846
8007,56.7,0.015810746606573254,156.66655137631403
8008,56.7,0.015824774212534604,156.8021001244449
8009,56.7,0.01583814990262023,156.93134385646653
8010,56.7,0.015852211941891375,157.0672136499964
8011,56.7,0.01586417530410292,157.18280095539444
8012,56.7,0.015879071199491723,157.32671567382576
8013,56.7,0.015896566846419265,157.4957389631242
8014,56.7,0.015913053426440064,157.65500529591478
8015,56.7,0.015928773614312212,157.80686033536676
8016,56.7,0.015943812476659686,157.95212685076456
8017,53.6,0.01595790985933094,176.96525110847872
8018,53.6,0.015970617623085586,177.1026457728405
8019,53.6,0.01598248198053635,177.23091669855327
8020,53.6,0.015994082240200425,177.35632773081477
8021,53.6,0.016008532900194803,177.5125482150841
8022,53.6,0.016023098144980635,177.67000026960153
8023,53.6,0.016037550444596232,177.82622426728904
8024,53.6,0.01605131959140116,177.9750570526777
8025,53.6,0.01606508951626851,178.12389182367824
8026,53.6,0.016078882818228286,178.27297282957426
8027,53.6,0.016088693239699796,178.37900207473405
8028,53.6,0.01609966051405288,178.49753051478538
8029,53.6,0.016110735820604107,178.61722237402398
8030,53.6,0.016121815359073224,178.73695581048153
8031,53.6,0.01613289902554773,178.85672969671543
8032,53.6,0.016144489463377636,178.9819754766475
8033,53.6,0.016156084346883214,179.10726474382756
8034,53.6,0.016167099756861363,179.22628825462942
8035,53.6,0.016180256740426162,179.3684464728277
8036,53.6,0.016192920218428372,179.50526693926437
8037,53.6,0.016205591022629428,179.64216112556076
8038,53.6,0.016218269069626715,179.77912812159065
8039,53.6,0.01623156779989864,179.92279480729425
8040,53.6,0.01624486714848611,180.0664621847552
8041,53.6,0.016258167115417874,180.21013025382328
8042,53.6,0.016273074332003958,180.37115293735653
8043,53.6,0.016287976104455048,180.53210929729707
8044,53.6,0.016302863938863956,180.69290760482096
8045,53.6,0.01632083085834334,180.88695204744462
8046,53.6,0.016336557908298015,181.05679671941172
8047,53.6,0.016356515430941028,181.27231643827918
8048,53.6,0.016375677331156472,181.47923161151292
8049,53.6,0.016392020559599776,181.65570021922537
8050,53.6,0.01640524870856985,181.79852664432727
8051,53.6,0.016417735753925414,181.9333458248679
8052,53.6,0.01642959011962992,182.0613292576917
8053,53.6,0.016442099862107738,182.1963831882111
8054,53.6,0.016455221180882634,182.33803394801004
8055,53.6,0.01646498686529051,182.4434552892754
8056,53.6,0.016477477167551248,182.57828439691792
8057,53.6,0.01649070991886419,182.72112226655383
8058,53.6,0.016506425989084767,182.89075805504027
8059,53.6,0.016522823064605074,183.0677355622988
8060,53.6,0.016539233431194383,183.24484742213926
8061,53.6,0.016553022405021062,183.39366038600576
8062,53.6,0.016569468868193184,183.5711450246093
8063,53.6,0.01658592850451236,183.74876266950443
8064,53.6,0.016602395054176253,183.92644575446164
8065,53.6,0.01661822425416365,184.09724284890203
8066,53.6,0.016636344625031246,184.29275128641345
8067,53.6,0.016654435717021493,184.48793275328924
8068,53.6,0.01667461508746157,184.70563122583067
8069,53.6,0.016696740702340517,184.9443103019803
8070,53.6,0.01671624659941847,185.15471557379902
8071,53.6,0.01673130580550637,185.31714670202345
8072,53.6,0.016749862677564707,185.5172937085587
8073,53.6,0.01676428713609009,185.67286212050175
8074,53.6,0.016777978776007327,185.8205205518171
8075,53.6,0.01678684895893647,185.91617826998433
8076,53.6,0.01678623409497495,185.9095475472771
8077,53.6,0.016786665483657547,185.91419966503648
8078,53.6,0.016788929629575705,185.93861622812614
8079,53.6,0.016789865847162393,185.94871235357996
8080,53.6,0.016793248958158997,185.9851954132415
8081,53.6,0.016799033511644745,186.04757444283644
8082,53.6,0.01680502703702581,186.1122057759467
8083,53.6,0.016810642703405942,186.1727613563278
8084,53.6,0.016821594831950445,186.29085870287153
8085,53.6,0.016831495547396696,186.39761512453467
8086,53.6,0.016841665319145292,186.50726925356165
8087,53.6,0.016856484853916987,186.6670525455356
8088,53.6,0.016874855130460515,186.86510942144648
8089,53.6,0.01689601592165026,187.09323777030747
8090,53.6,0.01691554852743933,187.30379971188609
8091,53.6,0.016936749901178137,187.532336438479
8092,53.6,0.016959315678864974,187.77556387031115
8093,53.6,0.01698310736156299,188.03198623257498
8094,53.6,0.017005325370880044,188.27143059055544
8095,53.6,0.017027558258852396,188.51101862799717
8096,53.6,0.017048109441269322,188.73246929118105
8097,53.6,0.017066812895770403,188.9339972559329
8098,53.6,0.017084661685446603,189.12630528693393
8099,53.6,0.017101446607677383,189.30714110076653
8100,53.6,0.017114421220082398,189.44691924811377
8101,53.6,0.01712795051741749,189.59266708464696
8102,53.6,0.017141480009752564,189.73841085084533
8103,53.6,0.017153289268469776,189.86561869872483
8104,53.6,0.01717008775108744,190.04656173857475
8105,53.6,0.017188744518888806,190.24750994842577
8106,53.6,0.017210914656636305,190.4862846905423
8107,53.6,0.017233956265869828,190.73442771985998
8108,53.6,0.01725696078026618,190.98215341541916
8109,53.6,0.017280865379027645,191.2395528409221
8110,53.6,0.017304768127136994,191.49691309046312
8111,53.6,0.017328681997678196,191.7543738358501
8112,53.6,0.017353841504728316,192.02522452060168
8113,53.6,0.01738104464293437,192.31805160725034
8114,53.6,0.017409249114754843,192.62163119825732
8115,53.6,0.01743748895310699,192.92556462444628
8116,53.6,0.017465770157456928,193.22991634965402
8117,53.6,0.017495998151583623,193.5551889317018
8118,53.6,0.01752517733785292,193.8691464997316
8119,53.6,0.01755251376109339,194.1632506054248
8120,53.6,0.017582818554099013,194.48926109521403
8121,53.6,0.017610285316052604,194.78471414954424
8122,53.6,0.01763698016128892,195.07183957312404
8123,53.6,0.017662688273161496,195.34832919815358
8124,53.6,0.017684460571650334,195.5824719394591
8125,53.6,0.017708107517701153,195.8367568800746
8126,53.6,0.017729665129876282,196.06855800710298
8127,53.6,0.017751408616440183,196.3023419475953
8128,53.6,0.01777316215545018,196.53621806778605
8129,53.6,0.017794868665339733,196.76957271586218
8130,53.6,0.017815161305053808,196.9877133084066
8131,53.6,0.017832900226495366,197.178390759048
8132,53.6,0.01785460972236368,197.4117339253038
8133,53.6,0.017875510392177076,197.63636851400835
8134,53.6,0.017893777052691604,197.8326814851199
8135,53.6,0.017912798197904,198.03709103893766
8136,53.6,0.017931132091698627,198.2341035861671
8137,53.6,0.017954537199953467,198.48559403750892
8138,53.6,0.017969944932325094,198.6511417675798
8139,53.6,0.017985335396979295,198.81649600693342
8140,53.6,0.018000726494013214,198.9818490866271
8141,53.6,0.018016125954176114,199.1472840549771
8142,53.6,0.018028181777660565,199.27679308919147
8143,53.6,0.018044275603010876,199.449672536521
8144,53.6,0.018060370056546458,199.62255003670265
8145,53.6,0.01807581313779377,199.788422690945
8146,53.6,0.01808737315270709,199.91258246364438
8147,53.6,0.018094958411058366,199.9940491216543
8148,53.6,0.018102648099769157,200.07663540426756
8149,53.6,0.018110149162214057,200.15719395269858
8150,53.6,0.018117800552037353,200.23936501449907
8151,53.6,0.01812688609109781,200.3369353758602
8152,53.6,0.018138967961213646,200.46667929546652
8153,53.6,0.01815574422227736,200.6468268815454
8154,53.6,0.018171259702083255,200.81342748587275
8155,53.6,0.01818383038264366,200.9484017899897
8156,53.6,0.018196513431577695,201.08457724695427
8157,53.6,0.01821272050626711,201.25858163752847
8158,53.6,0.01823204514940463,201.46604573477717
8159,53.6,0.0182552113850348,201.7147356141476
8160,53.6,0.018282971158191927,202.012713482159
8161,53.6,0.01831225055686255,202.32697525532782
8162,53.6,0.018340042221084044,202.62524228237817
8163,53.6,0.01836719234527804,202.91659914095334
8164,53.6,0.018397466082008464,203.24144737285908
8165,53.6,0.018427779968157018,203.56669564701488
8166,53.6,0.018457969798833466,203.8905822837598
8167,53.6,0.018488179692958424,204.2146536016273
8168,53.6,0.018518553865230544,204.5404563624506
8169,53.6,0.018545821419667867,204.83291025798178
8170,53.6,0.018573101377109793,205.1254722628466
8171,53.6,0.01859864911376077,205.39943458998624
8172,53.6,0.01861995903407023,205.62793578278252
8173,53.6,0.018640616175422575,205.8494228711531
8174,53.6,0.0186580335530104,206.03616192171535
8175,53.6,0.01867592803382433,206.22800562191665
8176,53.6,0.018693862628929744,206.42026862733331
8177,53.6,0.0187132523056464,206.62811833411493
8178,53.6,0.018735742823783843,206.8691920814957
8179,53.6,0.018758708190992162,207.1153382268569
8180,53.6,0.018782239432068668,207.36753118803608
8181,53.6,0.018805760794153505,207.61959976078023
8182,53.6,0.018829316981243027,207.87202299165196
8183,53.6,0.01885252366864986,208.12068290863533
8184,53.6,0.018876568133107754,208.37830061924586
8185,53.6,0.018901371565840874,208.64402982733688
8186,53.6,0.018925595187407603,208.90352743059415
8187,53.6,0.018949220643444106,209.15659823916505
8188,53.6,0.018972822235141493,209.40939478897516
8189,53.6,0.018997015208891528,209.66850630628159
8190,53.6,0.01902426438323552,209.96032691185684
8191,53.6,0.019054484996255,210.28394064048555
8192,53.6,0.01908171846125798,210.57554072295073
8193,53.6,0.019109037334709426,210.86803041696948
8194,53.6,0.019136089602812042,211.1576411346646
8195,53.6,0.019159920272038847,211.41274246026097
8196,53.6,0.019183782290387537,211.66816036872925
8197,53.6,0.01920804698776298,211.92786903841812
8198,53.6,0.019232316544229053,212.18761005295696
8199,53.6,0.019256176026315,212.44294314563695
8200,53.6,0.01928098066903639,212.7083707628907
8201,53.6,0.019306743489513105,212.98402983565546
8202,53.6,0.019332556224774738,213.26020077741785
8203,53.6,0.019358666750302487,213.53953516467033
8204,53.6,0.019388287829014972,213.8563984480118
8205,53.6,0.019418150529764918,214.1758167886825
8206,53.6,0.019447595138376083,214.49073399734974
8207,53.6,0.01948082691627207,214.84612116748548
8208,53.6,0.019514462825578248,215.20579270125762
8209,53.6,0.01955115181399331,215.5980680516195
8210,53.6,0.019582526955535653,215.93349263985795
8211,53.6,0.019617778968559384,216.31032485137638
8212,53.6,0.019657371678813047,216.73350829106178
8213,53.6,0.01968924483036473,217.07414391546874
8214,53.6,0.01972564626766784,217.46313296691628
8215,53.6,0.01976207198180343,217.85233726709365
8216,53.6,0.019800331310472267,218.26108593939023
8217,53.6,0.019835903542016475,218.64108292841723
8218,53.6,0.019870090652837444,219.00624380280163
8219,53.6,0.0199029855446492,219.35756544875466
8220,53.6,0.019928625813297646,219.6313818200022
8221,53.6,0.019954255866167094,219.9050672335955
8222,53.6,0.019978428244886787,220.16316713842264
8223,53.6,0.02000299595724605,220.42546829044105
8224,53.6,0.02003101766003342,220.7246220214587
8225,53.6,0.020061680214268667,221.05193899811923
8226,53.6,0.020092389036690386,221.3797185439907
8227,53.6,0.020123607832879177,221.71290930375798
8228,53.6,0.020157199708033424,222.0713911817986
8229,53.6,0.020191512815555375,222.4375311009409
8230,53.6,0.020226539958011436,222.81124981182617
8231,53.6,0.020258018599182175,223.1470733501386
8232,53.6,0.020292875142766318,223.51889495096486
8233,53.6,0.02032565159008812,223.86849093879198
8234,53.6,0.020360609967263864,224.24132022911377
8235,53.6,0.020394404255450888,224.60169599351013
8236,53.6,0.02043182491123103,225.00069840279573
8237,53.6,0.020468170131618866,225.38818934885424
8238,53.6,0.020505034564180753,225.7811710368981
8239,53.6,0.020541920081710206,226.17433235912495
8240,53.6,0.020579495651618308,226.57480250810033
8241,53.6,0.020613958191944372,226.94205366143873
8242,53.6,0.02064815632898553,227.3064482532956
8243,53.6,0.020678899837430723,227.63399931493583
8244,53.6,0.020709657582181514,227.96167069393275
8245,53.6,0.02073681133949425,228.25092165913986
8246,53.6,0.02076051624890832,228.50341435347895
8247,53.6,0.020780397415078228,228.7151641099028
8248,53.6,0.02080019304143765,228.9259897862423
8249,53.6,0.020819987770211802,229.1367929182251
8250,53.6,0.02084707365585133,229.42522188129112
8251,53.6,0.02087731070669675,229.74717788564604
8252,53.6,0.02090878420704848,230.08226710271202
8253,53.6,0.020941423930664293,230.4297381044072
8254,53.6,0.020974644606241856,230.78335748775035
8255,53.6,0.021007221308358005,231.13008657209338
8256,53.6,0.021040432267552485,231.48353018469382
8257,53.6,0.021073730264040868,231.83786342783685
8258,53.6,0.02110836085595238,232.20633826181708
8259,53.6,0.021139762191290712,232.54041900135527
8260,53.6,0.021173785490292665,232.90235814979687
8261,53.6,0.021205205602081157,233.23657063562874
8262,53.6,0.02123382922491481,233.54100873374293
8263,53.6,0.02126244925566886,233.8453815361099
8264,53.6,0.02129047067608848,234.1433619015878
8265,53.6,0.021315354964703832,234.4079601784546
8266,53.6,0.021336945481028657,234.6375187073042
8267,53.6,0.02135788728850243,234.86016519712712
8268,53.6,0.02137823776381693,235.07651094840938
8269,53.6,0.021397926077002232,235.28580423274565
8270,53.6,0.021414060271671986,235.45730651129517
8271,53.6,0.02143028601978006,235.62977330397555
8272,53.6,0.02144651862823774,235.8023043122854
8273,53.6,0.021463335874305947,235.98104005817598
8274,53.6,0.02148313131866329,236.1914164877174
8275,53.6,0.021502815171159578,236.4005941377496
8276,53.6,0.021523222852892217,236.61745031146347
8277,53.6,0.021547068093141046,236.8708172553818
8278,53.6,0.021571494795595645,237.13034304075902
8279,53.6,0.021594629696545558,237.37612568821302
8280,53.6,0.021615792713539514,237.60094378117054
8281,53.6,0.021638813298322956,237.84547832293174
8282,53.6,0.021659922189136673,238.06969065561924
8283,53.6,0.02168296332508199,238.3144099310949
8284,53.6,0.02170544872340414,238.55320984052105
8285,53.6,0.02172722711179195,238.78448524253633
8286,53.6,0.021748353506948225,239.00882185427585
8287,53.6,0.021770140389710372,239.24015661780084
8288,53.6,0.021793211563396482,239.4851110086536
8289,53.6,0.021815007327245825,239.7165078170451
8290,53.6,0.021834966629495696,239.9283939118266
8291,53.6,0.021853290301346702,240.12290473941982
8292,53.6,0.021871705180873488,240.31837260688013
8293,53.6,0.021889061719735016,240.50259630149836
8294,53.6,0.02190528171670871,240.6747476713307
8295,53.6,0.021918768345901885,240.81788176519825
8296,53.6,0.021931637288098865,240.95445473363463
8297,53.6,0.021943837292111783,241.08392348612267
8298,53.6,0.02195598817657256,241.21286609611906
8299,53.6,0.02196513819785388,241.30996097015807
8300,53.6,0.021974807924503563,241.41256766599463
8301,53.6,0.021983221550505874,241.50184321137385
8302,53.6,0.021991682015757148,241.59161340755446
8303,53.6,0.021996328992920654,241.64091939108155
8304,53.6,0.022000978778123733,241.69025445657937
8305,53.6,0.022005040534477088,241.73334984616912
8306,53.6,0.022009691477052045,241.7826958563477
8307,53.6,0.02201433624893901,241.83197568480054
8308,53.6,0.022019422749163346,241.8859413211552
8309,53.6,0.022024541368275256,241.94024686484573
8310,53.6,0.02203018972347464,242.0001715954908
8311,53.6,0.022035278244115743,242.05415600937158
8312,53.6,0.022041488367460414,242.12003841619025
8313,53.6,0.022041424071299887,242.1193563129302
8314,53.6,0.022041376803359106,242.11885485807144
8315,53.6,0.022040464380965148,242.10917516149726
8316,53.6,0.022038293128603656,242.0861406932253
8317,53.6,0.022035710177255582,242.05873837409925
8318,53.6,0.02203198678247607,242.019236797264
8319,53.6,0.022022144825092203,241.9148210561349
8320,53.6,0.022011867676473052,241.80578485788863
8321,53.6,0.02200165741155419,241.69745482094896
8322,53.6,0.021991809642135967,241.59296757566736
8323,53.6,0.021982401321480344,241.49314000421197
8324,53.6,0.021984779328048928,241.51837226628362
8325,53.6,0.02199378413090133,241.6139176411754
8326,53.6,0.02200674199481132,241.75140224354453
8327,53.6,0.022018933516788734,241.88075080768337
8328,53.6,0.022035046191499746,242.05169416812623
8329,53.6,0.022054201954819136,242.25491128027784
8330,53.6,0.022074050080839423,242.46546068536347
8331,53.6,0.02209644571557207,242.70301854218383
8332,53.6,0.0221180626324191,242.9323006132647
8333,53.6,0.022144119138883145,243.20865119607896
8334,53.6,0.02217020158840163,243.48525453430335
8335,53.6,0.022198303216194617,243.78324610912236
8336,53.6,0.022226420942620926,244.081382373159
8337,53.6,0.02225258305094676,244.35875956586258
8338,53.6,0.022279583334533924,244.6449996786618
8339,53.6,0.022302111472645804,244.88381054259594
8340,53.6,0.022323781369251287,245.11350780780936
8341,53.6,0.02234310213317806,245.31829163158423
8342,53.6,0.02236242009613069,245.52303348841065
8343,53.6,0.022387981342138152,245.79392604894662
8344,53.6,0.0224132582363832,246.06178397602233
8345,53.6,0.022438546835524962,246.32974491043402
8346,53.6,0.022466018734002897,246.6208165051144
8347,53.6,0.022489796921536232,246.8727322782276
8348,53.6,0.022515348763288815,247.14341814311948
8349,53.6,0.022538358710939274,247.387157844017
8350,53.6,0.022561245780623823,247.62957865891929
8351,53.6,0.022583328076220863,247.86345895328702
8352,53.6,0.022605420580902154,248.0974313385728
8353,53.6,0.022630029981642003,248.3580402234169
8354,53.6,0.0226521440775426,248.59220732864546
8355,53.6,0.02267427804489856,248.82656876538198
8356,53.6,0.022696412597558446,249.0609203051144
8357,53.6,0.022718557383462065,249.29536408611912
8358,53.6,0.02274071240734044,249.52990013780814
8359,53.6,0.022762877673926794,249.76452848959698
8360,53.6,0.022783124356592785,249.97883375263154
8361,53.6,0.022801760545051793,250.176080505527
8362,53.6,0.022819606393919497,250.36495156030742
8363,53.6,0.022834292759771824,250.52037647043383
8364,53.6,0.02285108189426549,250.69804617896617
8365,53.6,0.0228650673254256,250.8460388517568
8366,53.6,0.0228782685047573,250.98572674705696
8367,53.6,0.02289147236474742,251.12543728650513
8368,53.6,0.022903718681812187,251.25501091415484
8369,53.6,0.02291595241973785,251.38444653292322
8370,53.6,0.022926632146885288,251.49743636342708
8371,53.6,0.02293886555936047,251.62685934125187
8372,53.6,0.022951881776438608,251.76455858262727
8373,53.6,0.0229594431266085,251.844547949248
8374,53.6,0.022969616091572997,251.95216188450954
8375,53.6,0.02297723322801157,252.03273695960692
8376,53.6,0.022987154083413203,252.13767822430123
8377,53.6,0.022993483235374982,252.2046253220434
8378,53.6,0.02300035616348538,252.27732276619008
8379,53.6,0.023007586527725554,252.3537992690787
8380,53.6,0.02301432823233824,252.42510561075875
8381,53.6,0.023019675985976134,252.4816672108679
8382,53.6,0.023020196406814165,252.48717149724723
8383,53.6,0.023020374505034063,252.48905516998406
8384,53.6,0.023020894468282697,252.4945546047122
8385,53.6,0.023020646972363393,252.49193694455587
8386,53.6,0.023019639305941392,252.48127926024165
8387,53.6,0.023009571796916546,252.37479741945626
8388,53.6,0.022999532555154224,252.26861124497302
8389,53.6,0.02298881914922879,252.15529071499887
8390,53.6,0.0229781537768066,252.04247451740974
8391,53.6,0.0229573054053809,251.82193379633907
8392,53.6,0.022936462445354952,251.601436064611
8393,53.6,0.022925852958660356,251.48919280134078
8394,53.6,0.022915989848827353,251.384842533328
8395,53.6,0.02290617868847356,251.28103871631674
8396,53.6,0.022896400456047482,251.17758013978855
8397,53.6,0.022894604062529116,251.15857305914514
8398,53.6,0.02289838280817432,251.19855466767356
8399,53.6,0.02291204631330788,251.34311960760644
8400,53.6,0.022928270759599093,251.51477229659997
8401,53.6,0.022948317223023925,251.72684953826212
8402,53.6,0.02297032371257568,251.95964727311426
8403,53.6,0.0229972514865336,252.24448366807292
8404,53.6,0.02302501346222976,252.53811917488332
8405,53.6,0.02305094695558812,252.81239218073603
8406,53.6,0.023076892398595037,253.0867694963786
8407,53.6,0.023109041981522638,253.42672598934234
8408,53.6,0.023141230862732735,253.7670640832391
8409,53.6,0.023172661682143464,254.0993542979701
8410,53.6,0.02320030080444044,254.3915315031056
8411,53.6,0.02321904361535636,254.58965025507246
8412,53.6,0.023229295072808458,254.69800725080412
8413,53.6,0.023239529568116358,254.80618152330905
8414,53.6,0.02324678700312522,254.8828874520902
8415,53.6,0.023255062739568125,254.9703539973203
8416,53.6,0.023271085248612964,255.1396900733347
8417,53.6,0.02329172739145027,255.3578369836809
8418,53.6,0.023315829852490068,255.61253499879092
8419,53.6,0.023337475998712325,255.84126017323908
8420,53.6,0.023357262949360295,256.0503266326775
8421,53.6,0.023378672682946137,256.276524773657
8422,53.6,0.023403782275789348,256.54179354874304
8423,53.6,0.0234259620931359,256.7760937182236
8424,53.6,0.023443889622261127,256.9654623687287
8425,53.6,0.023464546781710033,257.18365108394516
8426,53.6,0.023485205859648382,257.4018460946539
8427,53.6,0.023504109688267195,257.60149044832673
8428,53.6,0.023519902130844362,257.7682663208532
8429,53.6,0.02353479624158475,257.92554789474906
8430,53.6,0.023549690005491838,258.0828185481306
8431,53.6,0.023564903290999143,258.2434556962677
8432,53.6,0.023579800370712924,258.40074668890276
8433,53.6,0.023594697508100167,258.5580310308526
8434,53.6,0.02360959769530113,258.7153403114384
8435,53.6,0.02362107218864094,258.83647775237955
8436,53.6,0.023636112363290027,258.99525194710105
8437,53.6,0.02365115869578254,259.15408374582603
8438,53.6,0.023661935165841263,259.2678375567463
8439,53.6,0.02367353518993023,259.3902803608851
8440,53.6,0.02368513615889958,259.5127287382143
8441,53.6,0.02370020771024963,259.6718025855658
8442,53.6,0.02371514695140901,259.8294726258701
8443,53.6,0.023730092228972655,259.98719907433434
8444,53.6,0.023745941428808266,260.1544571776004
8445,53.6,0.023761797257196703,260.32177701658964
8446,53.6,0.023777656251673565,260.4891220463736
8447,53.6,0.023794361433485237,260.66538720463154
8448,53.6,0.023814303244053772,260.875791793802
8449,53.6,0.023837192639273072,261.11728011602384
8450,53.6,0.023857180648404593,261.32814415450605
8451,53.6,0.02387717542355721,261.53906651231955
8452,53.6,0.023897176967021243,261.7500472015765
8453,53.6,0.023918779477256992,261.977900562851
8454,53.6,0.023940389310008733,262.2058159091846
8455,53.6,0.02396505506786408,262.46594295631434
8456,53.6,0.023989721565965533,262.72605794274506
8457,53.6,0.024007899727046096,262.91773892145585
8458,53.6,0.024026119278643364,263.1098455205688
8459,53.6,0.024039694004781707,263.2529701253187
8460,53.6,0.024056990797443136,263.4353294806846
8461,53.6,0.02407056156610608,263.57839868583545
8462,53.6,0.02408413112197314,263.7214490951994
8463,53.6,0.024098388177456825,263.8717406595024
8464,53.6,0.024112664937615973,264.02223329480773
8465,53.6,0.02412706534520767,264.17402257125264
8466,53.6,0.024142157578686207,264.3330968622154
8467,53.6,0.024161152150780043,264.53329179582784
8468,53.6,0.02418080103156504,264.7403704867289
8469,53.6,0.0242004468782042,264.94740460954927
8470,53.6,0.02422195031402402,265.1740001615274
8471,53.6,0.02423883571877597,265.3519219753132
8472,53.6,0.024254545202436913,265.5174447378594
8473,53.6,0.02427193991044871,265.7007144550686
8474,53.6,0.02428879505684718,265.8782899680021
8475,53.6,0.024310899345556112,266.11115319468945
8476,53.6,0.024332468979364866,266.3383686082198
8477,53.6,0.02435839733453906,266.6114788998246
8478,53.6,0.02438479819982242,266.88954375166776
8479,53.6,0.02441120812391369,267.16768128743496
8480,53.6,0.024437094143366058,267.4402792368342
8481,53.6,0.024461674782676444,267.69911040813173
8482,53.6,0.024486346392830798,267.9588796978697
8483,53.6,0.024507896409247817,268.18576526237206
8484,53.6,0.024529450813192105,268.41268188925136
8485,53.6,0.0245540324735903,268.6714498613813
8486,53.6,0.024575596270717256,268.89843297355594
8487,53.6,0.02460089992765991,269.1647629908418
8488,53.6,0.02462621223215686,269.4311631703079
8489,53.6,0.02465153333767844,269.69763510803983
8490,53.6,0.02468024285911592,269.9997405023339
8491,53.6,0.024708965685664136,270.30195906021686
8492,53.6,0.02473553178110389,270.5814608219056
8493,53.6,0.02476219975695765,270.862011371358
8494,53.6,0.024787916302586553,271.13253083849423
8495,53.6,0.024813338999913725,271.3999380883581
8496,53.6,0.024838346793772108,271.66296068900857
8497,53.6,0.024863204286743244,271.9243823255765
8498,53.6,0.02488922445941546,272.1980101243291
8499,53.6,0.02491529608244018,272.4721568954468
8500,53.6,0.024941657347194352,272.7493268223441
8501,53.6,0.024968589458927794,273.03247547073994
8502,53.6,0.024995590659501285,273.31632681352005
8503,53.6,0.025022553569710598,273.59975198440895
8504,53.6,0.025049585586347355,273.883879865278
8505,53.6,0.02507278217190428,274.12767540360085
8506,53.6,0.025096219183937955,274.37398006525996
8507,53.6,0.025119667004749456,274.6203804638127
8508,53.6,0.02513906198637974,274.82417828509773
8509,53.6,0.025157492582262953,275.01783125154526
8510,53.6,0.025175929416976644,275.21153873386834
8511,53.6,0.02519109801956386,275.37090010366126
8512,53.6,0.025207162008270674,275.539660256831
8513,53.6,0.0252241428891313,275.71804370710777
8514,53.6,0.025243573236266633,275.92214721553466
8515,53.6,0.025266021143571595,276.1579330274865
8516,53.6,0.0252884794118437,276.393811301026
8517,53.6,0.02531620332146484,276.684971814956
8518,53.6,0.025346366247631508,277.0017189048607
8519,53.6,0.025381843591019547,277.3742360049512
8520,53.6,0.02541733621403098,277.7468726868109
8521,53.6,0.02545385977437391,278.1302905131818
8522,53.6,0.025490605839002027,278.51600049453424
8523,53.6,0.025527366869183544,278.9018237565948
8524,53.6,0.02556312136353389,279.2770409542534
8525,53.6,0.02559215641347613,279.5817120235367
8526,53.6,0.025614719568765428,279.8184532348567
8527,53.6,0.025633513598321778,280.0156347510352
8528,53.6,0.02565403973928538,280.23097600291976
8529,53.6,0.02567457287597957,280.44637699017363
8530,53.6,0.02569511906244065,280.6619012034051
8531,53.6,0.02571133094592711,280.8319500410921
8532,53.6,0.02572459425567976,280.9710645225372
8533,53.6,0.0257354533408588,281.0849576433734
8534,53.6,0.025742842114517762,281.16245098357155
8535,53.6,0.025751912365513756,281.25757721386873
8536,53.6,0.02575704781045819,281.3114351285322
8537,53.6,0.025764997763295293,281.3948084751508
8538,53.6,0.025782485925181852,281.5782044462839
8539,53.6,0.025788943471109868,281.6459213471807
8540,53.6,0.02579661195502297,281.7263349665816
8541,53.6,0.02580880030152752,281.85414106527065
8542,53.6,0.02582397269941702,282.0132309857695
8543,53.6,0.025837728214116788,282.15745776064006
8544,53.6,0.025856608142309945,282.35540411390946
8545,53.6,0.025876983199989673,282.56901318768007
8546,53.6,0.02589737686340003,282.78280386646856
8547,53.6,0.02591563438721872,282.974189566161
8548,53.6,0.025937871324098995,283.2072751567879
8549,53.6,0.025963094998485235,283.47164809648996
8550,53.6,0.025986641025698004,283.7184188003794
8551,53.6,0.02601039446947471,283.9673451308546
8552,53.6,0.026033583753490287,284.2103416937157
8553,53.6,0.02605593098488714,284.4444980745488
8554,53.6,0.026073034141963464,284.62369564419527
8555,53.6,0.026083588793346612,284.7342768161073
8556,53.6,0.0260881652775837,284.78222356066016
8557,53.6,0.026084575693653345,284.744616394824
8558,53.6,0.026075976645367153,284.6545246394077
8559,53.6,0.026073765718825,284.631360497355
8560,53.6,0.026076232759839297,284.6572079711764
8561,53.6,0.02608599041568371,284.7594381306011
8562,53.6,0.026095868908730696,284.86293115546414
8563,53.6,0.026105406572098745,284.96285045019494
8564,53.6,0.026125461339514332,285.1729403472614
8565,53.6,0.026137950439695672,285.3037671955522
8566,53.6,0.02615459691364382,285.4781358679189
8567,53.6,0.026181215401167607,285.7569408875734
8568,53.6,0.026208341881660074,286.0410431227265
8569,53.6,0.026235493115699365,286.32538079577563
8570,53.6,0.026264353512796976,286.6275913345287
8571,53.6,0.02630028643884903,287.0038239794329
8572,53.6,0.026327585154614114,287.28962498079517
8573,53.6,0.02635482866027299,287.5748239696795
8574,53.6,0.026383778303734735,287.8778574167143
8575,53.6,0.026405470600908736,288.10490608994735
8576,53.6,0.02642050652242864,288.26227497609096
8577,53.6,0.026431482203048952,288.3771439808587
8578,53.6,0.026443356265219726,288.501410865451
8579,53.6,0.026450811733089868,288.57943303956944
8580,53.6,0.026454185196219913,288.61473605964903
8581,53.6,0.026457558131095786,288.65003318433344
8582,53.6,0.026460934236522897,288.68536312049474
8583,53.6,0.026464266921195554,288.7202383105724
8584,53.6,0.026471733171506757,288.7983682831865
8585,53.6,0.02648576715245856,288.94522087258065
8586,53.6,0.026501019517596106,289.1048155137744
8587,53.6,0.026519127978110228,289.2942854453493
8588,53.6,0.026538178497152485,289.49360077131166
8589,53.6,0.026557237750425625,289.6929957605295
8590,53.6,0.026575371985724367,289.88270247279513
8591,53.6,0.026594448291368398,290.082252965464
8592,53.6,0.026613648850778902,290.28309137902596
8593,53.6,0.026633767170788143,290.49351683789484
8594,53.6,0.026656020223089192,290.72625510019554
8595,53.6,0.02667525227574319,290.92738473274704
8596,53.6,0.02669608264300718,291.1452161532398
8597,53.6,0.02671659763712266,291.35973591725747
8598,53.6,0.02673712428218777,291.57436393189977
8599,53.6,0.02675534589695433,291.7648790104207
8600,53.6,0.02677357585190835,291.95547057934374
8601,53.6,0.02679680985137346,292.1983631918311
8602,53.6,0.026817389145510198,292.4134884849434
8603,53.6,0.02683440541835869,292.5913574892501
8604,53.6,0.026841872026421024,292.6694020784812
8605,53.6,0.02684933887464513,292.74744738157017
8606,53.6,0.026859483038099253,292.8534737527705
8607,53.6,0.026869629175452613,292.95951743868807
8608,53.6,0.026880693562138135,293.0751545476185
8609,53.6,0.026897731524550304,293.2532155136892
8610,53.6,0.02691731749014178,293.4578936920134
8611,53.6,0.026940098297494875,293.6959432122398
8612,53.6,0.026963157418957717,293.9368839721113
8613,53.6,0.026976905447973834,294.08052659435606
8614,53.6,0.026989550170767464,294.2126362419348
8615,53.6,0.02700193027342172,294.34197620103475
8616,53.6,0.02701226175000865,294.44990955432996
8617,53.6,0.02702349475881348,294.56725735166395
8618,53.6,0.027033974251329435,294.6767297327896
8619,53.6,0.027045360462534276,294.7956700015662
8620,53.6,0.02705586997274131,294.9054485551282
8621,53.6,0.027063386257150813,294.9839587708291
8622,53.6,0.02707090940685126,295.0625388759382
8623,53.6,0.027078439428113336,295.14118893102716
8624,53.6,0.02708591644436154,295.2192835501421
8625,53.6,0.02709346017288548,295.29807313038026
8626,53.6,0.027099773422148296,295.3640097077631
8627,53.6,0.027104002929760028,295.4081826390665
8628,53.6,0.027105073447662865,295.4193630250541
8629,53.6,0.02710462240639159,295.4146523979055
8630,53.6,0.027102536527516322,295.39286761524784
8631,53.6,0.02709856815869155,295.3514218439808
8632,53.6,0.027098020354505516,295.3457005196845
8633,53.6,0.027097846864492823,295.34388856980684
8634,53.6,0.027095774690951858,295.32224647337233
8635,53.6,0.027093701817896804,295.3005969328434
8636,53.6,0.027091644562691142,295.27911037182844
8637,53.6,0.027091109322916602,295.2735201524046
8638,53.6,0.027094152883899575,295.30530797681496
8639,53.6,0.027095349816165272,295.3178089992425
8640,53.6,0.027100095428708712,295.36737276100996
8641,53.6,0.02710262648546861,295.3938071331118
8642,53.6,0.02710670223306379,295.4363738323378
8643,53.6,0.02711285418417924,295.50062318051545
8644,53.6,0.027119017842929777,295.56499357871945
8645,53.6,0.027124563238611003,295.6229060789386
8646,53.6,0.027135092448551962,295.73286356563784
8647,53.6,0.02714558127464328,295.84239577331266
8648,53.6,0.027152545810535098,295.91512273753625
8649,53.6,0.027159520437585204,295.98795351435336
8650,53.6,0.02716391735666808,296.0338664241154
8651,53.6,0.027168315168598318,296.0797880348538
8652,53.6,0.027171393798652882,296.1119344806019
8653,53.6,0.027175649084887357,296.1563668352997
8654,53.6,0.027175955736675472,296.1595687739028
8655,53.6,0.027179109083029826,296.1924946135484
8656,53.6,0.027186033488340398,296.2647950505146
8657,53.6,0.027197150582103185,296.38086976909756
8658,53.6,0.02720986107865517,296.51357649871795
8659,53.6,0.02722121014210611,296.63206449557345
8660,53.6,0.027232561001243067,296.7505670961389
8661,53.6,0.027246764496748125,296.898845290742
8662,53.6,0.027260990582631307,297.0473528152511
8663,53.6,0.027274045273573973,297.1836263049706
8664,53.6,0.027285192983384145,297.2999891276181
8665,53.6,0.02729490548865964,297.40136763812257
8666,53.6,0.02730461729210904,297.5027357901787
8667,53.6,0.02731433464740256,297.6041588551084
8668,53.6,0.02732549054570737,297.7205926983415
8669,53.6,0.02733783784871122,297.8494565389903
8670,53.6,0.027350109857862483,297.9775297116181
8671,53.6,0.02736362217571638,298.11854139717593
8672,53.6,0.027377140740583443,298.2596124022953
8673,53.6,0.027390665555351794,298.4007427493364
8674,53.6,0.027401599847731876,298.5148369072272
8675,53.6,0.027408327404508104,298.5850338638286
8676,53.6,0.02741269774669406,298.63063429320226
8677,53.6,0.027418238680180652,298.6884478645122
8678,53.6,0.027423735860382048,298.7458039432512
8679,53.6,0.027425965989074815,298.7690722208243
8680,53.6,0.027428380900349398,298.79426826627855
8681,53.6,0.027438376857718903,298.8985593785142
8682,53.6,0.02745423014529384,299.06395536021216
8683,53.6,0.027475123887833623,299.28192563933806
8684,53.6,0.02749843490960879,299.5250972044378
8685,53.6,0.02752428219755994,299.7947057093414
8686,53.6,0.027551326000714187,300.0767718817861
8687,53.6,0.027578396717045116,300.3590952344696
8688,53.6,0.02760794801481064,300.6672619668137
8689,53.6,0.027638605886687772,300.98693863793574
8690,53.6,0.027666881238111698,301.2817454736099
8691,53.6,0.027700955258925183,301.63697678504457
8692,53.6,0.02773616386147364,302.00399728860975
8693,53.6,0.027767635822173824,302.3320327275159
8694,53.6,0.027800182753782893,302.67123927219797
8695,53.6,0.027834598951193345,303.02989047958744
8696,53.6,0.027867219744059857,303.36979670590546
8697,53.6,0.027895587882849508,303.6653628521106
8698,53.6,0.027920309294591078,303.92291289918245
8699,53.6,0.02794101290935784,304.13859007441687
8700,53.6,0.027960760527915424,304.3442954810253
8701,53.6,0.027976321141982348,304.5063772297266
8702,53.6,0.027991887037782583,304.668506228787
8703,53.6,0.028007458217108913,304.8306824895308
8704,53.6,0.028024174419733983,305.0047756979244
8705,53.6,0.028045123455934205,305.2229396953077
8706,53.6,0.028068198569454573,305.4632284610348
8707,53.6,0.02809624832587767,305.75529685102197
8708,53.6,0.028125238543063286,306.0571313122138
8709,53.6,0.028156109794000087,306.3785207426133
8710,53.6,0.028185134496724933,306.680658589018
8711,53.6,0.028219813892956108,307.0416246097752
8712,53.6,0.028258986848226548,307.44931624345713
8713,53.6,0.028294659295068397,307.820533682286
8714,53.6,0.028334954344573785,308.2398062284083
8715,53.6,0.028373451579887212,308.6403238714095
8716,53.6,0.028411967356767102,309.0409869664607
8717,53.6,0.02844815858191622,309.41742550326256
8718,53.6,0.028486691361954454,309.81817338794684
8719,53.6,0.028525259368382575,310.21924008905137
8720,53.6,0.028563556740247645,310.6174454170629
8721,53.6,0.028594873214330463,310.9430304841093
8722,53.6,0.028622629926169534,311.23157989945025
8723,53.6,0.028643577627055036,311.4493288308958
8724,53.6,0.02865771297823062,311.5962562505376
8725,53.6,0.028662368795185682,311.64464892260236
8726,53.6,0.028670959419160525,311.73393825437756
8727,53.6,0.028674981220123866,311.77573928772335
8728,53.6,0.028679012637116558,311.81763974769717
8729,53.6,0.028687610121542126,311.9069958129231
8730,53.6,0.028695247616417507,311.98637245702014
8731,53.6,0.028702885440650302,312.0657506605228
8732,53.6,0.028709518588050126,312.13468596980186
8733,53.6,0.02871615201700471,312.20362279954486
8734,53.6,0.02872982132991442,312.3456744745402
8735,53.6,0.028742465254945185,312.47706499201865
8736,53.6,0.02875796697464931,312.6381455796924
8737,53.6,0.028773474349429624,312.79927725119774
8738,53.6,0.028789004972549163,312.9606427910068
8739,53.6,0.028805582960033525,313.13288210723925
8740,53.6,0.02882216861185107,313.3051922716141
8741,53.6,0.02883876144451254,313.4775682499873
8742,53.6,0.028855361044799008,313.65000573918974
8743,53.6,0.028871967807353825,313.82250882839645
8744,53.6,0.028888581065751734,313.99507058491474
8745,53.6,0.02890387561589028,314.1539271430106
8746,53.6,0.02891916087500464,314.31267974097136
8747,53.6,0.02893071239625814,314.4326488159727
8748,53.6,0.02893910672885909,314.519826031396
8749,53.6,0.028946101329636053,314.5924649689997
8750,53.6,0.02894962537857098,314.62906163006664
8751,53.6,0.028954414665122608,314.6787969377575
8752,53.6,0.02896378555672735,314.7761087259113
8753,53.6,0.028980462584181733,314.9492839678298
8754,53.6,0.029002243019246202,315.1754399350581
8755,53.6,0.029024035084403564,315.401701516932
8756,53.6,0.029045995698926633,315.62969778035693
8757,53.6,0.02907356616688974,315.91591406170903
8758,53.6,0.029097611766697496,316.1655179686868
8759,53.6,0.029123313896403855,316.4322969989686
8760,53.6,0.02914738904188832,316.68216940286595
